2026-07-24 19:42:56 | DEBUG    | asyncio | [-] | Using proactor: IocpProactor
2026-07-24 19:42:56 | INFO     | services.langfuse_tracing | [-] | Langfuse tracing handler initialized.
2026-07-24 19:42:56 | INFO     | api | [-] | LangGraph RAG API ready.
2026-07-24 19:42:59 | DEBUG    | pymongo.topology | [-] | {"message": "Server heartbeat succeeded", "topologyId": {"$oid": "6a6379e981fbeaa746fb0631"}, "driverConnectionId": 1, "serverConnectionId": 8, "serverHost": "127.0.0.1", "serverPort": 27017, "awaited": true, "durationMS": 10001.959400018677, "reply": "{\"topologyVersion\": {\"processId\": {\"$oid\": \"6a6379ca3fbe2565cad92aab\"}, \"counter\": 6}, \"hosts\": [\"127.0.0.1:27017\"], \"setName\": \"rs0\", \"setVersion\": 1, \"isWritablePrimary\": true, \"primary\": \"127.0.0.1:27017\", \"me\": \"127.0.0.1:27017\", \"electionId\": {\"$oid\": \"7fffffff0000000000000009\"}, \"lastWrite\": {\"opTime\": {\"ts\": {\"$timestamp\": {\"t\": 1784904179, \"i\": 1}}, \"t\": 9}, \"lastWriteDate\": {\"$date\": \"2026-07-24T14:42:59Z\"}, \"majorityOpTime\": {\"ts\": {\"$timestamp\": {\"t\": 1784904179, \"i\": 1}}, \"t\": 9}, \"majorityWriteDate\": {\"$date\": \"2026-07-24T14:42:59Z\"}}, \"maxBsonObjectSize\": 16777216, \"maxMessageSizeBytes\": 48000000, \"maxWriteBatchSize\": 100000, \"localTime\": {\"$date\": \"2026-07-24T14:42:59.485Z\"}, \"logicalSessionTimeoutMinutes\": 30, \"connectionId\": 8, \"maxWireVersion\": 28, \"ok\": 1.0, \"$clusterTime\": {\"clusterTime\": {\"$timestamp\": {\"t\": 1784904179, \"i\": 1}}, \"signature\": {\"hash\": {\"$binary\": {\"base64\": \"AAAAAAAAAAAAAAAAAAAAAAAAAAA=\", \"subType\": \"00\"}}}}, \"operationTime\": {\"$timestamp\": {\"t\": 1..."}
2026-07-24 19:42:59 | DEBUG    | pymongo.topology | [-] | {"message": "Server heartbeat started", "topologyId": {"$oid": "6a6379e981fbeaa746fb0631"}, "driverConnectionId": 1, "serverConnectionId": 8, "serverHost": "127.0.0.1", "serverPort": 27017, "awaited": true}
2026-07-24 19:43:01 | DEBUG    | urllib3.connectionpool | [-] | Starting new HTTP connection (1): localhost:3000
2026-07-24 19:43:03 | DEBUG    | urllib3.connectionpool | [-] | http://localhost:3000 "POST /api/public/otel/v1/traces HTTP/1.1" 200 None
2026-07-24 19:43:08 | DEBUG    | urllib3.connectionpool | [-] | http://localhost:3000 "POST /api/public/otel/v1/traces HTTP/1.1" 200 None
2026-07-24 19:43:09 | DEBUG    | pymongo.topology | [-] | {"message": "Server heartbeat succeeded", "topologyId": {"$oid": "6a6379e981fbeaa746fb0631"}, "driverConnectionId": 1, "serverConnectionId": 8, "serverHost": "127.0.0.1", "serverPort": 27017, "awaited": true, "durationMS": 9998.934400035068, "reply": "{\"topologyVersion\": {\"processId\": {\"$oid\": \"6a6379ca3fbe2565cad92aab\"}, \"counter\": 6}, \"hosts\": [\"127.0.0.1:27017\"], \"setName\": \"rs0\", \"setVersion\": 1, \"isWritablePrimary\": true, \"primary\": \"127.0.0.1:27017\", \"me\": \"127.0.0.1:27017\", \"electionId\": {\"$oid\": \"7fffffff0000000000000009\"}, \"lastWrite\": {\"opTime\": {\"ts\": {\"$timestamp\": {\"t\": 1784904189, \"i\": 1}}, \"t\": 9}, \"lastWriteDate\": {\"$date\": \"2026-07-24T14:43:09Z\"}, \"majorityOpTime\": {\"ts\": {\"$timestamp\": {\"t\": 1784904189, \"i\": 1}}, \"t\": 9}, \"majorityWriteDate\": {\"$date\": \"2026-07-24T14:43:09Z\"}}, \"maxBsonObjectSize\": 16777216, \"maxMessageSizeBytes\": 48000000, \"maxWriteBatchSize\": 100000, \"localTime\": {\"$date\": \"2026-07-24T14:43:09.485Z\"}, \"logicalSessionTimeoutMinutes\": 30, \"connectionId\": 8, \"maxWireVersion\": 28, \"ok\": 1.0, \"$clusterTime\": {\"clusterTime\": {\"$timestamp\": {\"t\": 1784904189, \"i\": 1}}, \"signature\": {\"hash\": {\"$binary\": {\"base64\": \"AAAAAAAAAAAAAAAAAAAAAAAAAAA=\", \"subType\": \"00\"}}}}, \"operationTime\": {\"$timestamp\": {\"t\": 1..."}
2026-07-24 19:43:09 | DEBUG    | pymongo.topology | [-] | {"message": "Server heartbeat started", "topologyId": {"$oid": "6a6379e981fbeaa746fb0631"}, "driverConnectionId": 1, "serverConnectionId": 8, "serverHost": "127.0.0.1", "serverPort": 27017, "awaited": true}
2026-07-24 19:43:13 | DEBUG    | urllib3.connectionpool | [-] | http://localhost:3000 "POST /api/public/otel/v1/traces HTTP/1.1" 200 None
2026-07-24 19:43:18 | DEBUG    | urllib3.connectionpool | [-] | http://localhost:3000 "POST /api/public/otel/v1/traces HTTP/1.1" 200 None
2026-07-24 19:43:19 | DEBUG    | pymongo.topology | [-] | {"message": "Server heartbeat succeeded", "topologyId": {"$oid": "6a6379e981fbeaa746fb0631"}, "driverConnectionId": 1, "serverConnectionId": 8, "serverHost": "127.0.0.1", "serverPort": 27017, "awaited": true, "durationMS": 10000.35139999818, "reply": "{\"topologyVersion\": {\"processId\": {\"$oid\": \"6a6379ca3fbe2565cad92aab\"}, \"counter\": 6}, \"hosts\": [\"127.0.0.1:27017\"], \"setName\": \"rs0\", \"setVersion\": 1, \"isWritablePrimary\": true, \"primary\": \"127.0.0.1:27017\", \"me\": \"127.0.0.1:27017\", \"electionId\": {\"$oid\": \"7fffffff0000000000000009\"}, \"lastWrite\": {\"opTime\": {\"ts\": {\"$timestamp\": {\"t\": 1784904199, \"i\": 1}}, \"t\": 9}, \"lastWriteDate\": {\"$date\": \"2026-07-24T14:43:19Z\"}, \"majorityOpTime\": {\"ts\": {\"$timestamp\": {\"t\": 1784904199, \"i\": 1}}, \"t\": 9}, \"majorityWriteDate\": {\"$date\": \"2026-07-24T14:43:19Z\"}}, \"maxBsonObjectSize\": 16777216, \"maxMessageSizeBytes\": 48000000, \"maxWriteBatchSize\": 100000, \"localTime\": {\"$date\": \"2026-07-24T14:43:19.486Z\"}, \"logicalSessionTimeoutMinutes\": 30, \"connectionId\": 8, \"maxWireVersion\": 28, \"ok\": 1.0, \"$clusterTime\": {\"clusterTime\": {\"$timestamp\": {\"t\": 1784904199, \"i\": 1}}, \"signature\": {\"hash\": {\"$binary\": {\"base64\": \"AAAAAAAAAAAAAAAAAAAAAAAAAAA=\", \"subType\": \"00\"}}}}, \"operationTime\": {\"$timestamp\": {\"t\": 1..."}
2026-07-24 19:43:19 | DEBUG    | pymongo.topology | [-] | {"message": "Server heartbeat started", "topologyId": {"$oid": "6a6379e981fbeaa746fb0631"}, "driverConnectionId": 1, "serverConnectionId": 8, "serverHost": "127.0.0.1", "serverPort": 27017, "awaited": true}
2026-07-24 19:43:23 | DEBUG    | urllib3.connectionpool | [-] | http://localhost:3000 "POST /api/public/otel/v1/traces HTTP/1.1" 200 None
2026-07-24 19:43:24 | INFO     | app_workflow.ingestion.ingestion_requests | [-] | Ingestion run: marker_loader=True, custom_splitter=True
2026-07-24 19:43:24 | INFO     | app_workflow.ingestion.marker_loader | [-] | Marker service at http://localhost:8002/convert. Converting 1 PDF(s).
2026-07-24 19:43:24 | DEBUG    | urllib3.connectionpool | [-] | Starting new HTTP connection (1): localhost:8002
2026-07-24 19:43:28 | DEBUG    | urllib3.connectionpool | [-] | http://localhost:3000 "POST /api/public/otel/v1/traces HTTP/1.1" 200 None
2026-07-24 19:43:29 | DEBUG    | pymongo.topology | [-] | {"message": "Server heartbeat succeeded", "topologyId": {"$oid": "6a6379e981fbeaa746fb0631"}, "driverConnectionId": 1, "serverConnectionId": 8, "serverHost": "127.0.0.1", "serverPort": 27017, "awaited": true, "durationMS": 9996.264799963683, "reply": "{\"topologyVersion\": {\"processId\": {\"$oid\": \"6a6379ca3fbe2565cad92aab\"}, \"counter\": 6}, \"hosts\": [\"127.0.0.1:27017\"], \"setName\": \"rs0\", \"setVersion\": 1, \"isWritablePrimary\": true, \"primary\": \"127.0.0.1:27017\", \"me\": \"127.0.0.1:27017\", \"electionId\": {\"$oid\": \"7fffffff0000000000000009\"}, \"lastWrite\": {\"opTime\": {\"ts\": {\"$timestamp\": {\"t\": 1784904209, \"i\": 1}}, \"t\": 9}, \"lastWriteDate\": {\"$date\": \"2026-07-24T14:43:29Z\"}, \"majorityOpTime\": {\"ts\": {\"$timestamp\": {\"t\": 1784904209, \"i\": 1}}, \"t\": 9}, \"majorityWriteDate\": {\"$date\": \"2026-07-24T14:43:29Z\"}}, \"maxBsonObjectSize\": 16777216, \"maxMessageSizeBytes\": 48000000, \"maxWriteBatchSize\": 100000, \"localTime\": {\"$date\": \"2026-07-24T14:43:29.487Z\"}, \"logicalSessionTimeoutMinutes\": 30, \"connectionId\": 8, \"maxWireVersion\": 28, \"ok\": 1.0, \"$clusterTime\": {\"clusterTime\": {\"$timestamp\": {\"t\": 1784904209, \"i\": 1}}, \"signature\": {\"hash\": {\"$binary\": {\"base64\": \"AAAAAAAAAAAAAAAAAAAAAAAAAAA=\", \"subType\": \"00\"}}}}, \"operationTime\": {\"$timestamp\": {\"t\": 1..."}
2026-07-24 19:43:29 | DEBUG    | pymongo.topology | [-] | {"message": "Server heartbeat started", "topologyId": {"$oid": "6a6379e981fbeaa746fb0631"}, "driverConnectionId": 1, "serverConnectionId": 8, "serverHost": "127.0.0.1", "serverPort": 27017, "awaited": true}
2026-07-24 19:43:33 | DEBUG    | urllib3.connectionpool | [-] | http://localhost:3000 "POST /api/public/otel/v1/traces HTTP/1.1" 200 None
2026-07-24 19:43:38 | DEBUG    | urllib3.connectionpool | [-] | http://localhost:3000 "POST /api/public/otel/v1/traces HTTP/1.1" 200 None
2026-07-24 19:43:39 | DEBUG    | pymongo.topology | [-] | {"message": "Server heartbeat succeeded", "topologyId": {"$oid": "6a6379e981fbeaa746fb0631"}, "driverConnectionId": 1, "serverConnectionId": 8, "serverHost": "127.0.0.1", "serverPort": 27017, "awaited": true, "durationMS": 9999.400600092486, "reply": "{\"topologyVersion\": {\"processId\": {\"$oid\": \"6a6379ca3fbe2565cad92aab\"}, \"counter\": 6}, \"hosts\": [\"127.0.0.1:27017\"], \"setName\": \"rs0\", \"setVersion\": 1, \"isWritablePrimary\": true, \"primary\": \"127.0.0.1:27017\", \"me\": \"127.0.0.1:27017\", \"electionId\": {\"$oid\": \"7fffffff0000000000000009\"}, \"lastWrite\": {\"opTime\": {\"ts\": {\"$timestamp\": {\"t\": 1784904219, \"i\": 1}}, \"t\": 9}, \"lastWriteDate\": {\"$date\": \"2026-07-24T14:43:39Z\"}, \"majorityOpTime\": {\"ts\": {\"$timestamp\": {\"t\": 1784904219, \"i\": 1}}, \"t\": 9}, \"majorityWriteDate\": {\"$date\": \"2026-07-24T14:43:39Z\"}}, \"maxBsonObjectSize\": 16777216, \"maxMessageSizeBytes\": 48000000, \"maxWriteBatchSize\": 100000, \"localTime\": {\"$date\": \"2026-07-24T14:43:39.488Z\"}, \"logicalSessionTimeoutMinutes\": 30, \"connectionId\": 8, \"maxWireVersion\": 28, \"ok\": 1.0, \"$clusterTime\": {\"clusterTime\": {\"$timestamp\": {\"t\": 1784904219, \"i\": 1}}, \"signature\": {\"hash\": {\"$binary\": {\"base64\": \"AAAAAAAAAAAAAAAAAAAAAAAAAAA=\", \"subType\": \"00\"}}}}, \"operationTime\": {\"$timestamp\": {\"t\": 1..."}
2026-07-24 19:43:39 | DEBUG    | pymongo.topology | [-] | {"message": "Server heartbeat started", "topologyId": {"$oid": "6a6379e981fbeaa746fb0631"}, "driverConnectionId": 1, "serverConnectionId": 8, "serverHost": "127.0.0.1", "serverPort": 27017, "awaited": true}
2026-07-24 19:43:40 | DEBUG    | urllib3.connectionpool | [-] | http://localhost:8002 "POST /convert HTTP/1.1" 200 66850
2026-07-24 19:43:40 | INFO     | app_workflow.ingestion.marker_loader | [-] | Marker converted pdfs\Autism spectrum disorder definition, epidemiology, causes, and clinical evaluation.pdf (66406 chars)
2026-07-24 19:43:40 | INFO     | app_workflow.ingestion.marker_loader | [-] | Marker loaded 1 of 1 PDF(s)
2026-07-24 19:43:40 | INFO     | app_workflow.ingestion.custom_splitter | [-] | Split 1 documents into 42 chunks
2026-07-24 19:43:40 | DEBUG    | httpcore.connection | [-] | close.started
2026-07-24 19:43:40 | DEBUG    | httpcore.connection | [-] | close.complete
2026-07-24 19:43:40 | DEBUG    | httpcore.connection | [-] | connect_tcp.started host='huggingface.co' port=443 local_address=None timeout=10 socket_options=None
2026-07-24 19:43:40 | DEBUG    | httpcore.connection | [-] | connect_tcp.complete return_value=<httpcore._backends.sync.SyncStream object at 0x000001B767D2FD90>
2026-07-24 19:43:40 | DEBUG    | httpcore.connection | [-] | start_tls.started ssl_context=<ssl.SSLContext object at 0x000001B759E6A750> server_hostname='huggingface.co' timeout=10
2026-07-24 19:43:40 | DEBUG    | httpcore.connection | [-] | start_tls.complete return_value=<httpcore._backends.sync.SyncStream object at 0x000001B76823A3F0>
2026-07-24 19:43:40 | DEBUG    | httpcore.http11 | [-] | send_request_headers.started request=<Request [b'HEAD']>
2026-07-24 19:43:40 | DEBUG    | httpcore.http11 | [-] | send_request_headers.complete
2026-07-24 19:43:40 | DEBUG    | httpcore.http11 | [-] | send_request_body.started request=<Request [b'HEAD']>
2026-07-24 19:43:40 | DEBUG    | httpcore.http11 | [-] | send_request_body.complete
2026-07-24 19:43:40 | DEBUG    | httpcore.http11 | [-] | receive_response_headers.started request=<Request [b'HEAD']>
2026-07-24 19:43:41 | DEBUG    | httpcore.http11 | [-] | receive_response_headers.complete return_value=(b'HTTP/1.1', 307, b'Temporary Redirect', [(b'Content-Type', b'text/plain; charset=utf-8'), (b'Content-Length', b'282'), (b'Connection', b'keep-alive'), (b'Date', b'Fri, 24 Jul 2026 14:43:41 GMT'), (b'Location', b'/api/resolve-cache/models/sentence-transformers/all-MiniLM-L6-v2/1110a243fdf4706b3f48f1d95db1a4f5529b4d41/modules.json?%2Fsentence-transformers%2Fall-MiniLM-L6-v2%2Fresolve%2Fmain%2Fmodules.json=&etag=%22952a9b81c0bfd99800fabf352f69c7ccd46c5e43%22'), (b'X-Powered-By', b'huggingface-moon'), (b'X-Request-Id', b'Root=1-6a637a1d-44f8e50524a12f517aa747a7;e77f3979-bd66-4b7f-9ed5-b543758b9529'), (b'RateLimit', b'"resolvers";r=4965;t=202'), (b'RateLimit-Policy', b'"fixed window";"resolvers";q=5000;w=300'), (b'cross-origin-opener-policy', b'same-origin'), (b'Referrer-Policy', b'strict-origin-when-cross-origin'), (b'Access-Control-Max-Age', b'86400'), (b'Access-Control-Allow-Origin', b'https://huggingface.co'), (b'Vary', b'Origin, Accept'), (b'Access-Control-Expose-Headers', b'X-Repo-Commit,X-Request-Id,X-Error-Code,X-Error-Message,X-Total-Count,ETag,Link,Accept-Ranges,Content-Range,X-Linked-Size,X-Linked-ETag,X-Xet-Hash'), (b'X-Repo-Commit', b'1110a243fdf4706b3f48f1d95db1a4f5529b4d41'), (b'Accept-Ranges', b'bytes'), (b'X-Hub-Cache', b'HIT'), (b'Content-Disposition', b'inline; filename*=UTF-8\'\'modules.json; filename="modules.json";'), (b'Content-Security-Policy', b"default-src 'none'; sandbox"), (b'X-Linked-ETag', b'"952a9b81c0bfd99800fabf352f69c7ccd46c5e43"'), (b'X-Cache', b'Miss from cloudfront'), (b'Via', b'1.1 d2f8b3f0410f4074bd8093467eb47412.cloudfront.net (CloudFront)'), (b'X-Amz-Cf-Pop', b'DXB53-P3'), (b'Alt-Svc', b'h3=":443"; ma=86400'), (b'X-Amz-Cf-Id', b'ib0fq0ypMzej1rNUVlRZgUa7BPjkYCdYztzcilfX_9IPwkZzegZ2Bw==')])
2026-07-24 19:43:41 | DEBUG    | httpcore.http11 | [-] | receive_response_body.started request=<Request [b'HEAD']>
2026-07-24 19:43:41 | DEBUG    | httpcore.http11 | [-] | receive_response_body.complete
2026-07-24 19:43:41 | DEBUG    | httpcore.http11 | [-] | response_closed.started
2026-07-24 19:43:41 | DEBUG    | httpcore.http11 | [-] | response_closed.complete
2026-07-24 19:43:41 | DEBUG    | httpcore.http11 | [-] | send_request_headers.started request=<Request [b'HEAD']>
2026-07-24 19:43:41 | DEBUG    | httpcore.http11 | [-] | send_request_headers.complete
2026-07-24 19:43:41 | DEBUG    | httpcore.http11 | [-] | send_request_body.started request=<Request [b'HEAD']>
2026-07-24 19:43:41 | DEBUG    | httpcore.http11 | [-] | send_request_body.complete
2026-07-24 19:43:41 | DEBUG    | httpcore.http11 | [-] | receive_response_headers.started request=<Request [b'HEAD']>
2026-07-24 19:43:41 | DEBUG    | httpcore.http11 | [-] | receive_response_headers.complete return_value=(b'HTTP/1.1', 200, b'OK', [(b'Content-Type', b'text/plain; charset=utf-8'), (b'Content-Length', b'349'), (b'Connection', b'keep-alive'), (b'Date', b'Fri, 24 Jul 2026 11:05:00 GMT'), (b'ETag', b'"952a9b81c0bfd99800fabf352f69c7ccd46c5e43"'), (b'X-Powered-By', b'huggingface-moon'), (b'X-Request-Id', b'Root=1-6a6346dc-3877cf505bdf81c970f0eaa9;fb14e219-d75e-49dc-a659-5d63da62bf45'), (b'RateLimit', b'"resolvers";r=4998;t=123'), (b'RateLimit-Policy', b'"fixed window";"resolvers";q=5000;w=300'), (b'cross-origin-opener-policy', b'same-origin'), (b'Referrer-Policy', b'strict-origin-when-cross-origin'), (b'Access-Control-Max-Age', b'86400'), (b'Access-Control-Allow-Origin', b'https://huggingface.co'), (b'Access-Control-Expose-Headers', b'X-Repo-Commit,X-Request-Id,X-Error-Code,X-Error-Message,X-Total-Count,ETag,Link,Accept-Ranges,Content-Range,X-Linked-Size,X-Linked-ETag,X-Xet-Hash'), (b'X-Repo-Commit', b'1110a243fdf4706b3f48f1d95db1a4f5529b4d41'), (b'Accept-Ranges', b'bytes'), (b'X-Hub-Cache', b'HIT'), (b'Content-Disposition', b'inline; filename*=UTF-8\'\'modules.json; filename="modules.json";'), (b'Content-Security-Policy', b"default-src 'none'; sandbox"), (b'Vary', b'Origin'), (b'X-Cache', b'Hit from cloudfront'), (b'Via', b'1.1 d2f8b3f0410f4074bd8093467eb47412.cloudfront.net (CloudFront)'), (b'X-Amz-Cf-Pop', b'DXB53-P3'), (b'Alt-Svc', b'h3=":443"; ma=86400'), (b'X-Amz-Cf-Id', b'RQzREi_UNw-LrEXwhvxA4alXGCAkhk1hn2ATaGBHxVJEseM3rqjtpw=='), (b'Age', b'13121')])
2026-07-24 19:43:41 | DEBUG    | httpcore.http11 | [-] | receive_response_body.started request=<Request [b'HEAD']>
2026-07-24 19:43:41 | DEBUG    | httpcore.http11 | [-] | receive_response_body.complete
2026-07-24 19:43:41 | DEBUG    | httpcore.http11 | [-] | response_closed.started
2026-07-24 19:43:41 | DEBUG    | httpcore.http11 | [-] | response_closed.complete
2026-07-24 19:43:41 | DEBUG    | httpcore.http11 | [-] | send_request_headers.started request=<Request [b'HEAD']>
2026-07-24 19:43:41 | DEBUG    | httpcore.http11 | [-] | send_request_headers.complete
2026-07-24 19:43:41 | DEBUG    | httpcore.http11 | [-] | send_request_body.started request=<Request [b'HEAD']>
2026-07-24 19:43:41 | DEBUG    | httpcore.http11 | [-] | send_request_body.complete
2026-07-24 19:43:41 | DEBUG    | httpcore.http11 | [-] | receive_response_headers.started request=<Request [b'HEAD']>
2026-07-24 19:43:41 | DEBUG    | httpcore.http11 | [-] | receive_response_headers.complete return_value=(b'HTTP/1.1', 307, b'Temporary Redirect', [(b'Content-Type', b'text/plain; charset=utf-8'), (b'Content-Length', b'324'), (b'Connection', b'keep-alive'), (b'Date', b'Fri, 24 Jul 2026 14:43:41 GMT'), (b'Location', b'/api/resolve-cache/models/sentence-transformers/all-MiniLM-L6-v2/1110a243fdf4706b3f48f1d95db1a4f5529b4d41/config_sentence_transformers.json?%2Fsentence-transformers%2Fall-MiniLM-L6-v2%2Fresolve%2Fmain%2Fconfig_sentence_transformers.json=&etag=%22fd1b291129c607e5d49799f87cb219b27f98acdf%22'), (b'X-Powered-By', b'huggingface-moon'), (b'X-Request-Id', b'Root=1-6a637a1d-7f195061575befd15c58f8fc;21601b59-fbda-471f-8f25-74038bea5e6c'), (b'RateLimit', b'"resolvers";r=4964;t=202'), (b'RateLimit-Policy', b'"fixed window";"resolvers";q=5000;w=300'), (b'cross-origin-opener-policy', b'same-origin'), (b'Referrer-Policy', b'strict-origin-when-cross-origin'), (b'Access-Control-Max-Age', b'86400'), (b'Access-Control-Allow-Origin', b'https://huggingface.co'), (b'Vary', b'Origin, Accept'), (b'Access-Control-Expose-Headers', b'X-Repo-Commit,X-Request-Id,X-Error-Code,X-Error-Message,X-Total-Count,ETag,Link,Accept-Ranges,Content-Range,X-Linked-Size,X-Linked-ETag,X-Xet-Hash'), (b'X-Repo-Commit', b'1110a243fdf4706b3f48f1d95db1a4f5529b4d41'), (b'Accept-Ranges', b'bytes'), (b'X-Hub-Cache', b'HIT'), (b'Content-Disposition', b'inline; filename*=UTF-8\'\'config_sentence_transformers.json; filename="config_sentence_transformers.json";'), (b'Content-Security-Policy', b"default-src 'none'; sandbox"), (b'X-Linked-ETag', b'"fd1b291129c607e5d49799f87cb219b27f98acdf"'), (b'X-Cache', b'Miss from cloudfront'), (b'Via', b'1.1 d2f8b3f0410f4074bd8093467eb47412.cloudfront.net (CloudFront)'), (b'X-Amz-Cf-Pop', b'DXB53-P3'), (b'Alt-Svc', b'h3=":443"; ma=86400'), (b'X-Amz-Cf-Id', b'GGIN3rWdDj7Y5-VHq46KgK0r4UV0hN4E1QyMHRKqDusKws4Dz_pLKQ==')])
2026-07-24 19:43:41 | DEBUG    | httpcore.http11 | [-] | receive_response_body.started request=<Request [b'HEAD']>
2026-07-24 19:43:41 | DEBUG    | httpcore.http11 | [-] | receive_response_body.complete
2026-07-24 19:43:41 | DEBUG    | httpcore.http11 | [-] | response_closed.started
2026-07-24 19:43:41 | DEBUG    | httpcore.http11 | [-] | response_closed.complete
2026-07-24 19:43:41 | DEBUG    | httpcore.http11 | [-] | send_request_headers.started request=<Request [b'HEAD']>
2026-07-24 19:43:41 | DEBUG    | httpcore.http11 | [-] | send_request_headers.complete
2026-07-24 19:43:41 | DEBUG    | httpcore.http11 | [-] | send_request_body.started request=<Request [b'HEAD']>
2026-07-24 19:43:41 | DEBUG    | httpcore.http11 | [-] | send_request_body.complete
2026-07-24 19:43:41 | DEBUG    | httpcore.http11 | [-] | receive_response_headers.started request=<Request [b'HEAD']>
2026-07-24 19:43:41 | DEBUG    | httpcore.http11 | [-] | receive_response_headers.complete return_value=(b'HTTP/1.1', 200, b'OK', [(b'Content-Type', b'text/plain; charset=utf-8'), (b'Content-Length', b'116'), (b'Connection', b'keep-alive'), (b'Date', b'Fri, 24 Jul 2026 11:05:00 GMT'), (b'ETag', b'"fd1b291129c607e5d49799f87cb219b27f98acdf"'), (b'X-Powered-By', b'huggingface-moon'), (b'X-Request-Id', b'Root=1-6a6346dc-135028ba705308a561d2aefd;a2c24613-bbe6-470e-a080-4ef2f5312102'), (b'RateLimit', b'"resolvers";r=4996;t=123'), (b'RateLimit-Policy', b'"fixed window";"resolvers";q=5000;w=300'), (b'cross-origin-opener-policy', b'same-origin'), (b'Referrer-Policy', b'strict-origin-when-cross-origin'), (b'Access-Control-Max-Age', b'86400'), (b'Access-Control-Allow-Origin', b'https://huggingface.co'), (b'Access-Control-Expose-Headers', b'X-Repo-Commit,X-Request-Id,X-Error-Code,X-Error-Message,X-Total-Count,ETag,Link,Accept-Ranges,Content-Range,X-Linked-Size,X-Linked-ETag,X-Xet-Hash'), (b'X-Repo-Commit', b'1110a243fdf4706b3f48f1d95db1a4f5529b4d41'), (b'Accept-Ranges', b'bytes'), (b'X-Hub-Cache', b'HIT'), (b'Content-Disposition', b'inline; filename*=UTF-8\'\'config_sentence_transformers.json; filename="config_sentence_transformers.json";'), (b'Content-Security-Policy', b"default-src 'none'; sandbox"), (b'Vary', b'Origin'), (b'X-Cache', b'Hit from cloudfront'), (b'Via', b'1.1 d2f8b3f0410f4074bd8093467eb47412.cloudfront.net (CloudFront)'), (b'X-Amz-Cf-Pop', b'DXB53-P3'), (b'Alt-Svc', b'h3=":443"; ma=86400'), (b'X-Amz-Cf-Id', b'QqohyQ-DLQtlJfG9lgeEXmQqx00Th8SnNjNaan1giHafEACFJ8Hivw=='), (b'Age', b'13121')])
2026-07-24 19:43:41 | DEBUG    | httpcore.http11 | [-] | receive_response_body.started request=<Request [b'HEAD']>
2026-07-24 19:43:41 | DEBUG    | httpcore.http11 | [-] | receive_response_body.complete
2026-07-24 19:43:41 | DEBUG    | httpcore.http11 | [-] | response_closed.started
2026-07-24 19:43:41 | DEBUG    | httpcore.http11 | [-] | response_closed.complete
2026-07-24 19:43:41 | INFO     | sentence_transformers.base.model | [-] | Loading SentenceTransformer model from sentence-transformers/all-MiniLM-L6-v2.
2026-07-24 19:43:41 | DEBUG    | httpcore.http11 | [-] | send_request_headers.started request=<Request [b'HEAD']>
2026-07-24 19:43:41 | DEBUG    | httpcore.http11 | [-] | send_request_headers.complete
2026-07-24 19:43:41 | DEBUG    | httpcore.http11 | [-] | send_request_body.started request=<Request [b'HEAD']>
2026-07-24 19:43:41 | DEBUG    | httpcore.http11 | [-] | send_request_body.complete
2026-07-24 19:43:41 | DEBUG    | httpcore.http11 | [-] | receive_response_headers.started request=<Request [b'HEAD']>
2026-07-24 19:43:41 | DEBUG    | httpcore.http11 | [-] | receive_response_headers.complete return_value=(b'HTTP/1.1', 307, b'Temporary Redirect', [(b'Content-Type', b'text/plain; charset=utf-8'), (b'Content-Length', b'324'), (b'Connection', b'keep-alive'), (b'Date', b'Fri, 24 Jul 2026 14:43:42 GMT'), (b'Location', b'/api/resolve-cache/models/sentence-transformers/all-MiniLM-L6-v2/1110a243fdf4706b3f48f1d95db1a4f5529b4d41/config_sentence_transformers.json?%2Fsentence-transformers%2Fall-MiniLM-L6-v2%2Fresolve%2Fmain%2Fconfig_sentence_transformers.json=&etag=%22fd1b291129c607e5d49799f87cb219b27f98acdf%22'), (b'X-Powered-By', b'huggingface-moon'), (b'X-Request-Id', b'Root=1-6a637a1e-22577eae6759edc73efee75b;cbc437f3-b4c8-4bdf-9517-9b172ccb4140'), (b'RateLimit', b'"resolvers";r=4963;t=201'), (b'RateLimit-Policy', b'"fixed window";"resolvers";q=5000;w=300'), (b'cross-origin-opener-policy', b'same-origin'), (b'Referrer-Policy', b'strict-origin-when-cross-origin'), (b'Access-Control-Max-Age', b'86400'), (b'Access-Control-Allow-Origin', b'https://huggingface.co'), (b'Vary', b'Origin, Accept'), (b'Access-Control-Expose-Headers', b'X-Repo-Commit,X-Request-Id,X-Error-Code,X-Error-Message,X-Total-Count,ETag,Link,Accept-Ranges,Content-Range,X-Linked-Size,X-Linked-ETag,X-Xet-Hash'), (b'X-Repo-Commit', b'1110a243fdf4706b3f48f1d95db1a4f5529b4d41'), (b'Accept-Ranges', b'bytes'), (b'X-Hub-Cache', b'HIT'), (b'Content-Disposition', b'inline; filename*=UTF-8\'\'config_sentence_transformers.json; filename="config_sentence_transformers.json";'), (b'Content-Security-Policy', b"default-src 'none'; sandbox"), (b'X-Linked-ETag', b'"fd1b291129c607e5d49799f87cb219b27f98acdf"'), (b'X-Cache', b'Miss from cloudfront'), (b'Via', b'1.1 d2f8b3f0410f4074bd8093467eb47412.cloudfront.net (CloudFront)'), (b'X-Amz-Cf-Pop', b'DXB53-P3'), (b'Alt-Svc', b'h3=":443"; ma=86400'), (b'X-Amz-Cf-Id', b'n5LoaB0M-pt1vGTh5t8rYrLYLNvigNDFS3VsSLMmu2LU2zOB6I0dMA==')])
2026-07-24 19:43:41 | DEBUG    | httpcore.http11 | [-] | receive_response_body.started request=<Request [b'HEAD']>
2026-07-24 19:43:41 | DEBUG    | httpcore.http11 | [-] | receive_response_body.complete
2026-07-24 19:43:41 | DEBUG    | httpcore.http11 | [-] | response_closed.started
2026-07-24 19:43:41 | DEBUG    | httpcore.http11 | [-] | response_closed.complete
2026-07-24 19:43:41 | DEBUG    | httpcore.http11 | [-] | send_request_headers.started request=<Request [b'HEAD']>
2026-07-24 19:43:41 | DEBUG    | httpcore.http11 | [-] | send_request_headers.complete
2026-07-24 19:43:41 | DEBUG    | httpcore.http11 | [-] | send_request_body.started request=<Request [b'HEAD']>
2026-07-24 19:43:41 | DEBUG    | httpcore.http11 | [-] | send_request_body.complete
2026-07-24 19:43:41 | DEBUG    | httpcore.http11 | [-] | receive_response_headers.started request=<Request [b'HEAD']>
2026-07-24 19:43:41 | DEBUG    | httpcore.http11 | [-] | receive_response_headers.complete return_value=(b'HTTP/1.1', 200, b'OK', [(b'Content-Type', b'text/plain; charset=utf-8'), (b'Content-Length', b'116'), (b'Connection', b'keep-alive'), (b'Date', b'Fri, 24 Jul 2026 11:05:00 GMT'), (b'ETag', b'"fd1b291129c607e5d49799f87cb219b27f98acdf"'), (b'X-Powered-By', b'huggingface-moon'), (b'X-Request-Id', b'Root=1-6a6346dc-135028ba705308a561d2aefd;a2c24613-bbe6-470e-a080-4ef2f5312102'), (b'RateLimit', b'"resolvers";r=4996;t=123'), (b'RateLimit-Policy', b'"fixed window";"resolvers";q=5000;w=300'), (b'cross-origin-opener-policy', b'same-origin'), (b'Referrer-Policy', b'strict-origin-when-cross-origin'), (b'Access-Control-Max-Age', b'86400'), (b'Access-Control-Allow-Origin', b'https://huggingface.co'), (b'Access-Control-Expose-Headers', b'X-Repo-Commit,X-Request-Id,X-Error-Code,X-Error-Message,X-Total-Count,ETag,Link,Accept-Ranges,Content-Range,X-Linked-Size,X-Linked-ETag,X-Xet-Hash'), (b'X-Repo-Commit', b'1110a243fdf4706b3f48f1d95db1a4f5529b4d41'), (b'Accept-Ranges', b'bytes'), (b'X-Hub-Cache', b'HIT'), (b'Content-Disposition', b'inline; filename*=UTF-8\'\'config_sentence_transformers.json; filename="config_sentence_transformers.json";'), (b'Content-Security-Policy', b"default-src 'none'; sandbox"), (b'Vary', b'Origin'), (b'X-Cache', b'Hit from cloudfront'), (b'Via', b'1.1 d2f8b3f0410f4074bd8093467eb47412.cloudfront.net (CloudFront)'), (b'X-Amz-Cf-Pop', b'DXB53-P3'), (b'Alt-Svc', b'h3=":443"; ma=86400'), (b'X-Amz-Cf-Id', b'pC7Jhnk1Yrwp-H5_gjNFR6bD3k4Zs4r5Hoo-BhOk-8HWrOmps-ezfw=='), (b'Age', b'13122')])
2026-07-24 19:43:41 | DEBUG    | httpcore.http11 | [-] | receive_response_body.started request=<Request [b'HEAD']>
2026-07-24 19:43:41 | DEBUG    | httpcore.http11 | [-] | receive_response_body.complete
2026-07-24 19:43:41 | DEBUG    | httpcore.http11 | [-] | response_closed.started
2026-07-24 19:43:41 | DEBUG    | httpcore.http11 | [-] | response_closed.complete
2026-07-24 19:43:41 | DEBUG    | httpcore.http11 | [-] | send_request_headers.started request=<Request [b'HEAD']>
2026-07-24 19:43:41 | DEBUG    | httpcore.http11 | [-] | send_request_headers.complete
2026-07-24 19:43:41 | DEBUG    | httpcore.http11 | [-] | send_request_body.started request=<Request [b'HEAD']>
2026-07-24 19:43:41 | DEBUG    | httpcore.http11 | [-] | send_request_body.complete
2026-07-24 19:43:41 | DEBUG    | httpcore.http11 | [-] | receive_response_headers.started request=<Request [b'HEAD']>
2026-07-24 19:43:42 | DEBUG    | httpcore.http11 | [-] | receive_response_headers.complete return_value=(b'HTTP/1.1', 307, b'Temporary Redirect', [(b'Content-Type', b'text/plain; charset=utf-8'), (b'Content-Length', b'276'), (b'Connection', b'keep-alive'), (b'Date', b'Fri, 24 Jul 2026 14:43:42 GMT'), (b'Location', b'/api/resolve-cache/models/sentence-transformers/all-MiniLM-L6-v2/1110a243fdf4706b3f48f1d95db1a4f5529b4d41/README.md?%2Fsentence-transformers%2Fall-MiniLM-L6-v2%2Fresolve%2Fmain%2FREADME.md=&etag=%2244af2e3b0fa3a0b6239e48422972bf755f28fde0%22'), (b'X-Powered-By', b'huggingface-moon'), (b'X-Request-Id', b'Root=1-6a637a1e-22351dd211043dfb002ab245;9a104365-c4e9-402c-92ce-8dbfddb344b6'), (b'RateLimit', b'"resolvers";r=4962;t=201'), (b'RateLimit-Policy', b'"fixed window";"resolvers";q=5000;w=300'), (b'cross-origin-opener-policy', b'same-origin'), (b'Referrer-Policy', b'strict-origin-when-cross-origin'), (b'Access-Control-Max-Age', b'86400'), (b'Access-Control-Allow-Origin', b'https://huggingface.co'), (b'Vary', b'Origin, Accept'), (b'Access-Control-Expose-Headers', b'X-Repo-Commit,X-Request-Id,X-Error-Code,X-Error-Message,X-Total-Count,ETag,Link,Accept-Ranges,Content-Range,X-Linked-Size,X-Linked-ETag,X-Xet-Hash'), (b'X-Repo-Commit', b'1110a243fdf4706b3f48f1d95db1a4f5529b4d41'), (b'Accept-Ranges', b'bytes'), (b'X-Hub-Cache', b'HIT'), (b'Content-Disposition', b'inline; filename*=UTF-8\'\'README.md; filename="README.md";'), (b'Content-Security-Policy', b"default-src 'none'; sandbox"), (b'X-Linked-ETag', b'"44af2e3b0fa3a0b6239e48422972bf755f28fde0"'), (b'X-Cache', b'Miss from cloudfront'), (b'Via', b'1.1 d2f8b3f0410f4074bd8093467eb47412.cloudfront.net (CloudFront)'), (b'X-Amz-Cf-Pop', b'DXB53-P3'), (b'Alt-Svc', b'h3=":443"; ma=86400'), (b'X-Amz-Cf-Id', b'G2_vj3CaTvZ8JDy0v1PiFaN-1OzvkwhFOJB12h1cdtzH9Pk2Stx4uQ==')])
2026-07-24 19:43:42 | DEBUG    | httpcore.http11 | [-] | receive_response_body.started request=<Request [b'HEAD']>
2026-07-24 19:43:42 | DEBUG    | httpcore.http11 | [-] | receive_response_body.complete
2026-07-24 19:43:42 | DEBUG    | httpcore.http11 | [-] | response_closed.started
2026-07-24 19:43:42 | DEBUG    | httpcore.http11 | [-] | response_closed.complete
2026-07-24 19:43:42 | DEBUG    | httpcore.http11 | [-] | send_request_headers.started request=<Request [b'HEAD']>
2026-07-24 19:43:42 | DEBUG    | httpcore.http11 | [-] | send_request_headers.complete
2026-07-24 19:43:42 | DEBUG    | httpcore.http11 | [-] | send_request_body.started request=<Request [b'HEAD']>
2026-07-24 19:43:42 | DEBUG    | httpcore.http11 | [-] | send_request_body.complete
2026-07-24 19:43:42 | DEBUG    | httpcore.http11 | [-] | receive_response_headers.started request=<Request [b'HEAD']>
2026-07-24 19:43:42 | DEBUG    | httpcore.http11 | [-] | receive_response_headers.complete return_value=(b'HTTP/1.1', 200, b'OK', [(b'Content-Type', b'text/plain; charset=utf-8'), (b'Content-Length', b'10502'), (b'Connection', b'keep-alive'), (b'Date', b'Fri, 24 Jul 2026 11:05:02 GMT'), (b'ETag', b'"44af2e3b0fa3a0b6239e48422972bf755f28fde0"'), (b'X-Powered-By', b'huggingface-moon'), (b'X-Request-Id', b'Root=1-6a6346de-5c7571173a8341b42947d7ac;16f6c72c-8f05-4f12-a4c3-3a083be02e0a'), (b'RateLimit', b'"resolvers";r=4993;t=121'), (b'RateLimit-Policy', b'"fixed window";"resolvers";q=5000;w=300'), (b'cross-origin-opener-policy', b'same-origin'), (b'Referrer-Policy', b'strict-origin-when-cross-origin'), (b'Access-Control-Max-Age', b'86400'), (b'Access-Control-Allow-Origin', b'https://huggingface.co'), (b'Access-Control-Expose-Headers', b'X-Repo-Commit,X-Request-Id,X-Error-Code,X-Error-Message,X-Total-Count,ETag,Link,Accept-Ranges,Content-Range,X-Linked-Size,X-Linked-ETag,X-Xet-Hash'), (b'X-Repo-Commit', b'1110a243fdf4706b3f48f1d95db1a4f5529b4d41'), (b'Accept-Ranges', b'bytes'), (b'X-Hub-Cache', b'MISS'), (b'Content-Disposition', b'inline; filename*=UTF-8\'\'README.md; filename="README.md";'), (b'Content-Security-Policy', b"default-src 'none'; sandbox"), (b'Vary', b'Origin'), (b'X-Cache', b'Hit from cloudfront'), (b'Via', b'1.1 d2f8b3f0410f4074bd8093467eb47412.cloudfront.net (CloudFront)'), (b'X-Amz-Cf-Pop', b'DXB53-P3'), (b'Alt-Svc', b'h3=":443"; ma=86400'), (b'X-Amz-Cf-Id', b'AhjUC3JjoTNtEg0iRoLVNAfFrTOyl5V0fYiUK61XFBbcmINlKbLc7w=='), (b'Age', b'13120')])
2026-07-24 19:43:42 | DEBUG    | httpcore.http11 | [-] | receive_response_body.started request=<Request [b'HEAD']>
2026-07-24 19:43:42 | DEBUG    | httpcore.http11 | [-] | receive_response_body.complete
2026-07-24 19:43:42 | DEBUG    | httpcore.http11 | [-] | response_closed.started
2026-07-24 19:43:42 | DEBUG    | httpcore.http11 | [-] | response_closed.complete
2026-07-24 19:43:42 | DEBUG    | httpcore.http11 | [-] | send_request_headers.started request=<Request [b'HEAD']>
2026-07-24 19:43:42 | DEBUG    | httpcore.http11 | [-] | send_request_headers.complete
2026-07-24 19:43:42 | DEBUG    | httpcore.http11 | [-] | send_request_body.started request=<Request [b'HEAD']>
2026-07-24 19:43:42 | DEBUG    | httpcore.http11 | [-] | send_request_body.complete
2026-07-24 19:43:42 | DEBUG    | httpcore.http11 | [-] | receive_response_headers.started request=<Request [b'HEAD']>
2026-07-24 19:43:42 | DEBUG    | httpcore.http11 | [-] | receive_response_headers.complete return_value=(b'HTTP/1.1', 307, b'Temporary Redirect', [(b'Content-Type', b'text/plain; charset=utf-8'), (b'Content-Length', b'282'), (b'Connection', b'keep-alive'), (b'Date', b'Fri, 24 Jul 2026 14:43:42 GMT'), (b'Location', b'/api/resolve-cache/models/sentence-transformers/all-MiniLM-L6-v2/1110a243fdf4706b3f48f1d95db1a4f5529b4d41/modules.json?%2Fsentence-transformers%2Fall-MiniLM-L6-v2%2Fresolve%2Fmain%2Fmodules.json=&etag=%22952a9b81c0bfd99800fabf352f69c7ccd46c5e43%22'), (b'X-Powered-By', b'huggingface-moon'), (b'X-Request-Id', b'Root=1-6a637a1e-658c0e7c48aaf79f3ff5c6c9;ba4e21cb-9b74-4614-b28c-88b4eefff4a1'), (b'RateLimit', b'"resolvers";r=4961;t=201'), (b'RateLimit-Policy', b'"fixed window";"resolvers";q=5000;w=300'), (b'cross-origin-opener-policy', b'same-origin'), (b'Referrer-Policy', b'strict-origin-when-cross-origin'), (b'Access-Control-Max-Age', b'86400'), (b'Access-Control-Allow-Origin', b'https://huggingface.co'), (b'Vary', b'Origin, Accept'), (b'Access-Control-Expose-Headers', b'X-Repo-Commit,X-Request-Id,X-Error-Code,X-Error-Message,X-Total-Count,ETag,Link,Accept-Ranges,Content-Range,X-Linked-Size,X-Linked-ETag,X-Xet-Hash'), (b'X-Repo-Commit', b'1110a243fdf4706b3f48f1d95db1a4f5529b4d41'), (b'Accept-Ranges', b'bytes'), (b'X-Hub-Cache', b'HIT'), (b'Content-Disposition', b'inline; filename*=UTF-8\'\'modules.json; filename="modules.json";'), (b'Content-Security-Policy', b"default-src 'none'; sandbox"), (b'X-Linked-ETag', b'"952a9b81c0bfd99800fabf352f69c7ccd46c5e43"'), (b'X-Cache', b'Miss from cloudfront'), (b'Via', b'1.1 d2f8b3f0410f4074bd8093467eb47412.cloudfront.net (CloudFront)'), (b'X-Amz-Cf-Pop', b'DXB53-P3'), (b'Alt-Svc', b'h3=":443"; ma=86400'), (b'X-Amz-Cf-Id', b'BtH5qiivj5wj-oOGrcNTVhHIvcKgcsw_kMufmr0ZJM7UacYky62Qrg==')])
2026-07-24 19:43:42 | DEBUG    | httpcore.http11 | [-] | receive_response_body.started request=<Request [b'HEAD']>
2026-07-24 19:43:42 | DEBUG    | httpcore.http11 | [-] | receive_response_body.complete
2026-07-24 19:43:42 | DEBUG    | httpcore.http11 | [-] | response_closed.started
2026-07-24 19:43:42 | DEBUG    | httpcore.http11 | [-] | response_closed.complete
2026-07-24 19:43:42 | DEBUG    | httpcore.http11 | [-] | send_request_headers.started request=<Request [b'HEAD']>
2026-07-24 19:43:42 | DEBUG    | httpcore.http11 | [-] | send_request_headers.complete
2026-07-24 19:43:42 | DEBUG    | httpcore.http11 | [-] | send_request_body.started request=<Request [b'HEAD']>
2026-07-24 19:43:42 | DEBUG    | httpcore.http11 | [-] | send_request_body.complete
2026-07-24 19:43:42 | DEBUG    | httpcore.http11 | [-] | receive_response_headers.started request=<Request [b'HEAD']>
2026-07-24 19:43:42 | DEBUG    | httpcore.http11 | [-] | receive_response_headers.complete return_value=(b'HTTP/1.1', 200, b'OK', [(b'Content-Type', b'text/plain; charset=utf-8'), (b'Content-Length', b'349'), (b'Connection', b'keep-alive'), (b'Date', b'Fri, 24 Jul 2026 11:05:00 GMT'), (b'ETag', b'"952a9b81c0bfd99800fabf352f69c7ccd46c5e43"'), (b'X-Powered-By', b'huggingface-moon'), (b'X-Request-Id', b'Root=1-6a6346dc-3877cf505bdf81c970f0eaa9;fb14e219-d75e-49dc-a659-5d63da62bf45'), (b'RateLimit', b'"resolvers";r=4998;t=123'), (b'RateLimit-Policy', b'"fixed window";"resolvers";q=5000;w=300'), (b'cross-origin-opener-policy', b'same-origin'), (b'Referrer-Policy', b'strict-origin-when-cross-origin'), (b'Access-Control-Max-Age', b'86400'), (b'Access-Control-Allow-Origin', b'https://huggingface.co'), (b'Access-Control-Expose-Headers', b'X-Repo-Commit,X-Request-Id,X-Error-Code,X-Error-Message,X-Total-Count,ETag,Link,Accept-Ranges,Content-Range,X-Linked-Size,X-Linked-ETag,X-Xet-Hash'), (b'X-Repo-Commit', b'1110a243fdf4706b3f48f1d95db1a4f5529b4d41'), (b'Accept-Ranges', b'bytes'), (b'X-Hub-Cache', b'HIT'), (b'Content-Disposition', b'inline; filename*=UTF-8\'\'modules.json; filename="modules.json";'), (b'Content-Security-Policy', b"default-src 'none'; sandbox"), (b'Vary', b'Origin'), (b'X-Cache', b'Hit from cloudfront'), (b'Via', b'1.1 d2f8b3f0410f4074bd8093467eb47412.cloudfront.net (CloudFront)'), (b'X-Amz-Cf-Pop', b'DXB53-P3'), (b'Alt-Svc', b'h3=":443"; ma=86400'), (b'X-Amz-Cf-Id', b'pZQYwo7MRwygw_lJLCN6D5HNkWXVQ3vmHWV-Q38JIQVJ31drZP84cg=='), (b'Age', b'13122')])
2026-07-24 19:43:42 | DEBUG    | httpcore.http11 | [-] | receive_response_body.started request=<Request [b'HEAD']>
2026-07-24 19:43:42 | DEBUG    | httpcore.http11 | [-] | receive_response_body.complete
2026-07-24 19:43:42 | DEBUG    | httpcore.http11 | [-] | response_closed.started
2026-07-24 19:43:42 | DEBUG    | httpcore.http11 | [-] | response_closed.complete
2026-07-24 19:43:42 | DEBUG    | httpcore.http11 | [-] | send_request_headers.started request=<Request [b'HEAD']>
2026-07-24 19:43:42 | DEBUG    | httpcore.http11 | [-] | send_request_headers.complete
2026-07-24 19:43:42 | DEBUG    | httpcore.http11 | [-] | send_request_body.started request=<Request [b'HEAD']>
2026-07-24 19:43:42 | DEBUG    | httpcore.http11 | [-] | send_request_body.complete
2026-07-24 19:43:42 | DEBUG    | httpcore.http11 | [-] | receive_response_headers.started request=<Request [b'HEAD']>
2026-07-24 19:43:42 | DEBUG    | httpcore.http11 | [-] | receive_response_headers.complete return_value=(b'HTTP/1.1', 307, b'Temporary Redirect', [(b'Content-Type', b'text/plain; charset=utf-8'), (b'Content-Length', b'308'), (b'Connection', b'keep-alive'), (b'Date', b'Fri, 24 Jul 2026 14:43:43 GMT'), (b'Location', b'/api/resolve-cache/models/sentence-transformers/all-MiniLM-L6-v2/1110a243fdf4706b3f48f1d95db1a4f5529b4d41/sentence_bert_config.json?%2Fsentence-transformers%2Fall-MiniLM-L6-v2%2Fresolve%2Fmain%2Fsentence_bert_config.json=&etag=%2259d594003bf59880a884c574bf88ef7555bb0202%22'), (b'X-Powered-By', b'huggingface-moon'), (b'X-Request-Id', b'Root=1-6a637a1f-13927ec055c935cf3722f901;051713a8-d536-413b-85bf-8c97fd709e31'), (b'RateLimit', b'"resolvers";r=4960;t=200'), (b'RateLimit-Policy', b'"fixed window";"resolvers";q=5000;w=300'), (b'cross-origin-opener-policy', b'same-origin'), (b'Referrer-Policy', b'strict-origin-when-cross-origin'), (b'Access-Control-Max-Age', b'86400'), (b'Access-Control-Allow-Origin', b'https://huggingface.co'), (b'Vary', b'Origin, Accept'), (b'Access-Control-Expose-Headers', b'X-Repo-Commit,X-Request-Id,X-Error-Code,X-Error-Message,X-Total-Count,ETag,Link,Accept-Ranges,Content-Range,X-Linked-Size,X-Linked-ETag,X-Xet-Hash'), (b'X-Repo-Commit', b'1110a243fdf4706b3f48f1d95db1a4f5529b4d41'), (b'Accept-Ranges', b'bytes'), (b'X-Hub-Cache', b'HIT'), (b'Content-Disposition', b'inline; filename*=UTF-8\'\'sentence_bert_config.json; filename="sentence_bert_config.json";'), (b'Content-Security-Policy', b"default-src 'none'; sandbox"), (b'X-Linked-ETag', b'"59d594003bf59880a884c574bf88ef7555bb0202"'), (b'X-Cache', b'Miss from cloudfront'), (b'Via', b'1.1 d2f8b3f0410f4074bd8093467eb47412.cloudfront.net (CloudFront)'), (b'X-Amz-Cf-Pop', b'DXB53-P3'), (b'Alt-Svc', b'h3=":443"; ma=86400'), (b'X-Amz-Cf-Id', b'Q0VEBAJszMu7CNmhTFKxmh3K7dLFONtQhbGCGQQfeHlRAEbTEssiyg==')])
2026-07-24 19:43:42 | DEBUG    | httpcore.http11 | [-] | receive_response_body.started request=<Request [b'HEAD']>
2026-07-24 19:43:42 | DEBUG    | httpcore.http11 | [-] | receive_response_body.complete
2026-07-24 19:43:42 | DEBUG    | httpcore.http11 | [-] | response_closed.started
2026-07-24 19:43:42 | DEBUG    | httpcore.http11 | [-] | response_closed.complete
2026-07-24 19:43:42 | DEBUG    | httpcore.http11 | [-] | send_request_headers.started request=<Request [b'HEAD']>
2026-07-24 19:43:42 | DEBUG    | httpcore.http11 | [-] | send_request_headers.complete
2026-07-24 19:43:42 | DEBUG    | httpcore.http11 | [-] | send_request_body.started request=<Request [b'HEAD']>
2026-07-24 19:43:42 | DEBUG    | httpcore.http11 | [-] | send_request_body.complete
2026-07-24 19:43:42 | DEBUG    | httpcore.http11 | [-] | receive_response_headers.started request=<Request [b'HEAD']>
2026-07-24 19:43:43 | DEBUG    | httpcore.http11 | [-] | receive_response_headers.complete return_value=(b'HTTP/1.1', 200, b'OK', [(b'Content-Type', b'text/plain; charset=utf-8'), (b'Content-Length', b'53'), (b'Connection', b'keep-alive'), (b'Date', b'Fri, 24 Jul 2026 11:05:03 GMT'), (b'ETag', b'"59d594003bf59880a884c574bf88ef7555bb0202"'), (b'X-Powered-By', b'huggingface-moon'), (b'X-Request-Id', b'Root=1-6a6346df-206cce577c51067539d78e6d;c7b71920-e054-404b-bbc4-cdc56ec89e09'), (b'RateLimit', b'"resolvers";r=4990;t=120'), (b'RateLimit-Policy', b'"fixed window";"resolvers";q=5000;w=300'), (b'cross-origin-opener-policy', b'same-origin'), (b'Referrer-Policy', b'strict-origin-when-cross-origin'), (b'Access-Control-Max-Age', b'86400'), (b'Access-Control-Allow-Origin', b'https://huggingface.co'), (b'Access-Control-Expose-Headers', b'X-Repo-Commit,X-Request-Id,X-Error-Code,X-Error-Message,X-Total-Count,ETag,Link,Accept-Ranges,Content-Range,X-Linked-Size,X-Linked-ETag,X-Xet-Hash'), (b'X-Repo-Commit', b'1110a243fdf4706b3f48f1d95db1a4f5529b4d41'), (b'Accept-Ranges', b'bytes'), (b'X-Hub-Cache', b'HIT'), (b'Content-Disposition', b'inline; filename*=UTF-8\'\'sentence_bert_config.json; filename="sentence_bert_config.json";'), (b'Content-Security-Policy', b"default-src 'none'; sandbox"), (b'Vary', b'Origin'), (b'X-Cache', b'Hit from cloudfront'), (b'Via', b'1.1 d2f8b3f0410f4074bd8093467eb47412.cloudfront.net (CloudFront)'), (b'X-Amz-Cf-Pop', b'DXB53-P3'), (b'Alt-Svc', b'h3=":443"; ma=86400'), (b'X-Amz-Cf-Id', b'LTNI3EJ_8I9lpuAI8-JUKjIFo-eSWyp4mp6qnY3VlKtR3Q6St93IIw=='), (b'Age', b'13120')])
2026-07-24 19:43:43 | DEBUG    | httpcore.http11 | [-] | receive_response_body.started request=<Request [b'HEAD']>
2026-07-24 19:43:43 | DEBUG    | httpcore.http11 | [-] | receive_response_body.complete
2026-07-24 19:43:43 | DEBUG    | httpcore.http11 | [-] | response_closed.started
2026-07-24 19:43:43 | DEBUG    | httpcore.http11 | [-] | response_closed.complete
2026-07-24 19:43:43 | DEBUG    | httpcore.http11 | [-] | send_request_headers.started request=<Request [b'HEAD']>
2026-07-24 19:43:43 | DEBUG    | httpcore.http11 | [-] | send_request_headers.complete
2026-07-24 19:43:43 | DEBUG    | httpcore.http11 | [-] | send_request_body.started request=<Request [b'HEAD']>
2026-07-24 19:43:43 | DEBUG    | httpcore.http11 | [-] | send_request_body.complete
2026-07-24 19:43:43 | DEBUG    | httpcore.http11 | [-] | receive_response_headers.started request=<Request [b'HEAD']>
2026-07-24 19:43:43 | DEBUG    | httpcore.http11 | [-] | receive_response_headers.complete return_value=(b'HTTP/1.1', 404, b'Not Found', [(b'Content-Type', b'text/plain; charset=utf-8'), (b'Content-Length', b'15'), (b'Connection', b'keep-alive'), (b'Date', b'Fri, 24 Jul 2026 14:43:43 GMT'), (b'ETag', b'W/"f-mY2VvLxuxB7KhsoOdQTlMTccuAQ"'), (b'X-Powered-By', b'huggingface-moon'), (b'X-Request-Id', b'Root=1-6a637a1f-160b9c6f41732125673d33bb;9cd4209f-8227-43ac-a9a6-3502c8ccb4a3'), (b'RateLimit', b'"resolvers";r=4959;t=200'), (b'RateLimit-Policy', b'"fixed window";"resolvers";q=5000;w=300'), (b'cross-origin-opener-policy', b'same-origin'), (b'Referrer-Policy', b'strict-origin-when-cross-origin'), (b'Access-Control-Max-Age', b'86400'), (b'Access-Control-Allow-Origin', b'https://huggingface.co'), (b'Vary', b'Origin'), (b'Access-Control-Expose-Headers', b'X-Repo-Commit,X-Request-Id,X-Error-Code,X-Error-Message,X-Total-Count,ETag,Link,Accept-Ranges,Content-Range,X-Linked-Size,X-Linked-ETag,X-Xet-Hash'), (b'X-Repo-Commit', b'1110a243fdf4706b3f48f1d95db1a4f5529b4d41'), (b'Accept-Ranges', b'bytes'), (b'X-Hub-Cache', b'MISS'), (b'X-Error-Code', b'EntryNotFound'), (b'X-Error-Message', b'Entry not found'), (b'X-Cache', b'Error from cloudfront'), (b'Via', b'1.1 d2f8b3f0410f4074bd8093467eb47412.cloudfront.net (CloudFront)'), (b'X-Amz-Cf-Pop', b'DXB53-P3'), (b'Alt-Svc', b'h3=":443"; ma=86400'), (b'X-Amz-Cf-Id', b'yw_X9Cw777l8dxf92nr8IkFJQi7cESmJQzQIv7FGWt5N10J0b0m-kw==')])
2026-07-24 19:43:43 | DEBUG    | httpcore.http11 | [-] | receive_response_body.started request=<Request [b'HEAD']>
2026-07-24 19:43:43 | DEBUG    | httpcore.http11 | [-] | receive_response_body.complete
2026-07-24 19:43:43 | DEBUG    | httpcore.http11 | [-] | response_closed.started
2026-07-24 19:43:43 | DEBUG    | httpcore.http11 | [-] | response_closed.complete
2026-07-24 19:43:43 | DEBUG    | httpcore.http11 | [-] | send_request_headers.started request=<Request [b'HEAD']>
2026-07-24 19:43:43 | DEBUG    | httpcore.http11 | [-] | send_request_headers.complete
2026-07-24 19:43:43 | DEBUG    | httpcore.http11 | [-] | send_request_body.started request=<Request [b'HEAD']>
2026-07-24 19:43:43 | DEBUG    | httpcore.http11 | [-] | send_request_body.complete
2026-07-24 19:43:43 | DEBUG    | httpcore.http11 | [-] | receive_response_headers.started request=<Request [b'HEAD']>
2026-07-24 19:43:43 | DEBUG    | httpcore.http11 | [-] | receive_response_headers.complete return_value=(b'HTTP/1.1', 307, b'Temporary Redirect', [(b'Content-Type', b'text/plain; charset=utf-8'), (b'Content-Length', b'280'), (b'Connection', b'keep-alive'), (b'Date', b'Fri, 24 Jul 2026 14:43:43 GMT'), (b'Location', b'/api/resolve-cache/models/sentence-transformers/all-MiniLM-L6-v2/1110a243fdf4706b3f48f1d95db1a4f5529b4d41/config.json?%2Fsentence-transformers%2Fall-MiniLM-L6-v2%2Fresolve%2Fmain%2Fconfig.json=&etag=%2272b987fd805cfa2b58c4c8c952b274a11bfd5a00%22'), (b'X-Powered-By', b'huggingface-moon'), (b'X-Request-Id', b'Root=1-6a637a1f-0a79af1136597f5d20b4cfa0;37f8a94d-f4c6-4df4-a9d2-e329ec470b41'), (b'RateLimit', b'"resolvers";r=4958;t=200'), (b'RateLimit-Policy', b'"fixed window";"resolvers";q=5000;w=300'), (b'cross-origin-opener-policy', b'same-origin'), (b'Referrer-Policy', b'strict-origin-when-cross-origin'), (b'Access-Control-Max-Age', b'86400'), (b'Access-Control-Allow-Origin', b'https://huggingface.co'), (b'Vary', b'Origin, Accept'), (b'Access-Control-Expose-Headers', b'X-Repo-Commit,X-Request-Id,X-Error-Code,X-Error-Message,X-Total-Count,ETag,Link,Accept-Ranges,Content-Range,X-Linked-Size,X-Linked-ETag,X-Xet-Hash'), (b'X-Repo-Commit', b'1110a243fdf4706b3f48f1d95db1a4f5529b4d41'), (b'Accept-Ranges', b'bytes'), (b'X-Hub-Cache', b'HIT'), (b'Content-Disposition', b'inline; filename*=UTF-8\'\'config.json; filename="config.json";'), (b'Content-Security-Policy', b"default-src 'none'; sandbox"), (b'X-Linked-ETag', b'"72b987fd805cfa2b58c4c8c952b274a11bfd5a00"'), (b'X-Cache', b'Miss from cloudfront'), (b'Via', b'1.1 d2f8b3f0410f4074bd8093467eb47412.cloudfront.net (CloudFront)'), (b'X-Amz-Cf-Pop', b'DXB53-P3'), (b'Alt-Svc', b'h3=":443"; ma=86400'), (b'X-Amz-Cf-Id', b'b96oaVQ0sHPf0BsjcBfIPewOZh9KH0QmKIyykXrGzlg5FlZkopve6A==')])
2026-07-24 19:43:43 | DEBUG    | httpcore.http11 | [-] | receive_response_body.started request=<Request [b'HEAD']>
2026-07-24 19:43:43 | DEBUG    | httpcore.http11 | [-] | receive_response_body.complete
2026-07-24 19:43:43 | DEBUG    | httpcore.http11 | [-] | response_closed.started
2026-07-24 19:43:43 | DEBUG    | httpcore.http11 | [-] | response_closed.complete
2026-07-24 19:43:43 | DEBUG    | httpcore.http11 | [-] | send_request_headers.started request=<Request [b'HEAD']>
2026-07-24 19:43:43 | DEBUG    | httpcore.http11 | [-] | send_request_headers.complete
2026-07-24 19:43:43 | DEBUG    | httpcore.http11 | [-] | send_request_body.started request=<Request [b'HEAD']>
2026-07-24 19:43:43 | DEBUG    | httpcore.http11 | [-] | send_request_body.complete
2026-07-24 19:43:43 | DEBUG    | httpcore.http11 | [-] | receive_response_headers.started request=<Request [b'HEAD']>
2026-07-24 19:43:43 | DEBUG    | httpcore.http11 | [-] | receive_response_headers.complete return_value=(b'HTTP/1.1', 200, b'OK', [(b'Content-Type', b'text/plain; charset=utf-8'), (b'Content-Length', b'612'), (b'Connection', b'keep-alive'), (b'Date', b'Fri, 24 Jul 2026 11:05:03 GMT'), (b'ETag', b'"72b987fd805cfa2b58c4c8c952b274a11bfd5a00"'), (b'X-Powered-By', b'huggingface-moon'), (b'X-Request-Id', b'Root=1-6a6346df-0967d23c7e6b3e8636aab314;1eef86cc-cd20-4487-8c8b-35068910a658'), (b'RateLimit', b'"resolvers";r=4987;t=120'), (b'RateLimit-Policy', b'"fixed window";"resolvers";q=5000;w=300'), (b'cross-origin-opener-policy', b'same-origin'), (b'Referrer-Policy', b'strict-origin-when-cross-origin'), (b'Access-Control-Max-Age', b'86400'), (b'Access-Control-Allow-Origin', b'https://huggingface.co'), (b'Access-Control-Expose-Headers', b'X-Repo-Commit,X-Request-Id,X-Error-Code,X-Error-Message,X-Total-Count,ETag,Link,Accept-Ranges,Content-Range,X-Linked-Size,X-Linked-ETag,X-Xet-Hash'), (b'X-Repo-Commit', b'1110a243fdf4706b3f48f1d95db1a4f5529b4d41'), (b'Accept-Ranges', b'bytes'), (b'X-Hub-Cache', b'HIT'), (b'Content-Disposition', b'inline; filename*=UTF-8\'\'config.json; filename="config.json";'), (b'Content-Security-Policy', b"default-src 'none'; sandbox"), (b'Vary', b'Origin'), (b'X-Cache', b'Hit from cloudfront'), (b'Via', b'1.1 d2f8b3f0410f4074bd8093467eb47412.cloudfront.net (CloudFront)'), (b'X-Amz-Cf-Pop', b'DXB53-P3'), (b'Alt-Svc', b'h3=":443"; ma=86400'), (b'X-Amz-Cf-Id', b'tzcJUOqPcKC9qczb7Y0_DyBsGjfC6yP1vo-0Yz_2n5qIVQ6dxxtZtg=='), (b'Age', b'13120')])
2026-07-24 19:43:43 | DEBUG    | httpcore.http11 | [-] | receive_response_body.started request=<Request [b'HEAD']>
2026-07-24 19:43:43 | DEBUG    | httpcore.http11 | [-] | receive_response_body.complete
2026-07-24 19:43:43 | DEBUG    | httpcore.http11 | [-] | response_closed.started
2026-07-24 19:43:43 | DEBUG    | httpcore.http11 | [-] | response_closed.complete
2026-07-24 19:43:43 | DEBUG    | httpcore.http11 | [-] | send_request_headers.started request=<Request [b'HEAD']>
2026-07-24 19:43:43 | DEBUG    | httpcore.http11 | [-] | send_request_headers.complete
2026-07-24 19:43:43 | DEBUG    | httpcore.http11 | [-] | send_request_body.started request=<Request [b'HEAD']>
2026-07-24 19:43:43 | DEBUG    | httpcore.http11 | [-] | send_request_body.complete
2026-07-24 19:43:43 | DEBUG    | httpcore.http11 | [-] | receive_response_headers.started request=<Request [b'HEAD']>
2026-07-24 19:43:43 | DEBUG    | urllib3.connectionpool | [-] | http://localhost:3000 "POST /api/public/otel/v1/traces HTTP/1.1" 200 None
2026-07-24 19:43:44 | DEBUG    | httpcore.http11 | [-] | receive_response_headers.complete return_value=(b'HTTP/1.1', 404, b'Not Found', [(b'Content-Type', b'text/plain; charset=utf-8'), (b'Content-Length', b'15'), (b'Connection', b'keep-alive'), (b'Date', b'Fri, 24 Jul 2026 14:43:44 GMT'), (b'ETag', b'W/"f-mY2VvLxuxB7KhsoOdQTlMTccuAQ"'), (b'X-Powered-By', b'huggingface-moon'), (b'X-Request-Id', b'Root=1-6a637a20-207508a56c3321e7586556d0;5256d932-52e7-4647-8e5b-fef4561bad8d'), (b'RateLimit', b'"resolvers";r=4957;t=199'), (b'RateLimit-Policy', b'"fixed window";"resolvers";q=5000;w=300'), (b'cross-origin-opener-policy', b'same-origin'), (b'Referrer-Policy', b'strict-origin-when-cross-origin'), (b'Access-Control-Max-Age', b'86400'), (b'Access-Control-Allow-Origin', b'https://huggingface.co'), (b'Vary', b'Origin'), (b'Access-Control-Expose-Headers', b'X-Repo-Commit,X-Request-Id,X-Error-Code,X-Error-Message,X-Total-Count,ETag,Link,Accept-Ranges,Content-Range,X-Linked-Size,X-Linked-ETag,X-Xet-Hash'), (b'X-Repo-Commit', b'1110a243fdf4706b3f48f1d95db1a4f5529b4d41'), (b'Accept-Ranges', b'bytes'), (b'X-Hub-Cache', b'MISS'), (b'X-Error-Code', b'EntryNotFound'), (b'X-Error-Message', b'Entry not found'), (b'X-Cache', b'Error from cloudfront'), (b'Via', b'1.1 d2f8b3f0410f4074bd8093467eb47412.cloudfront.net (CloudFront)'), (b'X-Amz-Cf-Pop', b'DXB53-P3'), (b'Alt-Svc', b'h3=":443"; ma=86400'), (b'X-Amz-Cf-Id', b'fBb82T759ZRlu7sMqpy8afL1dcuy95ujLtapvycoWwBMVWftMXd80g==')])
2026-07-24 19:43:44 | DEBUG    | httpcore.http11 | [-] | receive_response_body.started request=<Request [b'HEAD']>
2026-07-24 19:43:44 | DEBUG    | httpcore.http11 | [-] | receive_response_body.complete
2026-07-24 19:43:44 | DEBUG    | httpcore.http11 | [-] | response_closed.started
2026-07-24 19:43:44 | DEBUG    | httpcore.http11 | [-] | response_closed.complete
2026-07-24 19:43:44 | DEBUG    | httpcore.http11 | [-] | send_request_headers.started request=<Request [b'HEAD']>
2026-07-24 19:43:44 | DEBUG    | httpcore.http11 | [-] | send_request_headers.complete
2026-07-24 19:43:44 | DEBUG    | httpcore.http11 | [-] | send_request_body.started request=<Request [b'HEAD']>
2026-07-24 19:43:44 | DEBUG    | httpcore.http11 | [-] | send_request_body.complete
2026-07-24 19:43:44 | DEBUG    | httpcore.http11 | [-] | receive_response_headers.started request=<Request [b'HEAD']>
2026-07-24 19:43:44 | DEBUG    | httpcore.http11 | [-] | receive_response_headers.complete return_value=(b'HTTP/1.1', 404, b'Not Found', [(b'Content-Type', b'text/plain; charset=utf-8'), (b'Content-Length', b'15'), (b'Connection', b'keep-alive'), (b'Date', b'Fri, 24 Jul 2026 14:43:44 GMT'), (b'ETag', b'W/"f-mY2VvLxuxB7KhsoOdQTlMTccuAQ"'), (b'X-Powered-By', b'huggingface-moon'), (b'X-Request-Id', b'Root=1-6a637a20-603b0f337a95972f07b50c33;ba3471c9-2228-466a-827f-32f4aba433de'), (b'RateLimit', b'"resolvers";r=4956;t=199'), (b'RateLimit-Policy', b'"fixed window";"resolvers";q=5000;w=300'), (b'cross-origin-opener-policy', b'same-origin'), (b'Referrer-Policy', b'strict-origin-when-cross-origin'), (b'Access-Control-Max-Age', b'86400'), (b'Access-Control-Allow-Origin', b'https://huggingface.co'), (b'Vary', b'Origin'), (b'Access-Control-Expose-Headers', b'X-Repo-Commit,X-Request-Id,X-Error-Code,X-Error-Message,X-Total-Count,ETag,Link,Accept-Ranges,Content-Range,X-Linked-Size,X-Linked-ETag,X-Xet-Hash'), (b'X-Repo-Commit', b'1110a243fdf4706b3f48f1d95db1a4f5529b4d41'), (b'Accept-Ranges', b'bytes'), (b'X-Hub-Cache', b'MISS'), (b'X-Error-Code', b'EntryNotFound'), (b'X-Error-Message', b'Entry not found'), (b'X-Cache', b'Error from cloudfront'), (b'Via', b'1.1 d2f8b3f0410f4074bd8093467eb47412.cloudfront.net (CloudFront)'), (b'X-Amz-Cf-Pop', b'DXB53-P3'), (b'Alt-Svc', b'h3=":443"; ma=86400'), (b'X-Amz-Cf-Id', b'irfLFJswbVLFdFl2lJ2dABj6M3uD6seAVHBL-Wurk8Cz4ByTURkfEQ==')])
2026-07-24 19:43:44 | DEBUG    | httpcore.http11 | [-] | receive_response_body.started request=<Request [b'HEAD']>
2026-07-24 19:43:44 | DEBUG    | httpcore.http11 | [-] | receive_response_body.complete
2026-07-24 19:43:44 | DEBUG    | httpcore.http11 | [-] | response_closed.started
2026-07-24 19:43:44 | DEBUG    | httpcore.http11 | [-] | response_closed.complete
2026-07-24 19:43:44 | DEBUG    | httpcore.http11 | [-] | send_request_headers.started request=<Request [b'HEAD']>
2026-07-24 19:43:44 | DEBUG    | httpcore.http11 | [-] | send_request_headers.complete
2026-07-24 19:43:44 | DEBUG    | httpcore.http11 | [-] | send_request_body.started request=<Request [b'HEAD']>
2026-07-24 19:43:44 | DEBUG    | httpcore.http11 | [-] | send_request_body.complete
2026-07-24 19:43:44 | DEBUG    | httpcore.http11 | [-] | receive_response_headers.started request=<Request [b'HEAD']>
2026-07-24 19:43:44 | DEBUG    | httpcore.http11 | [-] | receive_response_headers.complete return_value=(b'HTTP/1.1', 404, b'Not Found', [(b'Content-Type', b'text/plain; charset=utf-8'), (b'Content-Length', b'15'), (b'Connection', b'keep-alive'), (b'Date', b'Fri, 24 Jul 2026 14:43:44 GMT'), (b'ETag', b'W/"f-mY2VvLxuxB7KhsoOdQTlMTccuAQ"'), (b'X-Powered-By', b'huggingface-moon'), (b'X-Request-Id', b'Root=1-6a637a20-6a0a3fa97083366617167687;72e8f703-2ef3-4098-ac3e-8eeb2dc5f4f1'), (b'RateLimit', b'"resolvers";r=4955;t=199'), (b'RateLimit-Policy', b'"fixed window";"resolvers";q=5000;w=300'), (b'cross-origin-opener-policy', b'same-origin'), (b'Referrer-Policy', b'strict-origin-when-cross-origin'), (b'Access-Control-Max-Age', b'86400'), (b'Access-Control-Allow-Origin', b'https://huggingface.co'), (b'Vary', b'Origin'), (b'Access-Control-Expose-Headers', b'X-Repo-Commit,X-Request-Id,X-Error-Code,X-Error-Message,X-Total-Count,ETag,Link,Accept-Ranges,Content-Range,X-Linked-Size,X-Linked-ETag,X-Xet-Hash'), (b'X-Repo-Commit', b'1110a243fdf4706b3f48f1d95db1a4f5529b4d41'), (b'Accept-Ranges', b'bytes'), (b'X-Hub-Cache', b'MISS'), (b'X-Error-Code', b'EntryNotFound'), (b'X-Error-Message', b'Entry not found'), (b'X-Cache', b'Error from cloudfront'), (b'Via', b'1.1 d2f8b3f0410f4074bd8093467eb47412.cloudfront.net (CloudFront)'), (b'X-Amz-Cf-Pop', b'DXB53-P3'), (b'Alt-Svc', b'h3=":443"; ma=86400'), (b'X-Amz-Cf-Id', b'70hxlwFhfY5GHfSp94gIexvue9GlBCfffS4fnxsyvVYgVGrpeZLZPg==')])
2026-07-24 19:43:44 | DEBUG    | httpcore.http11 | [-] | receive_response_body.started request=<Request [b'HEAD']>
2026-07-24 19:43:44 | DEBUG    | httpcore.http11 | [-] | receive_response_body.complete
2026-07-24 19:43:44 | DEBUG    | httpcore.http11 | [-] | response_closed.started
2026-07-24 19:43:44 | DEBUG    | httpcore.http11 | [-] | response_closed.complete
2026-07-24 19:43:44 | DEBUG    | httpcore.http11 | [-] | send_request_headers.started request=<Request [b'HEAD']>
2026-07-24 19:43:44 | DEBUG    | httpcore.http11 | [-] | send_request_headers.complete
2026-07-24 19:43:44 | DEBUG    | httpcore.http11 | [-] | send_request_body.started request=<Request [b'HEAD']>
2026-07-24 19:43:44 | DEBUG    | httpcore.http11 | [-] | send_request_body.complete
2026-07-24 19:43:44 | DEBUG    | httpcore.http11 | [-] | receive_response_headers.started request=<Request [b'HEAD']>
2026-07-24 19:43:44 | DEBUG    | httpcore.http11 | [-] | receive_response_headers.complete return_value=(b'HTTP/1.1', 404, b'Not Found', [(b'Content-Type', b'text/plain; charset=utf-8'), (b'Content-Length', b'15'), (b'Connection', b'keep-alive'), (b'Date', b'Fri, 24 Jul 2026 14:43:45 GMT'), (b'ETag', b'W/"f-mY2VvLxuxB7KhsoOdQTlMTccuAQ"'), (b'X-Powered-By', b'huggingface-moon'), (b'X-Request-Id', b'Root=1-6a637a21-110345936f884c9a0b625e1d;62b1fffe-c9be-4cf3-a9b6-f88d3305e77a'), (b'RateLimit', b'"resolvers";r=4954;t=198'), (b'RateLimit-Policy', b'"fixed window";"resolvers";q=5000;w=300'), (b'cross-origin-opener-policy', b'same-origin'), (b'Referrer-Policy', b'strict-origin-when-cross-origin'), (b'Access-Control-Max-Age', b'86400'), (b'Access-Control-Allow-Origin', b'https://huggingface.co'), (b'Vary', b'Origin'), (b'Access-Control-Expose-Headers', b'X-Repo-Commit,X-Request-Id,X-Error-Code,X-Error-Message,X-Total-Count,ETag,Link,Accept-Ranges,Content-Range,X-Linked-Size,X-Linked-ETag,X-Xet-Hash'), (b'X-Repo-Commit', b'1110a243fdf4706b3f48f1d95db1a4f5529b4d41'), (b'Accept-Ranges', b'bytes'), (b'X-Hub-Cache', b'MISS'), (b'X-Error-Code', b'EntryNotFound'), (b'X-Error-Message', b'Entry not found'), (b'X-Cache', b'Error from cloudfront'), (b'Via', b'1.1 d2f8b3f0410f4074bd8093467eb47412.cloudfront.net (CloudFront)'), (b'X-Amz-Cf-Pop', b'DXB53-P3'), (b'Alt-Svc', b'h3=":443"; ma=86400'), (b'X-Amz-Cf-Id', b'2M7-OQ21lKJhWWPB69XQF_uMEg9DQyq0hFVWLfslKtF6_9N6QDRhYQ==')])
2026-07-24 19:43:44 | DEBUG    | httpcore.http11 | [-] | receive_response_body.started request=<Request [b'HEAD']>
2026-07-24 19:43:44 | DEBUG    | httpcore.http11 | [-] | receive_response_body.complete
2026-07-24 19:43:44 | DEBUG    | httpcore.http11 | [-] | response_closed.started
2026-07-24 19:43:44 | DEBUG    | httpcore.http11 | [-] | response_closed.complete
2026-07-24 19:43:44 | DEBUG    | httpcore.http11 | [-] | send_request_headers.started request=<Request [b'HEAD']>
2026-07-24 19:43:44 | DEBUG    | httpcore.http11 | [-] | send_request_headers.complete
2026-07-24 19:43:44 | DEBUG    | httpcore.http11 | [-] | send_request_body.started request=<Request [b'HEAD']>
2026-07-24 19:43:44 | DEBUG    | httpcore.http11 | [-] | send_request_body.complete
2026-07-24 19:43:44 | DEBUG    | httpcore.http11 | [-] | receive_response_headers.started request=<Request [b'HEAD']>
2026-07-24 19:43:45 | DEBUG    | httpcore.http11 | [-] | receive_response_headers.complete return_value=(b'HTTP/1.1', 307, b'Temporary Redirect', [(b'Content-Type', b'text/plain; charset=utf-8'), (b'Content-Length', b'300'), (b'Connection', b'keep-alive'), (b'Date', b'Fri, 24 Jul 2026 14:43:45 GMT'), (b'Location', b'/api/resolve-cache/models/sentence-transformers/all-MiniLM-L6-v2/1110a243fdf4706b3f48f1d95db1a4f5529b4d41/tokenizer_config.json?%2Fsentence-transformers%2Fall-MiniLM-L6-v2%2Fresolve%2Fmain%2Ftokenizer_config.json=&etag=%22c79f2b6a0cea6f4b564fed1938984bace9d30ff0%22'), (b'X-Powered-By', b'huggingface-moon'), (b'X-Request-Id', b'Root=1-6a637a21-5bcc92072caec5586a15d096;b991b705-8f0e-4729-b1cc-84752110d8a8'), (b'RateLimit', b'"resolvers";r=4953;t=198'), (b'RateLimit-Policy', b'"fixed window";"resolvers";q=5000;w=300'), (b'cross-origin-opener-policy', b'same-origin'), (b'Referrer-Policy', b'strict-origin-when-cross-origin'), (b'Access-Control-Max-Age', b'86400'), (b'Access-Control-Allow-Origin', b'https://huggingface.co'), (b'Vary', b'Origin, Accept'), (b'Access-Control-Expose-Headers', b'X-Repo-Commit,X-Request-Id,X-Error-Code,X-Error-Message,X-Total-Count,ETag,Link,Accept-Ranges,Content-Range,X-Linked-Size,X-Linked-ETag,X-Xet-Hash'), (b'X-Repo-Commit', b'1110a243fdf4706b3f48f1d95db1a4f5529b4d41'), (b'Accept-Ranges', b'bytes'), (b'X-Hub-Cache', b'HIT'), (b'Content-Disposition', b'inline; filename*=UTF-8\'\'tokenizer_config.json; filename="tokenizer_config.json";'), (b'Content-Security-Policy', b"default-src 'none'; sandbox"), (b'X-Linked-ETag', b'"c79f2b6a0cea6f4b564fed1938984bace9d30ff0"'), (b'X-Cache', b'Miss from cloudfront'), (b'Via', b'1.1 d2f8b3f0410f4074bd8093467eb47412.cloudfront.net (CloudFront)'), (b'X-Amz-Cf-Pop', b'DXB53-P3'), (b'Alt-Svc', b'h3=":443"; ma=86400'), (b'X-Amz-Cf-Id', b'l3S8F1O3_9ffN4PdDlwkUtf7fOPdAeLdIvZoAXv5GNlCax8uoXa5lg==')])
2026-07-24 19:43:45 | DEBUG    | httpcore.http11 | [-] | receive_response_body.started request=<Request [b'HEAD']>
2026-07-24 19:43:45 | DEBUG    | httpcore.http11 | [-] | receive_response_body.complete
2026-07-24 19:43:45 | DEBUG    | httpcore.http11 | [-] | response_closed.started
2026-07-24 19:43:45 | DEBUG    | httpcore.http11 | [-] | response_closed.complete
2026-07-24 19:43:45 | DEBUG    | httpcore.http11 | [-] | send_request_headers.started request=<Request [b'HEAD']>
2026-07-24 19:43:45 | DEBUG    | httpcore.http11 | [-] | send_request_headers.complete
2026-07-24 19:43:45 | DEBUG    | httpcore.http11 | [-] | send_request_body.started request=<Request [b'HEAD']>
2026-07-24 19:43:45 | DEBUG    | httpcore.http11 | [-] | send_request_body.complete
2026-07-24 19:43:45 | DEBUG    | httpcore.http11 | [-] | receive_response_headers.started request=<Request [b'HEAD']>
2026-07-24 19:43:45 | DEBUG    | httpcore.http11 | [-] | receive_response_headers.complete return_value=(b'HTTP/1.1', 200, b'OK', [(b'Content-Type', b'text/plain; charset=utf-8'), (b'Content-Length', b'350'), (b'Connection', b'keep-alive'), (b'Date', b'Fri, 24 Jul 2026 11:05:05 GMT'), (b'ETag', b'"c79f2b6a0cea6f4b564fed1938984bace9d30ff0"'), (b'X-Powered-By', b'huggingface-moon'), (b'X-Request-Id', b'Root=1-6a6346e1-27cb61b27e9d1a7f115796ef;5c2dd97f-1c4b-406a-9cd6-05db6e9698e3'), (b'RateLimit', b'"resolvers";r=4981;t=118'), (b'RateLimit-Policy', b'"fixed window";"resolvers";q=5000;w=300'), (b'cross-origin-opener-policy', b'same-origin'), (b'Referrer-Policy', b'strict-origin-when-cross-origin'), (b'Access-Control-Max-Age', b'86400'), (b'Access-Control-Allow-Origin', b'https://huggingface.co'), (b'Access-Control-Expose-Headers', b'X-Repo-Commit,X-Request-Id,X-Error-Code,X-Error-Message,X-Total-Count,ETag,Link,Accept-Ranges,Content-Range,X-Linked-Size,X-Linked-ETag,X-Xet-Hash'), (b'X-Repo-Commit', b'1110a243fdf4706b3f48f1d95db1a4f5529b4d41'), (b'Accept-Ranges', b'bytes'), (b'X-Hub-Cache', b'HIT'), (b'Content-Disposition', b'inline; filename*=UTF-8\'\'tokenizer_config.json; filename="tokenizer_config.json";'), (b'Content-Security-Policy', b"default-src 'none'; sandbox"), (b'Vary', b'Origin'), (b'X-Cache', b'Hit from cloudfront'), (b'Via', b'1.1 d2f8b3f0410f4074bd8093467eb47412.cloudfront.net (CloudFront)'), (b'X-Amz-Cf-Pop', b'DXB53-P3'), (b'Alt-Svc', b'h3=":443"; ma=86400'), (b'X-Amz-Cf-Id', b'p6qhcUDS_0_GR5O5ingeRRFbCnsp8_a4CAZtTMxZCu8pJ4BdI3CD5w=='), (b'Age', b'13120')])
2026-07-24 19:43:45 | DEBUG    | httpcore.http11 | [-] | receive_response_body.started request=<Request [b'HEAD']>
2026-07-24 19:43:45 | DEBUG    | httpcore.http11 | [-] | receive_response_body.complete
2026-07-24 19:43:45 | DEBUG    | httpcore.http11 | [-] | response_closed.started
2026-07-24 19:43:45 | DEBUG    | httpcore.http11 | [-] | response_closed.complete
2026-07-24 19:43:45 | DEBUG    | httpcore.http11 | [-] | send_request_headers.started request=<Request [b'HEAD']>
2026-07-24 19:43:45 | DEBUG    | httpcore.http11 | [-] | send_request_headers.complete
2026-07-24 19:43:45 | DEBUG    | httpcore.http11 | [-] | send_request_body.started request=<Request [b'HEAD']>
2026-07-24 19:43:45 | DEBUG    | httpcore.http11 | [-] | send_request_body.complete
2026-07-24 19:43:45 | DEBUG    | httpcore.http11 | [-] | receive_response_headers.started request=<Request [b'HEAD']>
2026-07-24 19:43:45 | DEBUG    | httpcore.http11 | [-] | receive_response_headers.complete return_value=(b'HTTP/1.1', 307, b'Temporary Redirect', [(b'Content-Type', b'text/plain; charset=utf-8'), (b'Content-Length', b'280'), (b'Connection', b'keep-alive'), (b'Date', b'Fri, 24 Jul 2026 14:43:45 GMT'), (b'Location', b'/api/resolve-cache/models/sentence-transformers/all-MiniLM-L6-v2/1110a243fdf4706b3f48f1d95db1a4f5529b4d41/config.json?%2Fsentence-transformers%2Fall-MiniLM-L6-v2%2Fresolve%2Fmain%2Fconfig.json=&etag=%2272b987fd805cfa2b58c4c8c952b274a11bfd5a00%22'), (b'X-Powered-By', b'huggingface-moon'), (b'X-Request-Id', b'Root=1-6a637a21-1f677f3a4b5ddb6c6566f503;6ebb0518-3fe8-4182-8d5b-5587ea8b5ae0'), (b'RateLimit', b'"resolvers";r=4952;t=198'), (b'RateLimit-Policy', b'"fixed window";"resolvers";q=5000;w=300'), (b'cross-origin-opener-policy', b'same-origin'), (b'Referrer-Policy', b'strict-origin-when-cross-origin'), (b'Access-Control-Max-Age', b'86400'), (b'Access-Control-Allow-Origin', b'https://huggingface.co'), (b'Vary', b'Origin, Accept'), (b'Access-Control-Expose-Headers', b'X-Repo-Commit,X-Request-Id,X-Error-Code,X-Error-Message,X-Total-Count,ETag,Link,Accept-Ranges,Content-Range,X-Linked-Size,X-Linked-ETag,X-Xet-Hash'), (b'X-Repo-Commit', b'1110a243fdf4706b3f48f1d95db1a4f5529b4d41'), (b'Accept-Ranges', b'bytes'), (b'X-Hub-Cache', b'HIT'), (b'Content-Disposition', b'inline; filename*=UTF-8\'\'config.json; filename="config.json";'), (b'Content-Security-Policy', b"default-src 'none'; sandbox"), (b'X-Linked-ETag', b'"72b987fd805cfa2b58c4c8c952b274a11bfd5a00"'), (b'X-Cache', b'Miss from cloudfront'), (b'Via', b'1.1 d2f8b3f0410f4074bd8093467eb47412.cloudfront.net (CloudFront)'), (b'X-Amz-Cf-Pop', b'DXB53-P3'), (b'Alt-Svc', b'h3=":443"; ma=86400'), (b'X-Amz-Cf-Id', b'TGYlFRU_A5JoqdY7GL_r6gBI40ZPECNJhfanguVd0XHnS3NbLAl87w==')])
2026-07-24 19:43:45 | DEBUG    | httpcore.http11 | [-] | receive_response_body.started request=<Request [b'HEAD']>
2026-07-24 19:43:45 | DEBUG    | httpcore.http11 | [-] | receive_response_body.complete
2026-07-24 19:43:45 | DEBUG    | httpcore.http11 | [-] | response_closed.started
2026-07-24 19:43:45 | DEBUG    | httpcore.http11 | [-] | response_closed.complete
2026-07-24 19:43:45 | DEBUG    | httpcore.http11 | [-] | send_request_headers.started request=<Request [b'HEAD']>
2026-07-24 19:43:45 | DEBUG    | httpcore.http11 | [-] | send_request_headers.complete
2026-07-24 19:43:45 | DEBUG    | httpcore.http11 | [-] | send_request_body.started request=<Request [b'HEAD']>
2026-07-24 19:43:45 | DEBUG    | httpcore.http11 | [-] | send_request_body.complete
2026-07-24 19:43:45 | DEBUG    | httpcore.http11 | [-] | receive_response_headers.started request=<Request [b'HEAD']>
2026-07-24 19:43:45 | DEBUG    | httpcore.http11 | [-] | receive_response_headers.complete return_value=(b'HTTP/1.1', 200, b'OK', [(b'Content-Type', b'text/plain; charset=utf-8'), (b'Content-Length', b'612'), (b'Connection', b'keep-alive'), (b'Date', b'Wed, 01 Jul 2026 07:34:31 GMT'), (b'ETag', b'"72b987fd805cfa2b58c4c8c952b274a11bfd5a00"'), (b'X-Powered-By', b'huggingface-moon'), (b'X-Request-Id', b'Root=1-6a44c307-13c8445b2ed78b5c6da8e84a;c1b989e1-31b2-4599-be2d-68d8d524efe2'), (b'RateLimit', b'"resolvers";r=4987;t=152'), (b'RateLimit-Policy', b'"fixed window";"resolvers";q=5000;w=300'), (b'cross-origin-opener-policy', b'same-origin'), (b'Referrer-Policy', b'strict-origin-when-cross-origin'), (b'Access-Control-Max-Age', b'86400'), (b'Access-Control-Allow-Origin', b'https://huggingface.co'), (b'Access-Control-Expose-Headers', b'X-Repo-Commit,X-Request-Id,X-Error-Code,X-Error-Message,X-Total-Count,ETag,Link,Accept-Ranges,Content-Range,X-Linked-Size,X-Linked-ETag,X-Xet-Hash'), (b'X-Repo-Commit', b'1110a243fdf4706b3f48f1d95db1a4f5529b4d41'), (b'Accept-Ranges', b'bytes'), (b'X-Hub-Cache', b'MISS'), (b'Content-Disposition', b'inline; filename*=UTF-8\'\'config.json; filename="config.json";'), (b'Content-Security-Policy', b"default-src 'none'; sandbox"), (b'Vary', b'Origin'), (b'X-Cache', b'Hit from cloudfront'), (b'Via', b'1.1 d2f8b3f0410f4074bd8093467eb47412.cloudfront.net (CloudFront)'), (b'X-Amz-Cf-Pop', b'DXB53-P3'), (b'Alt-Svc', b'h3=":443"; ma=86400'), (b'X-Amz-Cf-Id', b'jGVkpzfGD78NCFdb07MstqgF_FOfNHkPNiMlfSVgHguFy-pUFEXJuA=='), (b'Age', b'2012954')])
2026-07-24 19:43:45 | DEBUG    | httpcore.http11 | [-] | receive_response_body.started request=<Request [b'HEAD']>
2026-07-24 19:43:45 | DEBUG    | httpcore.http11 | [-] | receive_response_body.complete
2026-07-24 19:43:45 | DEBUG    | httpcore.http11 | [-] | response_closed.started
2026-07-24 19:43:45 | DEBUG    | httpcore.http11 | [-] | response_closed.complete
2026-07-24 19:43:45 | DEBUG    | httpcore.http11 | [-] | send_request_headers.started request=<Request [b'HEAD']>
2026-07-24 19:43:45 | DEBUG    | httpcore.http11 | [-] | send_request_headers.complete
2026-07-24 19:43:45 | DEBUG    | httpcore.http11 | [-] | send_request_body.started request=<Request [b'HEAD']>
2026-07-24 19:43:45 | DEBUG    | httpcore.http11 | [-] | send_request_body.complete
2026-07-24 19:43:45 | DEBUG    | httpcore.http11 | [-] | receive_response_headers.started request=<Request [b'HEAD']>
2026-07-24 19:43:46 | DEBUG    | httpcore.http11 | [-] | receive_response_headers.complete return_value=(b'HTTP/1.1', 307, b'Temporary Redirect', [(b'Content-Type', b'text/plain; charset=utf-8'), (b'Content-Length', b'280'), (b'Connection', b'keep-alive'), (b'Date', b'Fri, 24 Jul 2026 14:43:46 GMT'), (b'Location', b'/api/resolve-cache/models/sentence-transformers/all-MiniLM-L6-v2/1110a243fdf4706b3f48f1d95db1a4f5529b4d41/config.json?%2Fsentence-transformers%2Fall-MiniLM-L6-v2%2Fresolve%2Fmain%2Fconfig.json=&etag=%2272b987fd805cfa2b58c4c8c952b274a11bfd5a00%22'), (b'X-Powered-By', b'huggingface-moon'), (b'X-Request-Id', b'Root=1-6a637a22-33deaee751a270023726d218;4514323a-83d5-4c0f-a92c-1733fc2daac1'), (b'RateLimit', b'"resolvers";r=4951;t=197'), (b'RateLimit-Policy', b'"fixed window";"resolvers";q=5000;w=300'), (b'cross-origin-opener-policy', b'same-origin'), (b'Referrer-Policy', b'strict-origin-when-cross-origin'), (b'Access-Control-Max-Age', b'86400'), (b'Access-Control-Allow-Origin', b'https://huggingface.co'), (b'Vary', b'Origin, Accept'), (b'Access-Control-Expose-Headers', b'X-Repo-Commit,X-Request-Id,X-Error-Code,X-Error-Message,X-Total-Count,ETag,Link,Accept-Ranges,Content-Range,X-Linked-Size,X-Linked-ETag,X-Xet-Hash'), (b'X-Repo-Commit', b'1110a243fdf4706b3f48f1d95db1a4f5529b4d41'), (b'Accept-Ranges', b'bytes'), (b'X-Hub-Cache', b'HIT'), (b'Content-Disposition', b'inline; filename*=UTF-8\'\'config.json; filename="config.json";'), (b'Content-Security-Policy', b"default-src 'none'; sandbox"), (b'X-Linked-ETag', b'"72b987fd805cfa2b58c4c8c952b274a11bfd5a00"'), (b'X-Cache', b'Miss from cloudfront'), (b'Via', b'1.1 d2f8b3f0410f4074bd8093467eb47412.cloudfront.net (CloudFront)'), (b'X-Amz-Cf-Pop', b'DXB53-P3'), (b'Alt-Svc', b'h3=":443"; ma=86400'), (b'X-Amz-Cf-Id', b'ZDjMU3Cfp5U88xC7_-8RT4eakk9P2CNv1blc3kNic_D9IsbBO1lT3A==')])
2026-07-24 19:43:46 | DEBUG    | httpcore.http11 | [-] | receive_response_body.started request=<Request [b'HEAD']>
2026-07-24 19:43:46 | DEBUG    | httpcore.http11 | [-] | receive_response_body.complete
2026-07-24 19:43:46 | DEBUG    | httpcore.http11 | [-] | response_closed.started
2026-07-24 19:43:46 | DEBUG    | httpcore.http11 | [-] | response_closed.complete
2026-07-24 19:43:46 | DEBUG    | httpcore.http11 | [-] | send_request_headers.started request=<Request [b'HEAD']>
2026-07-24 19:43:46 | DEBUG    | httpcore.http11 | [-] | send_request_headers.complete
2026-07-24 19:43:46 | DEBUG    | httpcore.http11 | [-] | send_request_body.started request=<Request [b'HEAD']>
2026-07-24 19:43:46 | DEBUG    | httpcore.http11 | [-] | send_request_body.complete
2026-07-24 19:43:46 | DEBUG    | httpcore.http11 | [-] | receive_response_headers.started request=<Request [b'HEAD']>
2026-07-24 19:43:46 | DEBUG    | httpcore.http11 | [-] | receive_response_headers.complete return_value=(b'HTTP/1.1', 200, b'OK', [(b'Content-Type', b'text/plain; charset=utf-8'), (b'Content-Length', b'612'), (b'Connection', b'keep-alive'), (b'Date', b'Wed, 01 Jul 2026 07:34:31 GMT'), (b'ETag', b'"72b987fd805cfa2b58c4c8c952b274a11bfd5a00"'), (b'X-Powered-By', b'huggingface-moon'), (b'X-Request-Id', b'Root=1-6a44c307-13c8445b2ed78b5c6da8e84a;c1b989e1-31b2-4599-be2d-68d8d524efe2'), (b'RateLimit', b'"resolvers";r=4987;t=152'), (b'RateLimit-Policy', b'"fixed window";"resolvers";q=5000;w=300'), (b'cross-origin-opener-policy', b'same-origin'), (b'Referrer-Policy', b'strict-origin-when-cross-origin'), (b'Access-Control-Max-Age', b'86400'), (b'Access-Control-Allow-Origin', b'https://huggingface.co'), (b'Access-Control-Expose-Headers', b'X-Repo-Commit,X-Request-Id,X-Error-Code,X-Error-Message,X-Total-Count,ETag,Link,Accept-Ranges,Content-Range,X-Linked-Size,X-Linked-ETag,X-Xet-Hash'), (b'X-Repo-Commit', b'1110a243fdf4706b3f48f1d95db1a4f5529b4d41'), (b'Accept-Ranges', b'bytes'), (b'X-Hub-Cache', b'MISS'), (b'Content-Disposition', b'inline; filename*=UTF-8\'\'config.json; filename="config.json";'), (b'Content-Security-Policy', b"default-src 'none'; sandbox"), (b'Vary', b'Origin'), (b'X-Cache', b'Hit from cloudfront'), (b'Via', b'1.1 d2f8b3f0410f4074bd8093467eb47412.cloudfront.net (CloudFront)'), (b'X-Amz-Cf-Pop', b'DXB53-P3'), (b'Alt-Svc', b'h3=":443"; ma=86400'), (b'X-Amz-Cf-Id', b'A5zdB6oP1qgrQDXIni0Hfh6IptKpF-bLA3itl9BRurtEfPgy7Ivn5A=='), (b'Age', b'2012954')])
2026-07-24 19:43:46 | DEBUG    | httpcore.http11 | [-] | receive_response_body.started request=<Request [b'HEAD']>
2026-07-24 19:43:46 | DEBUG    | httpcore.http11 | [-] | receive_response_body.complete
2026-07-24 19:43:46 | DEBUG    | httpcore.http11 | [-] | response_closed.started
2026-07-24 19:43:46 | DEBUG    | httpcore.http11 | [-] | response_closed.complete
2026-07-24 19:43:46 | DEBUG    | httpcore.http11 | [-] | send_request_headers.started request=<Request [b'HEAD']>
2026-07-24 19:43:46 | DEBUG    | httpcore.http11 | [-] | send_request_headers.complete
2026-07-24 19:43:46 | DEBUG    | httpcore.http11 | [-] | send_request_body.started request=<Request [b'HEAD']>
2026-07-24 19:43:46 | DEBUG    | httpcore.http11 | [-] | send_request_body.complete
2026-07-24 19:43:46 | DEBUG    | httpcore.http11 | [-] | receive_response_headers.started request=<Request [b'HEAD']>
2026-07-24 19:43:46 | DEBUG    | httpcore.http11 | [-] | receive_response_headers.complete return_value=(b'HTTP/1.1', 307, b'Temporary Redirect', [(b'Content-Type', b'text/plain; charset=utf-8'), (b'Content-Length', b'300'), (b'Connection', b'keep-alive'), (b'Date', b'Fri, 24 Jul 2026 14:43:46 GMT'), (b'Location', b'/api/resolve-cache/models/sentence-transformers/all-MiniLM-L6-v2/1110a243fdf4706b3f48f1d95db1a4f5529b4d41/tokenizer_config.json?%2Fsentence-transformers%2Fall-MiniLM-L6-v2%2Fresolve%2Fmain%2Ftokenizer_config.json=&etag=%22c79f2b6a0cea6f4b564fed1938984bace9d30ff0%22'), (b'X-Powered-By', b'huggingface-moon'), (b'X-Request-Id', b'Root=1-6a637a22-640c674444d6d1e93a8e4f6d;97e5ac50-76ab-4dbc-a96b-b4953bf7cdce'), (b'RateLimit', b'"resolvers";r=4950;t=197'), (b'RateLimit-Policy', b'"fixed window";"resolvers";q=5000;w=300'), (b'cross-origin-opener-policy', b'same-origin'), (b'Referrer-Policy', b'strict-origin-when-cross-origin'), (b'Access-Control-Max-Age', b'86400'), (b'Access-Control-Allow-Origin', b'https://huggingface.co'), (b'Vary', b'Origin, Accept'), (b'Access-Control-Expose-Headers', b'X-Repo-Commit,X-Request-Id,X-Error-Code,X-Error-Message,X-Total-Count,ETag,Link,Accept-Ranges,Content-Range,X-Linked-Size,X-Linked-ETag,X-Xet-Hash'), (b'X-Repo-Commit', b'1110a243fdf4706b3f48f1d95db1a4f5529b4d41'), (b'Accept-Ranges', b'bytes'), (b'X-Hub-Cache', b'HIT'), (b'Content-Disposition', b'inline; filename*=UTF-8\'\'tokenizer_config.json; filename="tokenizer_config.json";'), (b'Content-Security-Policy', b"default-src 'none'; sandbox"), (b'X-Linked-ETag', b'"c79f2b6a0cea6f4b564fed1938984bace9d30ff0"'), (b'X-Cache', b'Miss from cloudfront'), (b'Via', b'1.1 d2f8b3f0410f4074bd8093467eb47412.cloudfront.net (CloudFront)'), (b'X-Amz-Cf-Pop', b'DXB53-P3'), (b'Alt-Svc', b'h3=":443"; ma=86400'), (b'X-Amz-Cf-Id', b'_VDT9faQOcDYFdO8PLw-Z-jHjO8ZO_Z6Y-Q8kEugvKEd7otPdshr7Q==')])
2026-07-24 19:43:46 | DEBUG    | httpcore.http11 | [-] | receive_response_body.started request=<Request [b'HEAD']>
2026-07-24 19:43:46 | DEBUG    | httpcore.http11 | [-] | receive_response_body.complete
2026-07-24 19:43:46 | DEBUG    | httpcore.http11 | [-] | response_closed.started
2026-07-24 19:43:46 | DEBUG    | httpcore.http11 | [-] | response_closed.complete
2026-07-24 19:43:46 | DEBUG    | httpcore.http11 | [-] | send_request_headers.started request=<Request [b'HEAD']>
2026-07-24 19:43:46 | DEBUG    | httpcore.http11 | [-] | send_request_headers.complete
2026-07-24 19:43:46 | DEBUG    | httpcore.http11 | [-] | send_request_body.started request=<Request [b'HEAD']>
2026-07-24 19:43:46 | DEBUG    | httpcore.http11 | [-] | send_request_body.complete
2026-07-24 19:43:46 | DEBUG    | httpcore.http11 | [-] | receive_response_headers.started request=<Request [b'HEAD']>
2026-07-24 19:43:46 | DEBUG    | httpcore.http11 | [-] | receive_response_headers.complete return_value=(b'HTTP/1.1', 200, b'OK', [(b'Content-Type', b'text/plain; charset=utf-8'), (b'Content-Length', b'350'), (b'Connection', b'keep-alive'), (b'Date', b'Fri, 24 Jul 2026 11:05:05 GMT'), (b'ETag', b'"c79f2b6a0cea6f4b564fed1938984bace9d30ff0"'), (b'X-Powered-By', b'huggingface-moon'), (b'X-Request-Id', b'Root=1-6a6346e1-27cb61b27e9d1a7f115796ef;5c2dd97f-1c4b-406a-9cd6-05db6e9698e3'), (b'RateLimit', b'"resolvers";r=4981;t=118'), (b'RateLimit-Policy', b'"fixed window";"resolvers";q=5000;w=300'), (b'cross-origin-opener-policy', b'same-origin'), (b'Referrer-Policy', b'strict-origin-when-cross-origin'), (b'Access-Control-Max-Age', b'86400'), (b'Access-Control-Allow-Origin', b'https://huggingface.co'), (b'Access-Control-Expose-Headers', b'X-Repo-Commit,X-Request-Id,X-Error-Code,X-Error-Message,X-Total-Count,ETag,Link,Accept-Ranges,Content-Range,X-Linked-Size,X-Linked-ETag,X-Xet-Hash'), (b'X-Repo-Commit', b'1110a243fdf4706b3f48f1d95db1a4f5529b4d41'), (b'Accept-Ranges', b'bytes'), (b'X-Hub-Cache', b'HIT'), (b'Content-Disposition', b'inline; filename*=UTF-8\'\'tokenizer_config.json; filename="tokenizer_config.json";'), (b'Content-Security-Policy', b"default-src 'none'; sandbox"), (b'Vary', b'Origin'), (b'X-Cache', b'Hit from cloudfront'), (b'Via', b'1.1 d2f8b3f0410f4074bd8093467eb47412.cloudfront.net (CloudFront)'), (b'X-Amz-Cf-Pop', b'DXB53-P3'), (b'Alt-Svc', b'h3=":443"; ma=86400'), (b'X-Amz-Cf-Id', b'kGvdRGxCqsQXzX_Ga1I6m8cUkVyzo200RUhHpT-NuZAuGcUIUvaEKA=='), (b'Age', b'13121')])
2026-07-24 19:43:46 | DEBUG    | httpcore.http11 | [-] | receive_response_body.started request=<Request [b'HEAD']>
2026-07-24 19:43:46 | DEBUG    | httpcore.http11 | [-] | receive_response_body.complete
2026-07-24 19:43:46 | DEBUG    | httpcore.http11 | [-] | response_closed.started
2026-07-24 19:43:46 | DEBUG    | httpcore.http11 | [-] | response_closed.complete
2026-07-24 19:43:46 | DEBUG    | httpcore.http11 | [-] | send_request_headers.started request=<Request [b'GET']>
2026-07-24 19:43:46 | DEBUG    | httpcore.http11 | [-] | send_request_headers.complete
2026-07-24 19:43:46 | DEBUG    | httpcore.http11 | [-] | send_request_body.started request=<Request [b'GET']>
2026-07-24 19:43:46 | DEBUG    | httpcore.http11 | [-] | send_request_body.complete
2026-07-24 19:43:46 | DEBUG    | httpcore.http11 | [-] | receive_response_headers.started request=<Request [b'GET']>
2026-07-24 19:43:46 | DEBUG    | httpcore.http11 | [-] | receive_response_headers.complete return_value=(b'HTTP/1.1', 404, b'Not Found', [(b'Content-Type', b'application/json; charset=utf-8'), (b'Content-Length', b'64'), (b'Connection', b'keep-alive'), (b'Date', b'Fri, 24 Jul 2026 14:43:47 GMT'), (b'ETag', b'W/"40-09f9IAqP13xarAhQxFS2W8rvRkM"'), (b'X-Powered-By', b'huggingface-moon'), (b'X-Request-Id', b'Root=1-6a637a23-7ce1bf5a52a681c70c645a00;96db261e-0626-442d-add6-a31471a78385'), (b'RateLimit', b'"api";r=993;t=196'), (b'RateLimit-Policy', b'"fixed window";"api";q=1000;w=300'), (b'cross-origin-opener-policy', b'same-origin'), (b'Referrer-Policy', b'strict-origin-when-cross-origin'), (b'Access-Control-Max-Age', b'86400'), (b'Access-Control-Allow-Origin', b'https://huggingface.co'), (b'Vary', b'Origin'), (b'Access-Control-Expose-Headers', b'X-Repo-Commit,X-Request-Id,X-Error-Code,X-Error-Message,X-Total-Count,ETag,Link,Accept-Ranges,Content-Range,X-Linked-Size,X-Linked-ETag,X-Xet-Hash'), (b'X-Error-Code', b'EntryNotFound'), (b'X-Error-Message', b'additional_chat_templates does not exist on "main"'), (b'X-Cache', b'Error from cloudfront'), (b'Via', b'1.1 d2f8b3f0410f4074bd8093467eb47412.cloudfront.net (CloudFront)'), (b'X-Amz-Cf-Pop', b'DXB53-P3'), (b'Alt-Svc', b'h3=":443"; ma=86400'), (b'X-Amz-Cf-Id', b'DQPiur4Vfk7XqjCKnhm-42WqB1nH-TtfbVyPBK_EBgmheaCCQjSp6g==')])
2026-07-24 19:43:46 | DEBUG    | httpcore.http11 | [-] | receive_response_body.started request=<Request [b'GET']>
2026-07-24 19:43:46 | DEBUG    | httpcore.http11 | [-] | receive_response_body.complete
2026-07-24 19:43:46 | DEBUG    | httpcore.http11 | [-] | response_closed.started
2026-07-24 19:43:46 | DEBUG    | httpcore.http11 | [-] | response_closed.complete
2026-07-24 19:43:46 | DEBUG    | httpcore.http11 | [-] | send_request_headers.started request=<Request [b'GET']>
2026-07-24 19:43:46 | DEBUG    | httpcore.http11 | [-] | send_request_headers.complete
2026-07-24 19:43:46 | DEBUG    | httpcore.http11 | [-] | send_request_body.started request=<Request [b'GET']>
2026-07-24 19:43:46 | DEBUG    | httpcore.http11 | [-] | send_request_body.complete
2026-07-24 19:43:46 | DEBUG    | httpcore.http11 | [-] | receive_response_headers.started request=<Request [b'GET']>
2026-07-24 19:43:47 | DEBUG    | httpcore.http11 | [-] | receive_response_headers.complete return_value=(b'HTTP/1.1', 200, b'OK', [(b'Content-Type', b'application/json; charset=utf-8'), (b'Transfer-Encoding', b'chunked'), (b'Connection', b'keep-alive'), (b'Date', b'Fri, 24 Jul 2026 14:43:47 GMT'), (b'content-encoding', b'gzip'), (b'ETag', b'W/"1941-hVCCg8o6+Z9eHy795jGmhiAD0to"'), (b'X-Powered-By', b'huggingface-moon'), (b'X-Request-Id', b'Root=1-6a637a23-7afcbccc550387bf4fe23dfe;2ec11545-674f-4ba3-857c-c7c0207938e1'), (b'RateLimit', b'"api";r=992;t=196'), (b'RateLimit-Policy', b'"fixed window";"api";q=1000;w=300'), (b'cross-origin-opener-policy', b'same-origin'), (b'Referrer-Policy', b'strict-origin-when-cross-origin'), (b'Access-Control-Max-Age', b'86400'), (b'Access-Control-Allow-Origin', b'https://huggingface.co'), (b'Vary', b'Origin'), (b'vary', b'Accept-Encoding'), (b'Access-Control-Expose-Headers', b'X-Repo-Commit,X-Request-Id,X-Error-Code,X-Error-Message,X-Total-Count,ETag,Link,Accept-Ranges,Content-Range,X-Linked-Size,X-Linked-ETag,X-Xet-Hash'), (b'X-Cache', b'Miss from cloudfront'), (b'Via', b'1.1 d2f8b3f0410f4074bd8093467eb47412.cloudfront.net (CloudFront)'), (b'X-Amz-Cf-Pop', b'DXB53-P3'), (b'Alt-Svc', b'h3=":443"; ma=86400'), (b'X-Amz-Cf-Id', b'wezXR3sEKqzuW93bqVUtrQX_QwQoAQF-q9idYXspdss5p4TTaG2Jqw==')])
2026-07-24 19:43:47 | DEBUG    | httpcore.http11 | [-] | receive_response_body.started request=<Request [b'GET']>
2026-07-24 19:43:47 | DEBUG    | httpcore.http11 | [-] | receive_response_body.complete
2026-07-24 19:43:47 | DEBUG    | httpcore.http11 | [-] | response_closed.started
2026-07-24 19:43:47 | DEBUG    | httpcore.http11 | [-] | response_closed.complete
2026-07-24 19:43:47 | DEBUG    | sentence_transformers.base.modules.transformer | [-] | Active modality config: {'text': {'method': 'forward', 'method_output_name': 'last_hidden_state'}}
2026-07-24 19:43:47 | DEBUG    | httpcore.http11 | [-] | send_request_headers.started request=<Request [b'HEAD']>
2026-07-24 19:43:47 | DEBUG    | httpcore.http11 | [-] | send_request_headers.complete
2026-07-24 19:43:47 | DEBUG    | httpcore.http11 | [-] | send_request_body.started request=<Request [b'HEAD']>
2026-07-24 19:43:47 | DEBUG    | httpcore.http11 | [-] | send_request_body.complete
2026-07-24 19:43:47 | DEBUG    | httpcore.http11 | [-] | receive_response_headers.started request=<Request [b'HEAD']>
2026-07-24 19:43:47 | DEBUG    | httpcore.http11 | [-] | receive_response_headers.complete return_value=(b'HTTP/1.1', 307, b'Temporary Redirect', [(b'Content-Type', b'text/plain; charset=utf-8'), (b'Content-Length', b'304'), (b'Connection', b'keep-alive'), (b'Date', b'Fri, 24 Jul 2026 14:43:47 GMT'), (b'Location', b'/api/resolve-cache/models/sentence-transformers/all-MiniLM-L6-v2/1110a243fdf4706b3f48f1d95db1a4f5529b4d41/1_Pooling%2Fconfig.json?%2Fsentence-transformers%2Fall-MiniLM-L6-v2%2Fresolve%2Fmain%2F1_Pooling%2Fconfig.json=&etag=%22d1514c3162bbe87b343f565fadc62e6c06f04f03%22'), (b'X-Powered-By', b'huggingface-moon'), (b'X-Request-Id', b'Root=1-6a637a23-1560bc161fe4c3a166c77026;75428c18-00e6-44c0-98cf-7138fc274c38'), (b'RateLimit', b'"resolvers";r=4949;t=196'), (b'RateLimit-Policy', b'"fixed window";"resolvers";q=5000;w=300'), (b'cross-origin-opener-policy', b'same-origin'), (b'Referrer-Policy', b'strict-origin-when-cross-origin'), (b'Access-Control-Max-Age', b'86400'), (b'Access-Control-Allow-Origin', b'https://huggingface.co'), (b'Vary', b'Origin, Accept'), (b'Access-Control-Expose-Headers', b'X-Repo-Commit,X-Request-Id,X-Error-Code,X-Error-Message,X-Total-Count,ETag,Link,Accept-Ranges,Content-Range,X-Linked-Size,X-Linked-ETag,X-Xet-Hash'), (b'X-Repo-Commit', b'1110a243fdf4706b3f48f1d95db1a4f5529b4d41'), (b'Accept-Ranges', b'bytes'), (b'X-Hub-Cache', b'HIT'), (b'Content-Disposition', b'inline; filename*=UTF-8\'\'config.json; filename="config.json";'), (b'Content-Security-Policy', b"default-src 'none'; sandbox"), (b'X-Linked-ETag', b'"d1514c3162bbe87b343f565fadc62e6c06f04f03"'), (b'X-Cache', b'Miss from cloudfront'), (b'Via', b'1.1 d2f8b3f0410f4074bd8093467eb47412.cloudfront.net (CloudFront)'), (b'X-Amz-Cf-Pop', b'DXB53-P3'), (b'Alt-Svc', b'h3=":443"; ma=86400'), (b'X-Amz-Cf-Id', b'ElMwM1yy94kMkyKzs9xIyUUhJO8TxHrAvaKdLKRlOs4PN33tnqpmSg==')])
2026-07-24 19:43:47 | DEBUG    | httpcore.http11 | [-] | receive_response_body.started request=<Request [b'HEAD']>
2026-07-24 19:43:47 | DEBUG    | httpcore.http11 | [-] | receive_response_body.complete
2026-07-24 19:43:47 | DEBUG    | httpcore.http11 | [-] | response_closed.started
2026-07-24 19:43:47 | DEBUG    | httpcore.http11 | [-] | response_closed.complete
2026-07-24 19:43:47 | DEBUG    | httpcore.http11 | [-] | send_request_headers.started request=<Request [b'HEAD']>
2026-07-24 19:43:47 | DEBUG    | httpcore.http11 | [-] | send_request_headers.complete
2026-07-24 19:43:47 | DEBUG    | httpcore.http11 | [-] | send_request_body.started request=<Request [b'HEAD']>
2026-07-24 19:43:47 | DEBUG    | httpcore.http11 | [-] | send_request_body.complete
2026-07-24 19:43:47 | DEBUG    | httpcore.http11 | [-] | receive_response_headers.started request=<Request [b'HEAD']>
2026-07-24 19:43:47 | DEBUG    | httpcore.http11 | [-] | receive_response_headers.complete return_value=(b'HTTP/1.1', 200, b'OK', [(b'Content-Type', b'text/plain; charset=utf-8'), (b'Content-Length', b'190'), (b'Connection', b'keep-alive'), (b'Date', b'Fri, 24 Jul 2026 11:05:09 GMT'), (b'ETag', b'"d1514c3162bbe87b343f565fadc62e6c06f04f03"'), (b'X-Powered-By', b'huggingface-moon'), (b'X-Request-Id', b'Root=1-6a6346e5-46d49676763629e364dc0f2d;6a07d2bd-adb5-4e7c-88fb-d95c10d2ea81'), (b'RateLimit', b'"resolvers";r=4976;t=114'), (b'RateLimit-Policy', b'"fixed window";"resolvers";q=5000;w=300'), (b'cross-origin-opener-policy', b'same-origin'), (b'Referrer-Policy', b'strict-origin-when-cross-origin'), (b'Access-Control-Max-Age', b'86400'), (b'Access-Control-Allow-Origin', b'https://huggingface.co'), (b'Access-Control-Expose-Headers', b'X-Repo-Commit,X-Request-Id,X-Error-Code,X-Error-Message,X-Total-Count,ETag,Link,Accept-Ranges,Content-Range,X-Linked-Size,X-Linked-ETag,X-Xet-Hash'), (b'X-Repo-Commit', b'1110a243fdf4706b3f48f1d95db1a4f5529b4d41'), (b'Accept-Ranges', b'bytes'), (b'X-Hub-Cache', b'HIT'), (b'Content-Disposition', b'inline; filename*=UTF-8\'\'config.json; filename="config.json";'), (b'Content-Security-Policy', b"default-src 'none'; sandbox"), (b'Vary', b'Origin'), (b'X-Cache', b'Hit from cloudfront'), (b'Via', b'1.1 d2f8b3f0410f4074bd8093467eb47412.cloudfront.net (CloudFront)'), (b'X-Amz-Cf-Pop', b'DXB53-P3'), (b'Alt-Svc', b'h3=":443"; ma=86400'), (b'X-Amz-Cf-Id', b'9mQQid93Ev79GOrg2wpNBmxPIedzBzHLMkmw3P3ggTq6VAG8DF8tag=='), (b'Age', b'13118')])
2026-07-24 19:43:47 | DEBUG    | httpcore.http11 | [-] | receive_response_body.started request=<Request [b'HEAD']>
2026-07-24 19:43:47 | DEBUG    | httpcore.http11 | [-] | receive_response_body.complete
2026-07-24 19:43:47 | DEBUG    | httpcore.http11 | [-] | response_closed.started
2026-07-24 19:43:47 | DEBUG    | httpcore.http11 | [-] | response_closed.complete
2026-07-24 19:43:47 | DEBUG    | httpcore.http11 | [-] | send_request_headers.started request=<Request [b'GET']>
2026-07-24 19:43:47 | DEBUG    | httpcore.http11 | [-] | send_request_headers.complete
2026-07-24 19:43:47 | DEBUG    | httpcore.http11 | [-] | send_request_body.started request=<Request [b'GET']>
2026-07-24 19:43:47 | DEBUG    | httpcore.http11 | [-] | send_request_body.complete
2026-07-24 19:43:47 | DEBUG    | httpcore.http11 | [-] | receive_response_headers.started request=<Request [b'GET']>
2026-07-24 19:43:47 | DEBUG    | httpcore.http11 | [-] | receive_response_headers.complete return_value=(b'HTTP/1.1', 200, b'OK', [(b'Content-Type', b'application/json; charset=utf-8'), (b'Transfer-Encoding', b'chunked'), (b'Connection', b'keep-alive'), (b'Date', b'Fri, 24 Jul 2026 14:43:48 GMT'), (b'content-encoding', b'gzip'), (b'ETag', b'W/"1b76-//v1EMCOwGoUziyula2lAAyywnw"'), (b'X-Powered-By', b'huggingface-moon'), (b'X-Request-Id', b'Root=1-6a637a24-3a8056c00b7bdc484d08fabf;d9a1fe13-69fb-412e-8fd5-5d312f81ebd6'), (b'RateLimit', b'"api";r=991;t=195'), (b'RateLimit-Policy', b'"fixed window";"api";q=1000;w=300'), (b'cross-origin-opener-policy', b'same-origin'), (b'Referrer-Policy', b'strict-origin-when-cross-origin'), (b'Access-Control-Max-Age', b'86400'), (b'Access-Control-Allow-Origin', b'https://huggingface.co'), (b'Vary', b'Origin'), (b'vary', b'Accept-Encoding'), (b'Access-Control-Expose-Headers', b'X-Repo-Commit,X-Request-Id,X-Error-Code,X-Error-Message,X-Total-Count,ETag,Link,Accept-Ranges,Content-Range,X-Linked-Size,X-Linked-ETag,X-Xet-Hash'), (b'X-Cache', b'Miss from cloudfront'), (b'Via', b'1.1 d2f8b3f0410f4074bd8093467eb47412.cloudfront.net (CloudFront)'), (b'X-Amz-Cf-Pop', b'DXB53-P3'), (b'Alt-Svc', b'h3=":443"; ma=86400'), (b'X-Amz-Cf-Id', b'netGAUrTM4kBIdWQw44yh4ICjfqSn56RNKnXikvRHj_pDIpiZFXYVA==')])
2026-07-24 19:43:47 | DEBUG    | httpcore.http11 | [-] | receive_response_body.started request=<Request [b'GET']>
2026-07-24 19:43:47 | DEBUG    | httpcore.http11 | [-] | receive_response_body.complete
2026-07-24 19:43:47 | DEBUG    | httpcore.http11 | [-] | response_closed.started
2026-07-24 19:43:47 | DEBUG    | httpcore.http11 | [-] | response_closed.complete
2026-07-24 19:43:48 | INFO     | app_workflow.services.embedding_manager | [-] | Model 'all-MiniLM-L6-v2' loaded on cuda. Embedding dimension: 384
2026-07-24 19:43:48 | INFO     | app_workflow.services.embedding_manager | [-] | GPU: NVIDIA GeForce RTX 5050 Laptop GPU
2026-07-24 19:43:48 | INFO     | app_workflow.services.vector_store | [-] | Vector store initialized: collection='documents', path='C:\Users\LOQ\Desktop\Projects\RAG-work\data\vector_store'
2026-07-24 19:43:48 | INFO     | app_workflow.services.vector_store | [-] | Existing documents in collection: 237
2026-07-24 19:43:48 | INFO     | app_workflow.services.vector_store | [-] | Adding 42 chunks in batches of 512
2026-07-24 19:43:48 | DEBUG    | app_workflow.services.vector_store | [-] | Processing batch 0 - 41
2026-07-24 19:43:48 | DEBUG    | app_workflow.services.embedding_manager | [-] |   [embedding] calling model.encode() on 'all-MiniLM-L6-v2'
2026-07-24 19:43:48 | DEBUG    | app_workflow.services.embedding_manager | [-] |   [embedding] model.encode() on 'all-MiniLM-L6-v2' took 0.848s
2026-07-24 19:43:48 | DEBUG    | urllib3.connectionpool | [-] | http://localhost:3000 "POST /api/public/otel/v1/traces HTTP/1.1" 200 None
2026-07-24 19:43:48 | INFO     | app_workflow.services.vector_store | [-] | Adding 42 documents to the vector store...
2026-07-24 19:43:49 | INFO     | app_workflow.services.vector_store | [-] | 42 documents added to vector store.
2026-07-24 19:43:49 | INFO     | app_workflow.services.vector_store | [-] | All batches inserted successfully.
2026-07-24 19:43:49 | INFO     | app_workflow.ingestion.ingestion_requests | [-] | Ingestion complete. Total documents in store: 279
2026-07-24 19:43:49 | DEBUG    | pymongo.topology | [-] | {"message": "Server heartbeat succeeded", "topologyId": {"$oid": "6a6379e981fbeaa746fb0631"}, "driverConnectionId": 1, "serverConnectionId": 8, "serverHost": "127.0.0.1", "serverPort": 27017, "awaited": true, "durationMS": 10000.25290006306, "reply": "{\"topologyVersion\": {\"processId\": {\"$oid\": \"6a6379ca3fbe2565cad92aab\"}, \"counter\": 6}, \"hosts\": [\"127.0.0.1:27017\"], \"setName\": \"rs0\", \"setVersion\": 1, \"isWritablePrimary\": true, \"primary\": \"127.0.0.1:27017\", \"me\": \"127.0.0.1:27017\", \"electionId\": {\"$oid\": \"7fffffff0000000000000009\"}, \"lastWrite\": {\"opTime\": {\"ts\": {\"$timestamp\": {\"t\": 1784904229, \"i\": 1}}, \"t\": 9}, \"lastWriteDate\": {\"$date\": \"2026-07-24T14:43:49Z\"}, \"majorityOpTime\": {\"ts\": {\"$timestamp\": {\"t\": 1784904229, \"i\": 1}}, \"t\": 9}, \"majorityWriteDate\": {\"$date\": \"2026-07-24T14:43:49Z\"}}, \"maxBsonObjectSize\": 16777216, \"maxMessageSizeBytes\": 48000000, \"maxWriteBatchSize\": 100000, \"localTime\": {\"$date\": \"2026-07-24T14:43:49.489Z\"}, \"logicalSessionTimeoutMinutes\": 30, \"connectionId\": 8, \"maxWireVersion\": 28, \"ok\": 1.0, \"$clusterTime\": {\"clusterTime\": {\"$timestamp\": {\"t\": 1784904229, \"i\": 1}}, \"signature\": {\"hash\": {\"$binary\": {\"base64\": \"AAAAAAAAAAAAAAAAAAAAAAAAAAA=\", \"subType\": \"00\"}}}}, \"operationTime\": {\"$timestamp\": {\"t\": 1..."}
2026-07-24 19:43:49 | DEBUG    | pymongo.topology | [-] | {"message": "Server heartbeat started", "topologyId": {"$oid": "6a6379e981fbeaa746fb0631"}, "driverConnectionId": 1, "serverConnectionId": 8, "serverHost": "127.0.0.1", "serverPort": 27017, "awaited": true}
2026-07-24 19:43:53 | DEBUG    | urllib3.connectionpool | [-] | http://localhost:3000 "POST /api/public/otel/v1/traces HTTP/1.1" 200 None
2026-07-24 19:43:59 | DEBUG    | urllib3.connectionpool | [-] | http://localhost:3000 "POST /api/public/otel/v1/traces HTTP/1.1" 200 None
2026-07-24 19:43:59 | DEBUG    | pymongo.topology | [-] | {"message": "Server heartbeat succeeded", "topologyId": {"$oid": "6a6379e981fbeaa746fb0631"}, "driverConnectionId": 1, "serverConnectionId": 8, "serverHost": "127.0.0.1", "serverPort": 27017, "awaited": true, "durationMS": 10001.029699924402, "reply": "{\"topologyVersion\": {\"processId\": {\"$oid\": \"6a6379ca3fbe2565cad92aab\"}, \"counter\": 6}, \"hosts\": [\"127.0.0.1:27017\"], \"setName\": \"rs0\", \"setVersion\": 1, \"isWritablePrimary\": true, \"primary\": \"127.0.0.1:27017\", \"me\": \"127.0.0.1:27017\", \"electionId\": {\"$oid\": \"7fffffff0000000000000009\"}, \"lastWrite\": {\"opTime\": {\"ts\": {\"$timestamp\": {\"t\": 1784904239, \"i\": 1}}, \"t\": 9}, \"lastWriteDate\": {\"$date\": \"2026-07-24T14:43:59Z\"}, \"majorityOpTime\": {\"ts\": {\"$timestamp\": {\"t\": 1784904239, \"i\": 1}}, \"t\": 9}, \"majorityWriteDate\": {\"$date\": \"2026-07-24T14:43:59Z\"}}, \"maxBsonObjectSize\": 16777216, \"maxMessageSizeBytes\": 48000000, \"maxWriteBatchSize\": 100000, \"localTime\": {\"$date\": \"2026-07-24T14:43:59.491Z\"}, \"logicalSessionTimeoutMinutes\": 30, \"connectionId\": 8, \"maxWireVersion\": 28, \"ok\": 1.0, \"$clusterTime\": {\"clusterTime\": {\"$timestamp\": {\"t\": 1784904239, \"i\": 1}}, \"signature\": {\"hash\": {\"$binary\": {\"base64\": \"AAAAAAAAAAAAAAAAAAAAAAAAAAA=\", \"subType\": \"00\"}}}}, \"operationTime\": {\"$timestamp\": {\"t\": 1..."}
2026-07-24 19:43:59 | DEBUG    | pymongo.topology | [-] | {"message": "Server heartbeat started", "topologyId": {"$oid": "6a6379e981fbeaa746fb0631"}, "driverConnectionId": 1, "serverConnectionId": 8, "serverHost": "127.0.0.1", "serverPort": 27017, "awaited": true}
2026-07-24 19:44:04 | DEBUG    | urllib3.connectionpool | [-] | http://localhost:3000 "POST /api/public/otel/v1/traces HTTP/1.1" 200 None
2026-07-24 19:44:09 | DEBUG    | urllib3.connectionpool | [-] | http://localhost:3000 "POST /api/public/otel/v1/traces HTTP/1.1" 200 None
2026-07-24 19:44:09 | DEBUG    | pymongo.topology | [-] | {"message": "Server heartbeat succeeded", "topologyId": {"$oid": "6a6379e981fbeaa746fb0631"}, "driverConnectionId": 1, "serverConnectionId": 8, "serverHost": "127.0.0.1", "serverPort": 27017, "awaited": true, "durationMS": 10000.75560004916, "reply": "{\"topologyVersion\": {\"processId\": {\"$oid\": \"6a6379ca3fbe2565cad92aab\"}, \"counter\": 6}, \"hosts\": [\"127.0.0.1:27017\"], \"setName\": \"rs0\", \"setVersion\": 1, \"isWritablePrimary\": true, \"primary\": \"127.0.0.1:27017\", \"me\": \"127.0.0.1:27017\", \"electionId\": {\"$oid\": \"7fffffff0000000000000009\"}, \"lastWrite\": {\"opTime\": {\"ts\": {\"$timestamp\": {\"t\": 1784904249, \"i\": 1}}, \"t\": 9}, \"lastWriteDate\": {\"$date\": \"2026-07-24T14:44:09Z\"}, \"majorityOpTime\": {\"ts\": {\"$timestamp\": {\"t\": 1784904249, \"i\": 1}}, \"t\": 9}, \"majorityWriteDate\": {\"$date\": \"2026-07-24T14:44:09Z\"}}, \"maxBsonObjectSize\": 16777216, \"maxMessageSizeBytes\": 48000000, \"maxWriteBatchSize\": 100000, \"localTime\": {\"$date\": \"2026-07-24T14:44:09.493Z\"}, \"logicalSessionTimeoutMinutes\": 30, \"connectionId\": 8, \"maxWireVersion\": 28, \"ok\": 1.0, \"$clusterTime\": {\"clusterTime\": {\"$timestamp\": {\"t\": 1784904249, \"i\": 1}}, \"signature\": {\"hash\": {\"$binary\": {\"base64\": \"AAAAAAAAAAAAAAAAAAAAAAAAAAA=\", \"subType\": \"00\"}}}}, \"operationTime\": {\"$timestamp\": {\"t\": 1..."}
2026-07-24 19:44:09 | DEBUG    | pymongo.topology | [-] | {"message": "Server heartbeat started", "topologyId": {"$oid": "6a6379e981fbeaa746fb0631"}, "driverConnectionId": 1, "serverConnectionId": 8, "serverHost": "127.0.0.1", "serverPort": 27017, "awaited": true}
2026-07-24 19:44:14 | DEBUG    | urllib3.connectionpool | [-] | http://localhost:3000 "POST /api/public/otel/v1/traces HTTP/1.1" 200 None
2026-07-24 19:44:19 | DEBUG    | urllib3.connectionpool | [-] | http://localhost:3000 "POST /api/public/otel/v1/traces HTTP/1.1" 200 None
2026-07-24 19:44:19 | DEBUG    | pymongo.topology | [-] | {"message": "Server heartbeat succeeded", "topologyId": {"$oid": "6a6379e981fbeaa746fb0631"}, "driverConnectionId": 1, "serverConnectionId": 8, "serverHost": "127.0.0.1", "serverPort": 27017, "awaited": true, "durationMS": 9998.414400033653, "reply": "{\"topologyVersion\": {\"processId\": {\"$oid\": \"6a6379ca3fbe2565cad92aab\"}, \"counter\": 6}, \"hosts\": [\"127.0.0.1:27017\"], \"setName\": \"rs0\", \"setVersion\": 1, \"isWritablePrimary\": true, \"primary\": \"127.0.0.1:27017\", \"me\": \"127.0.0.1:27017\", \"electionId\": {\"$oid\": \"7fffffff0000000000000009\"}, \"lastWrite\": {\"opTime\": {\"ts\": {\"$timestamp\": {\"t\": 1784904259, \"i\": 1}}, \"t\": 9}, \"lastWriteDate\": {\"$date\": \"2026-07-24T14:44:19Z\"}, \"majorityOpTime\": {\"ts\": {\"$timestamp\": {\"t\": 1784904259, \"i\": 1}}, \"t\": 9}, \"majorityWriteDate\": {\"$date\": \"2026-07-24T14:44:19Z\"}}, \"maxBsonObjectSize\": 16777216, \"maxMessageSizeBytes\": 48000000, \"maxWriteBatchSize\": 100000, \"localTime\": {\"$date\": \"2026-07-24T14:44:19.495Z\"}, \"logicalSessionTimeoutMinutes\": 30, \"connectionId\": 8, \"maxWireVersion\": 28, \"ok\": 1.0, \"$clusterTime\": {\"clusterTime\": {\"$timestamp\": {\"t\": 1784904259, \"i\": 1}}, \"signature\": {\"hash\": {\"$binary\": {\"base64\": \"AAAAAAAAAAAAAAAAAAAAAAAAAAA=\", \"subType\": \"00\"}}}}, \"operationTime\": {\"$timestamp\": {\"t\": 1..."}
2026-07-24 19:44:19 | DEBUG    | pymongo.topology | [-] | {"message": "Server heartbeat started", "topologyId": {"$oid": "6a6379e981fbeaa746fb0631"}, "driverConnectionId": 1, "serverConnectionId": 8, "serverHost": "127.0.0.1", "serverPort": 27017, "awaited": true}
2026-07-24 19:44:24 | DEBUG    | urllib3.connectionpool | [-] | http://localhost:3000 "POST /api/public/otel/v1/traces HTTP/1.1" 200 None
2026-07-24 19:44:29 | DEBUG    | urllib3.connectionpool | [-] | http://localhost:3000 "POST /api/public/otel/v1/traces HTTP/1.1" 200 None
2026-07-24 19:44:29 | DEBUG    | pymongo.topology | [-] | {"message": "Server heartbeat succeeded", "topologyId": {"$oid": "6a6379e981fbeaa746fb0631"}, "driverConnectionId": 1, "serverConnectionId": 8, "serverHost": "127.0.0.1", "serverPort": 27017, "awaited": true, "durationMS": 9999.639099929482, "reply": "{\"topologyVersion\": {\"processId\": {\"$oid\": \"6a6379ca3fbe2565cad92aab\"}, \"counter\": 6}, \"hosts\": [\"127.0.0.1:27017\"], \"setName\": \"rs0\", \"setVersion\": 1, \"isWritablePrimary\": true, \"primary\": \"127.0.0.1:27017\", \"me\": \"127.0.0.1:27017\", \"electionId\": {\"$oid\": \"7fffffff0000000000000009\"}, \"lastWrite\": {\"opTime\": {\"ts\": {\"$timestamp\": {\"t\": 1784904269, \"i\": 1}}, \"t\": 9}, \"lastWriteDate\": {\"$date\": \"2026-07-24T14:44:29Z\"}, \"majorityOpTime\": {\"ts\": {\"$timestamp\": {\"t\": 1784904269, \"i\": 1}}, \"t\": 9}, \"majorityWriteDate\": {\"$date\": \"2026-07-24T14:44:29Z\"}}, \"maxBsonObjectSize\": 16777216, \"maxMessageSizeBytes\": 48000000, \"maxWriteBatchSize\": 100000, \"localTime\": {\"$date\": \"2026-07-24T14:44:29.496Z\"}, \"logicalSessionTimeoutMinutes\": 30, \"connectionId\": 8, \"maxWireVersion\": 28, \"ok\": 1.0, \"$clusterTime\": {\"clusterTime\": {\"$timestamp\": {\"t\": 1784904269, \"i\": 1}}, \"signature\": {\"hash\": {\"$binary\": {\"base64\": \"AAAAAAAAAAAAAAAAAAAAAAAAAAA=\", \"subType\": \"00\"}}}}, \"operationTime\": {\"$timestamp\": {\"t\": 1..."}
2026-07-24 19:44:29 | DEBUG    | pymongo.topology | [-] | {"message": "Server heartbeat started", "topologyId": {"$oid": "6a6379e981fbeaa746fb0631"}, "driverConnectionId": 1, "serverConnectionId": 8, "serverHost": "127.0.0.1", "serverPort": 27017, "awaited": true}
2026-07-24 19:44:34 | DEBUG    | urllib3.connectionpool | [-] | http://localhost:3000 "POST /api/public/otel/v1/traces HTTP/1.1" 200 None
2026-07-24 19:44:39 | DEBUG    | pymongo.topology | [-] | {"message": "Server heartbeat succeeded", "topologyId": {"$oid": "6a6379e981fbeaa746fb0631"}, "driverConnectionId": 1, "serverConnectionId": 8, "serverHost": "127.0.0.1", "serverPort": 27017, "awaited": true, "durationMS": 9999.876399990171, "reply": "{\"topologyVersion\": {\"processId\": {\"$oid\": \"6a6379ca3fbe2565cad92aab\"}, \"counter\": 6}, \"hosts\": [\"127.0.0.1:27017\"], \"setName\": \"rs0\", \"setVersion\": 1, \"isWritablePrimary\": true, \"primary\": \"127.0.0.1:27017\", \"me\": \"127.0.0.1:27017\", \"electionId\": {\"$oid\": \"7fffffff0000000000000009\"}, \"lastWrite\": {\"opTime\": {\"ts\": {\"$timestamp\": {\"t\": 1784904279, \"i\": 1}}, \"t\": 9}, \"lastWriteDate\": {\"$date\": \"2026-07-24T14:44:39Z\"}, \"majorityOpTime\": {\"ts\": {\"$timestamp\": {\"t\": 1784904279, \"i\": 1}}, \"t\": 9}, \"majorityWriteDate\": {\"$date\": \"2026-07-24T14:44:39Z\"}}, \"maxBsonObjectSize\": 16777216, \"maxMessageSizeBytes\": 48000000, \"maxWriteBatchSize\": 100000, \"localTime\": {\"$date\": \"2026-07-24T14:44:39.497Z\"}, \"logicalSessionTimeoutMinutes\": 30, \"connectionId\": 8, \"maxWireVersion\": 28, \"ok\": 1.0, \"$clusterTime\": {\"clusterTime\": {\"$timestamp\": {\"t\": 1784904279, \"i\": 1}}, \"signature\": {\"hash\": {\"$binary\": {\"base64\": \"AAAAAAAAAAAAAAAAAAAAAAAAAAA=\", \"subType\": \"00\"}}}}, \"operationTime\": {\"$timestamp\": {\"t\": 1..."}
2026-07-24 19:44:39 | DEBUG    | pymongo.topology | [-] | {"message": "Server heartbeat started", "topologyId": {"$oid": "6a6379e981fbeaa746fb0631"}, "driverConnectionId": 1, "serverConnectionId": 8, "serverHost": "127.0.0.1", "serverPort": 27017, "awaited": true}
2026-07-24 19:44:39 | DEBUG    | urllib3.connectionpool | [-] | http://localhost:3000 "POST /api/public/otel/v1/traces HTTP/1.1" 200 None
2026-07-24 19:44:44 | DEBUG    | urllib3.connectionpool | [-] | http://localhost:3000 "POST /api/public/otel/v1/traces HTTP/1.1" 200 None
2026-07-24 19:44:49 | DEBUG    | pymongo.topology | [-] | {"message": "Server heartbeat succeeded", "topologyId": {"$oid": "6a6379e981fbeaa746fb0631"}, "driverConnectionId": 1, "serverConnectionId": 8, "serverHost": "127.0.0.1", "serverPort": 27017, "awaited": true, "durationMS": 9997.716799960472, "reply": "{\"topologyVersion\": {\"processId\": {\"$oid\": \"6a6379ca3fbe2565cad92aab\"}, \"counter\": 6}, \"hosts\": [\"127.0.0.1:27017\"], \"setName\": \"rs0\", \"setVersion\": 1, \"isWritablePrimary\": true, \"primary\": \"127.0.0.1:27017\", \"me\": \"127.0.0.1:27017\", \"electionId\": {\"$oid\": \"7fffffff0000000000000009\"}, \"lastWrite\": {\"opTime\": {\"ts\": {\"$timestamp\": {\"t\": 1784904289, \"i\": 1}}, \"t\": 9}, \"lastWriteDate\": {\"$date\": \"2026-07-24T14:44:49Z\"}, \"majorityOpTime\": {\"ts\": {\"$timestamp\": {\"t\": 1784904289, \"i\": 1}}, \"t\": 9}, \"majorityWriteDate\": {\"$date\": \"2026-07-24T14:44:49Z\"}}, \"maxBsonObjectSize\": 16777216, \"maxMessageSizeBytes\": 48000000, \"maxWriteBatchSize\": 100000, \"localTime\": {\"$date\": \"2026-07-24T14:44:49.497Z\"}, \"logicalSessionTimeoutMinutes\": 30, \"connectionId\": 8, \"maxWireVersion\": 28, \"ok\": 1.0, \"$clusterTime\": {\"clusterTime\": {\"$timestamp\": {\"t\": 1784904289, \"i\": 1}}, \"signature\": {\"hash\": {\"$binary\": {\"base64\": \"AAAAAAAAAAAAAAAAAAAAAAAAAAA=\", \"subType\": \"00\"}}}}, \"operationTime\": {\"$timestamp\": {\"t\": 1..."}
2026-07-24 19:44:49 | DEBUG    | pymongo.topology | [-] | {"message": "Server heartbeat started", "topologyId": {"$oid": "6a6379e981fbeaa746fb0631"}, "driverConnectionId": 1, "serverConnectionId": 8, "serverHost": "127.0.0.1", "serverPort": 27017, "awaited": true}
2026-07-24 19:44:49 | DEBUG    | urllib3.connectionpool | [-] | http://localhost:3000 "POST /api/public/otel/v1/traces HTTP/1.1" 200 None
2026-07-24 19:44:54 | DEBUG    | urllib3.connectionpool | [-] | http://localhost:3000 "POST /api/public/otel/v1/traces HTTP/1.1" 200 None
2026-07-24 19:44:59 | DEBUG    | pymongo.topology | [-] | {"message": "Server heartbeat succeeded", "topologyId": {"$oid": "6a6379e981fbeaa746fb0631"}, "driverConnectionId": 1, "serverConnectionId": 8, "serverHost": "127.0.0.1", "serverPort": 27017, "awaited": true, "durationMS": 9999.44589997176, "reply": "{\"topologyVersion\": {\"processId\": {\"$oid\": \"6a6379ca3fbe2565cad92aab\"}, \"counter\": 6}, \"hosts\": [\"127.0.0.1:27017\"], \"setName\": \"rs0\", \"setVersion\": 1, \"isWritablePrimary\": true, \"primary\": \"127.0.0.1:27017\", \"me\": \"127.0.0.1:27017\", \"electionId\": {\"$oid\": \"7fffffff0000000000000009\"}, \"lastWrite\": {\"opTime\": {\"ts\": {\"$timestamp\": {\"t\": 1784904299, \"i\": 1}}, \"t\": 9}, \"lastWriteDate\": {\"$date\": \"2026-07-24T14:44:59Z\"}, \"majorityOpTime\": {\"ts\": {\"$timestamp\": {\"t\": 1784904299, \"i\": 1}}, \"t\": 9}, \"majorityWriteDate\": {\"$date\": \"2026-07-24T14:44:59Z\"}}, \"maxBsonObjectSize\": 16777216, \"maxMessageSizeBytes\": 48000000, \"maxWriteBatchSize\": 100000, \"localTime\": {\"$date\": \"2026-07-24T14:44:59.499Z\"}, \"logicalSessionTimeoutMinutes\": 30, \"connectionId\": 8, \"maxWireVersion\": 28, \"ok\": 1.0, \"$clusterTime\": {\"clusterTime\": {\"$timestamp\": {\"t\": 1784904299, \"i\": 1}}, \"signature\": {\"hash\": {\"$binary\": {\"base64\": \"AAAAAAAAAAAAAAAAAAAAAAAAAAA=\", \"subType\": \"00\"}}}}, \"operationTime\": {\"$timestamp\": {\"t\": 1..."}
2026-07-24 19:44:59 | DEBUG    | pymongo.topology | [-] | {"message": "Server heartbeat started", "topologyId": {"$oid": "6a6379e981fbeaa746fb0631"}, "driverConnectionId": 1, "serverConnectionId": 8, "serverHost": "127.0.0.1", "serverPort": 27017, "awaited": true}
2026-07-24 19:44:59 | DEBUG    | urllib3.connectionpool | [-] | http://localhost:3000 "POST /api/public/otel/v1/traces HTTP/1.1" 200 None
2026-07-24 19:45:05 | DEBUG    | urllib3.connectionpool | [-] | http://localhost:3000 "POST /api/public/otel/v1/traces HTTP/1.1" 200 None
2026-07-24 19:45:09 | DEBUG    | pymongo.topology | [-] | {"message": "Server heartbeat succeeded", "topologyId": {"$oid": "6a6379e981fbeaa746fb0631"}, "driverConnectionId": 1, "serverConnectionId": 8, "serverHost": "127.0.0.1", "serverPort": 27017, "awaited": true, "durationMS": 9998.677200055681, "reply": "{\"topologyVersion\": {\"processId\": {\"$oid\": \"6a6379ca3fbe2565cad92aab\"}, \"counter\": 6}, \"hosts\": [\"127.0.0.1:27017\"], \"setName\": \"rs0\", \"setVersion\": 1, \"isWritablePrimary\": true, \"primary\": \"127.0.0.1:27017\", \"me\": \"127.0.0.1:27017\", \"electionId\": {\"$oid\": \"7fffffff0000000000000009\"}, \"lastWrite\": {\"opTime\": {\"ts\": {\"$timestamp\": {\"t\": 1784904309, \"i\": 1}}, \"t\": 9}, \"lastWriteDate\": {\"$date\": \"2026-07-24T14:45:09Z\"}, \"majorityOpTime\": {\"ts\": {\"$timestamp\": {\"t\": 1784904309, \"i\": 1}}, \"t\": 9}, \"majorityWriteDate\": {\"$date\": \"2026-07-24T14:45:09Z\"}}, \"maxBsonObjectSize\": 16777216, \"maxMessageSizeBytes\": 48000000, \"maxWriteBatchSize\": 100000, \"localTime\": {\"$date\": \"2026-07-24T14:45:09.501Z\"}, \"logicalSessionTimeoutMinutes\": 30, \"connectionId\": 8, \"maxWireVersion\": 28, \"ok\": 1.0, \"$clusterTime\": {\"clusterTime\": {\"$timestamp\": {\"t\": 1784904309, \"i\": 1}}, \"signature\": {\"hash\": {\"$binary\": {\"base64\": \"AAAAAAAAAAAAAAAAAAAAAAAAAAA=\", \"subType\": \"00\"}}}}, \"operationTime\": {\"$timestamp\": {\"t\": 1..."}
2026-07-24 19:45:09 | DEBUG    | pymongo.topology | [-] | {"message": "Server heartbeat started", "topologyId": {"$oid": "6a6379e981fbeaa746fb0631"}, "driverConnectionId": 1, "serverConnectionId": 8, "serverHost": "127.0.0.1", "serverPort": 27017, "awaited": true}
2026-07-24 19:45:10 | DEBUG    | urllib3.connectionpool | [-] | http://localhost:3000 "POST /api/public/otel/v1/traces HTTP/1.1" 200 None
2026-07-24 19:45:15 | DEBUG    | urllib3.connectionpool | [-] | http://localhost:3000 "POST /api/public/otel/v1/traces HTTP/1.1" 200 None
2026-07-24 19:45:19 | DEBUG    | pymongo.topology | [-] | {"message": "Server heartbeat succeeded", "topologyId": {"$oid": "6a6379e981fbeaa746fb0631"}, "driverConnectionId": 1, "serverConnectionId": 8, "serverHost": "127.0.0.1", "serverPort": 27017, "awaited": true, "durationMS": 9997.605199925601, "reply": "{\"topologyVersion\": {\"processId\": {\"$oid\": \"6a6379ca3fbe2565cad92aab\"}, \"counter\": 6}, \"hosts\": [\"127.0.0.1:27017\"], \"setName\": \"rs0\", \"setVersion\": 1, \"isWritablePrimary\": true, \"primary\": \"127.0.0.1:27017\", \"me\": \"127.0.0.1:27017\", \"electionId\": {\"$oid\": \"7fffffff0000000000000009\"}, \"lastWrite\": {\"opTime\": {\"ts\": {\"$timestamp\": {\"t\": 1784904319, \"i\": 1}}, \"t\": 9}, \"lastWriteDate\": {\"$date\": \"2026-07-24T14:45:19Z\"}, \"majorityOpTime\": {\"ts\": {\"$timestamp\": {\"t\": 1784904319, \"i\": 1}}, \"t\": 9}, \"majorityWriteDate\": {\"$date\": \"2026-07-24T14:45:19Z\"}}, \"maxBsonObjectSize\": 16777216, \"maxMessageSizeBytes\": 48000000, \"maxWriteBatchSize\": 100000, \"localTime\": {\"$date\": \"2026-07-24T14:45:19.501Z\"}, \"logicalSessionTimeoutMinutes\": 30, \"connectionId\": 8, \"maxWireVersion\": 28, \"ok\": 1.0, \"$clusterTime\": {\"clusterTime\": {\"$timestamp\": {\"t\": 1784904319, \"i\": 1}}, \"signature\": {\"hash\": {\"$binary\": {\"base64\": \"AAAAAAAAAAAAAAAAAAAAAAAAAAA=\", \"subType\": \"00\"}}}}, \"operationTime\": {\"$timestamp\": {\"t\": 1..."}
2026-07-24 19:45:19 | DEBUG    | pymongo.topology | [-] | {"message": "Server heartbeat started", "topologyId": {"$oid": "6a6379e981fbeaa746fb0631"}, "driverConnectionId": 1, "serverConnectionId": 8, "serverHost": "127.0.0.1", "serverPort": 27017, "awaited": true}
2026-07-24 19:45:20 | DEBUG    | urllib3.connectionpool | [-] | http://localhost:3000 "POST /api/public/otel/v1/traces HTTP/1.1" 200 None
2026-07-24 19:45:25 | DEBUG    | urllib3.connectionpool | [-] | http://localhost:3000 "POST /api/public/otel/v1/traces HTTP/1.1" 200 None
2026-07-24 19:45:29 | DEBUG    | pymongo.topology | [-] | {"message": "Server heartbeat succeeded", "topologyId": {"$oid": "6a6379e981fbeaa746fb0631"}, "driverConnectionId": 1, "serverConnectionId": 8, "serverHost": "127.0.0.1", "serverPort": 27017, "awaited": true, "durationMS": 9998.986699967645, "reply": "{\"topologyVersion\": {\"processId\": {\"$oid\": \"6a6379ca3fbe2565cad92aab\"}, \"counter\": 6}, \"hosts\": [\"127.0.0.1:27017\"], \"setName\": \"rs0\", \"setVersion\": 1, \"isWritablePrimary\": true, \"primary\": \"127.0.0.1:27017\", \"me\": \"127.0.0.1:27017\", \"electionId\": {\"$oid\": \"7fffffff0000000000000009\"}, \"lastWrite\": {\"opTime\": {\"ts\": {\"$timestamp\": {\"t\": 1784904329, \"i\": 1}}, \"t\": 9}, \"lastWriteDate\": {\"$date\": \"2026-07-24T14:45:29Z\"}, \"majorityOpTime\": {\"ts\": {\"$timestamp\": {\"t\": 1784904329, \"i\": 1}}, \"t\": 9}, \"majorityWriteDate\": {\"$date\": \"2026-07-24T14:45:29Z\"}}, \"maxBsonObjectSize\": 16777216, \"maxMessageSizeBytes\": 48000000, \"maxWriteBatchSize\": 100000, \"localTime\": {\"$date\": \"2026-07-24T14:45:29.501Z\"}, \"logicalSessionTimeoutMinutes\": 30, \"connectionId\": 8, \"maxWireVersion\": 28, \"ok\": 1.0, \"$clusterTime\": {\"clusterTime\": {\"$timestamp\": {\"t\": 1784904329, \"i\": 1}}, \"signature\": {\"hash\": {\"$binary\": {\"base64\": \"AAAAAAAAAAAAAAAAAAAAAAAAAAA=\", \"subType\": \"00\"}}}}, \"operationTime\": {\"$timestamp\": {\"t\": 1..."}
2026-07-24 19:45:29 | DEBUG    | pymongo.topology | [-] | {"message": "Server heartbeat started", "topologyId": {"$oid": "6a6379e981fbeaa746fb0631"}, "driverConnectionId": 1, "serverConnectionId": 8, "serverHost": "127.0.0.1", "serverPort": 27017, "awaited": true}
2026-07-24 19:45:30 | DEBUG    | urllib3.connectionpool | [-] | http://localhost:3000 "POST /api/public/otel/v1/traces HTTP/1.1" 200 None
2026-07-24 19:45:35 | DEBUG    | urllib3.connectionpool | [-] | http://localhost:3000 "POST /api/public/otel/v1/traces HTTP/1.1" 200 None
2026-07-24 19:45:39 | DEBUG    | pymongo.topology | [-] | {"message": "Server heartbeat succeeded", "topologyId": {"$oid": "6a6379e981fbeaa746fb0631"}, "driverConnectionId": 1, "serverConnectionId": 8, "serverHost": "127.0.0.1", "serverPort": 27017, "awaited": true, "durationMS": 9998.736599925905, "reply": "{\"topologyVersion\": {\"processId\": {\"$oid\": \"6a6379ca3fbe2565cad92aab\"}, \"counter\": 6}, \"hosts\": [\"127.0.0.1:27017\"], \"setName\": \"rs0\", \"setVersion\": 1, \"isWritablePrimary\": true, \"primary\": \"127.0.0.1:27017\", \"me\": \"127.0.0.1:27017\", \"electionId\": {\"$oid\": \"7fffffff0000000000000009\"}, \"lastWrite\": {\"opTime\": {\"ts\": {\"$timestamp\": {\"t\": 1784904339, \"i\": 1}}, \"t\": 9}, \"lastWriteDate\": {\"$date\": \"2026-07-24T14:45:39Z\"}, \"majorityOpTime\": {\"ts\": {\"$timestamp\": {\"t\": 1784904339, \"i\": 1}}, \"t\": 9}, \"majorityWriteDate\": {\"$date\": \"2026-07-24T14:45:39Z\"}}, \"maxBsonObjectSize\": 16777216, \"maxMessageSizeBytes\": 48000000, \"maxWriteBatchSize\": 100000, \"localTime\": {\"$date\": \"2026-07-24T14:45:39.501Z\"}, \"logicalSessionTimeoutMinutes\": 30, \"connectionId\": 8, \"maxWireVersion\": 28, \"ok\": 1.0, \"$clusterTime\": {\"clusterTime\": {\"$timestamp\": {\"t\": 1784904339, \"i\": 1}}, \"signature\": {\"hash\": {\"$binary\": {\"base64\": \"AAAAAAAAAAAAAAAAAAAAAAAAAAA=\", \"subType\": \"00\"}}}}, \"operationTime\": {\"$timestamp\": {\"t\": 1..."}
2026-07-24 19:45:39 | DEBUG    | pymongo.topology | [-] | {"message": "Server heartbeat started", "topologyId": {"$oid": "6a6379e981fbeaa746fb0631"}, "driverConnectionId": 1, "serverConnectionId": 8, "serverHost": "127.0.0.1", "serverPort": 27017, "awaited": true}
2026-07-24 19:45:40 | DEBUG    | urllib3.connectionpool | [-] | http://localhost:3000 "POST /api/public/otel/v1/traces HTTP/1.1" 200 None
2026-07-24 19:45:45 | DEBUG    | urllib3.connectionpool | [-] | http://localhost:3000 "POST /api/public/otel/v1/traces HTTP/1.1" 200 None
2026-07-24 19:45:49 | DEBUG    | pymongo.topology | [-] | {"message": "Server heartbeat succeeded", "topologyId": {"$oid": "6a6379e981fbeaa746fb0631"}, "driverConnectionId": 1, "serverConnectionId": 8, "serverHost": "127.0.0.1", "serverPort": 27017, "awaited": true, "durationMS": 10001.006399979815, "reply": "{\"topologyVersion\": {\"processId\": {\"$oid\": \"6a6379ca3fbe2565cad92aab\"}, \"counter\": 6}, \"hosts\": [\"127.0.0.1:27017\"], \"setName\": \"rs0\", \"setVersion\": 1, \"isWritablePrimary\": true, \"primary\": \"127.0.0.1:27017\", \"me\": \"127.0.0.1:27017\", \"electionId\": {\"$oid\": \"7fffffff0000000000000009\"}, \"lastWrite\": {\"opTime\": {\"ts\": {\"$timestamp\": {\"t\": 1784904349, \"i\": 1}}, \"t\": 9}, \"lastWriteDate\": {\"$date\": \"2026-07-24T14:45:49Z\"}, \"majorityOpTime\": {\"ts\": {\"$timestamp\": {\"t\": 1784904349, \"i\": 1}}, \"t\": 9}, \"majorityWriteDate\": {\"$date\": \"2026-07-24T14:45:49Z\"}}, \"maxBsonObjectSize\": 16777216, \"maxMessageSizeBytes\": 48000000, \"maxWriteBatchSize\": 100000, \"localTime\": {\"$date\": \"2026-07-24T14:45:49.504Z\"}, \"logicalSessionTimeoutMinutes\": 30, \"connectionId\": 8, \"maxWireVersion\": 28, \"ok\": 1.0, \"$clusterTime\": {\"clusterTime\": {\"$timestamp\": {\"t\": 1784904349, \"i\": 1}}, \"signature\": {\"hash\": {\"$binary\": {\"base64\": \"AAAAAAAAAAAAAAAAAAAAAAAAAAA=\", \"subType\": \"00\"}}}}, \"operationTime\": {\"$timestamp\": {\"t\": 1..."}
2026-07-24 19:45:49 | DEBUG    | pymongo.topology | [-] | {"message": "Server heartbeat started", "topologyId": {"$oid": "6a6379e981fbeaa746fb0631"}, "driverConnectionId": 1, "serverConnectionId": 8, "serverHost": "127.0.0.1", "serverPort": 27017, "awaited": true}
2026-07-24 19:45:50 | DEBUG    | urllib3.connectionpool | [-] | http://localhost:3000 "POST /api/public/otel/v1/traces HTTP/1.1" 200 None
2026-07-24 19:45:55 | DEBUG    | urllib3.connectionpool | [-] | http://localhost:3000 "POST /api/public/otel/v1/traces HTTP/1.1" 200 None
2026-07-24 19:45:59 | DEBUG    | pymongo.topology | [-] | {"message": "Server heartbeat succeeded", "topologyId": {"$oid": "6a6379e981fbeaa746fb0631"}, "driverConnectionId": 1, "serverConnectionId": 8, "serverHost": "127.0.0.1", "serverPort": 27017, "awaited": true, "durationMS": 9998.774699983187, "reply": "{\"topologyVersion\": {\"processId\": {\"$oid\": \"6a6379ca3fbe2565cad92aab\"}, \"counter\": 6}, \"hosts\": [\"127.0.0.1:27017\"], \"setName\": \"rs0\", \"setVersion\": 1, \"isWritablePrimary\": true, \"primary\": \"127.0.0.1:27017\", \"me\": \"127.0.0.1:27017\", \"electionId\": {\"$oid\": \"7fffffff0000000000000009\"}, \"lastWrite\": {\"opTime\": {\"ts\": {\"$timestamp\": {\"t\": 1784904359, \"i\": 1}}, \"t\": 9}, \"lastWriteDate\": {\"$date\": \"2026-07-24T14:45:59Z\"}, \"majorityOpTime\": {\"ts\": {\"$timestamp\": {\"t\": 1784904359, \"i\": 1}}, \"t\": 9}, \"majorityWriteDate\": {\"$date\": \"2026-07-24T14:45:59Z\"}}, \"maxBsonObjectSize\": 16777216, \"maxMessageSizeBytes\": 48000000, \"maxWriteBatchSize\": 100000, \"localTime\": {\"$date\": \"2026-07-24T14:45:59.505Z\"}, \"logicalSessionTimeoutMinutes\": 30, \"connectionId\": 8, \"maxWireVersion\": 28, \"ok\": 1.0, \"$clusterTime\": {\"clusterTime\": {\"$timestamp\": {\"t\": 1784904359, \"i\": 1}}, \"signature\": {\"hash\": {\"$binary\": {\"base64\": \"AAAAAAAAAAAAAAAAAAAAAAAAAAA=\", \"subType\": \"00\"}}}}, \"operationTime\": {\"$timestamp\": {\"t\": 1..."}
2026-07-24 19:45:59 | DEBUG    | pymongo.topology | [-] | {"message": "Server heartbeat started", "topologyId": {"$oid": "6a6379e981fbeaa746fb0631"}, "driverConnectionId": 1, "serverConnectionId": 8, "serverHost": "127.0.0.1", "serverPort": 27017, "awaited": true}
2026-07-24 19:46:00 | DEBUG    | urllib3.connectionpool | [-] | http://localhost:3000 "POST /api/public/otel/v1/traces HTTP/1.1" 200 None
2026-07-24 19:46:06 | DEBUG    | urllib3.connectionpool | [-] | http://localhost:3000 "POST /api/public/otel/v1/traces HTTP/1.1" 200 None
2026-07-24 19:46:09 | DEBUG    | pymongo.topology | [-] | {"message": "Server heartbeat succeeded", "topologyId": {"$oid": "6a6379e981fbeaa746fb0631"}, "driverConnectionId": 1, "serverConnectionId": 8, "serverHost": "127.0.0.1", "serverPort": 27017, "awaited": true, "durationMS": 9999.471200047992, "reply": "{\"topologyVersion\": {\"processId\": {\"$oid\": \"6a6379ca3fbe2565cad92aab\"}, \"counter\": 6}, \"hosts\": [\"127.0.0.1:27017\"], \"setName\": \"rs0\", \"setVersion\": 1, \"isWritablePrimary\": true, \"primary\": \"127.0.0.1:27017\", \"me\": \"127.0.0.1:27017\", \"electionId\": {\"$oid\": \"7fffffff0000000000000009\"}, \"lastWrite\": {\"opTime\": {\"ts\": {\"$timestamp\": {\"t\": 1784904369, \"i\": 1}}, \"t\": 9}, \"lastWriteDate\": {\"$date\": \"2026-07-24T14:46:09Z\"}, \"majorityOpTime\": {\"ts\": {\"$timestamp\": {\"t\": 1784904369, \"i\": 1}}, \"t\": 9}, \"majorityWriteDate\": {\"$date\": \"2026-07-24T14:46:09Z\"}}, \"maxBsonObjectSize\": 16777216, \"maxMessageSizeBytes\": 48000000, \"maxWriteBatchSize\": 100000, \"localTime\": {\"$date\": \"2026-07-24T14:46:09.506Z\"}, \"logicalSessionTimeoutMinutes\": 30, \"connectionId\": 8, \"maxWireVersion\": 28, \"ok\": 1.0, \"$clusterTime\": {\"clusterTime\": {\"$timestamp\": {\"t\": 1784904369, \"i\": 1}}, \"signature\": {\"hash\": {\"$binary\": {\"base64\": \"AAAAAAAAAAAAAAAAAAAAAAAAAAA=\", \"subType\": \"00\"}}}}, \"operationTime\": {\"$timestamp\": {\"t\": 1..."}
2026-07-24 19:46:09 | DEBUG    | pymongo.topology | [-] | {"message": "Server heartbeat started", "topologyId": {"$oid": "6a6379e981fbeaa746fb0631"}, "driverConnectionId": 1, "serverConnectionId": 8, "serverHost": "127.0.0.1", "serverPort": 27017, "awaited": true}
2026-07-24 19:46:11 | DEBUG    | urllib3.connectionpool | [-] | http://localhost:3000 "POST /api/public/otel/v1/traces HTTP/1.1" 200 None
2026-07-24 19:46:16 | DEBUG    | urllib3.connectionpool | [-] | http://localhost:3000 "POST /api/public/otel/v1/traces HTTP/1.1" 200 None
2026-07-24 19:46:19 | DEBUG    | pymongo.topology | [-] | {"message": "Server heartbeat succeeded", "topologyId": {"$oid": "6a6379e981fbeaa746fb0631"}, "driverConnectionId": 1, "serverConnectionId": 8, "serverHost": "127.0.0.1", "serverPort": 27017, "awaited": true, "durationMS": 9996.520199929364, "reply": "{\"topologyVersion\": {\"processId\": {\"$oid\": \"6a6379ca3fbe2565cad92aab\"}, \"counter\": 6}, \"hosts\": [\"127.0.0.1:27017\"], \"setName\": \"rs0\", \"setVersion\": 1, \"isWritablePrimary\": true, \"primary\": \"127.0.0.1:27017\", \"me\": \"127.0.0.1:27017\", \"electionId\": {\"$oid\": \"7fffffff0000000000000009\"}, \"lastWrite\": {\"opTime\": {\"ts\": {\"$timestamp\": {\"t\": 1784904379, \"i\": 1}}, \"t\": 9}, \"lastWriteDate\": {\"$date\": \"2026-07-24T14:46:19Z\"}, \"majorityOpTime\": {\"ts\": {\"$timestamp\": {\"t\": 1784904379, \"i\": 1}}, \"t\": 9}, \"majorityWriteDate\": {\"$date\": \"2026-07-24T14:46:19Z\"}}, \"maxBsonObjectSize\": 16777216, \"maxMessageSizeBytes\": 48000000, \"maxWriteBatchSize\": 100000, \"localTime\": {\"$date\": \"2026-07-24T14:46:19.507Z\"}, \"logicalSessionTimeoutMinutes\": 30, \"connectionId\": 8, \"maxWireVersion\": 28, \"ok\": 1.0, \"$clusterTime\": {\"clusterTime\": {\"$timestamp\": {\"t\": 1784904379, \"i\": 1}}, \"signature\": {\"hash\": {\"$binary\": {\"base64\": \"AAAAAAAAAAAAAAAAAAAAAAAAAAA=\", \"subType\": \"00\"}}}}, \"operationTime\": {\"$timestamp\": {\"t\": 1..."}
2026-07-24 19:46:19 | DEBUG    | pymongo.topology | [-] | {"message": "Server heartbeat started", "topologyId": {"$oid": "6a6379e981fbeaa746fb0631"}, "driverConnectionId": 1, "serverConnectionId": 8, "serverHost": "127.0.0.1", "serverPort": 27017, "awaited": true}
2026-07-24 19:46:21 | DEBUG    | urllib3.connectionpool | [-] | http://localhost:3000 "POST /api/public/otel/v1/traces HTTP/1.1" 200 None
2026-07-24 19:46:26 | DEBUG    | urllib3.connectionpool | [-] | http://localhost:3000 "POST /api/public/otel/v1/traces HTTP/1.1" 200 None
2026-07-24 19:46:29 | DEBUG    | pymongo.topology | [-] | {"message": "Server heartbeat succeeded", "topologyId": {"$oid": "6a6379e981fbeaa746fb0631"}, "driverConnectionId": 1, "serverConnectionId": 8, "serverHost": "127.0.0.1", "serverPort": 27017, "awaited": true, "durationMS": 9999.625600059517, "reply": "{\"topologyVersion\": {\"processId\": {\"$oid\": \"6a6379ca3fbe2565cad92aab\"}, \"counter\": 6}, \"hosts\": [\"127.0.0.1:27017\"], \"setName\": \"rs0\", \"setVersion\": 1, \"isWritablePrimary\": true, \"primary\": \"127.0.0.1:27017\", \"me\": \"127.0.0.1:27017\", \"electionId\": {\"$oid\": \"7fffffff0000000000000009\"}, \"lastWrite\": {\"opTime\": {\"ts\": {\"$timestamp\": {\"t\": 1784904389, \"i\": 1}}, \"t\": 9}, \"lastWriteDate\": {\"$date\": \"2026-07-24T14:46:29Z\"}, \"majorityOpTime\": {\"ts\": {\"$timestamp\": {\"t\": 1784904389, \"i\": 1}}, \"t\": 9}, \"majorityWriteDate\": {\"$date\": \"2026-07-24T14:46:29Z\"}}, \"maxBsonObjectSize\": 16777216, \"maxMessageSizeBytes\": 48000000, \"maxWriteBatchSize\": 100000, \"localTime\": {\"$date\": \"2026-07-24T14:46:29.507Z\"}, \"logicalSessionTimeoutMinutes\": 30, \"connectionId\": 8, \"maxWireVersion\": 28, \"ok\": 1.0, \"$clusterTime\": {\"clusterTime\": {\"$timestamp\": {\"t\": 1784904389, \"i\": 1}}, \"signature\": {\"hash\": {\"$binary\": {\"base64\": \"AAAAAAAAAAAAAAAAAAAAAAAAAAA=\", \"subType\": \"00\"}}}}, \"operationTime\": {\"$timestamp\": {\"t\": 1..."}
2026-07-24 19:46:29 | DEBUG    | pymongo.topology | [-] | {"message": "Server heartbeat started", "topologyId": {"$oid": "6a6379e981fbeaa746fb0631"}, "driverConnectionId": 1, "serverConnectionId": 8, "serverHost": "127.0.0.1", "serverPort": 27017, "awaited": true}
2026-07-24 19:46:31 | DEBUG    | urllib3.connectionpool | [-] | http://localhost:3000 "POST /api/public/otel/v1/traces HTTP/1.1" 200 None
2026-07-24 19:46:36 | DEBUG    | urllib3.connectionpool | [-] | http://localhost:3000 "POST /api/public/otel/v1/traces HTTP/1.1" 200 None
2026-07-24 19:46:39 | DEBUG    | pymongo.topology | [-] | {"message": "Server heartbeat succeeded", "topologyId": {"$oid": "6a6379e981fbeaa746fb0631"}, "driverConnectionId": 1, "serverConnectionId": 8, "serverHost": "127.0.0.1", "serverPort": 27017, "awaited": true, "durationMS": 9998.672900022939, "reply": "{\"topologyVersion\": {\"processId\": {\"$oid\": \"6a6379ca3fbe2565cad92aab\"}, \"counter\": 6}, \"hosts\": [\"127.0.0.1:27017\"], \"setName\": \"rs0\", \"setVersion\": 1, \"isWritablePrimary\": true, \"primary\": \"127.0.0.1:27017\", \"me\": \"127.0.0.1:27017\", \"electionId\": {\"$oid\": \"7fffffff0000000000000009\"}, \"lastWrite\": {\"opTime\": {\"ts\": {\"$timestamp\": {\"t\": 1784904399, \"i\": 1}}, \"t\": 9}, \"lastWriteDate\": {\"$date\": \"2026-07-24T14:46:39Z\"}, \"majorityOpTime\": {\"ts\": {\"$timestamp\": {\"t\": 1784904399, \"i\": 1}}, \"t\": 9}, \"majorityWriteDate\": {\"$date\": \"2026-07-24T14:46:39Z\"}}, \"maxBsonObjectSize\": 16777216, \"maxMessageSizeBytes\": 48000000, \"maxWriteBatchSize\": 100000, \"localTime\": {\"$date\": \"2026-07-24T14:46:39.508Z\"}, \"logicalSessionTimeoutMinutes\": 30, \"connectionId\": 8, \"maxWireVersion\": 28, \"ok\": 1.0, \"$clusterTime\": {\"clusterTime\": {\"$timestamp\": {\"t\": 1784904399, \"i\": 1}}, \"signature\": {\"hash\": {\"$binary\": {\"base64\": \"AAAAAAAAAAAAAAAAAAAAAAAAAAA=\", \"subType\": \"00\"}}}}, \"operationTime\": {\"$timestamp\": {\"t\": 1..."}
2026-07-24 19:46:39 | DEBUG    | pymongo.topology | [-] | {"message": "Server heartbeat started", "topologyId": {"$oid": "6a6379e981fbeaa746fb0631"}, "driverConnectionId": 1, "serverConnectionId": 8, "serverHost": "127.0.0.1", "serverPort": 27017, "awaited": true}
2026-07-24 19:46:41 | DEBUG    | urllib3.connectionpool | [-] | http://localhost:3000 "POST /api/public/otel/v1/traces HTTP/1.1" 200 None
2026-07-24 19:46:42 | INFO     | api | [-] | Shutdown requested via /quit endpoint.
