2026-07-10 11:58:33 | DEBUG    | asyncio | [-] | Using proactor: IocpProactor
2026-07-10 11:58:33 | WARNING  | opentelemetry.trace | [-] | Overriding of current TracerProvider is not allowed
2026-07-10 11:58:33 | WARNING  | opentelemetry.instrumentation.instrumentor | [-] | Attempting to instrument while already instrumented
2026-07-10 11:58:33 | WARNING  | opentelemetry.instrumentation.instrumentor | [-] | Attempting to instrument while already instrumented
2026-07-10 11:58:33 | DEBUG    | httpcore.connection | [-] | connect_tcp.started host='huggingface.co' port=443 local_address=None timeout=10 socket_options=None
2026-07-10 11:58:33 | DEBUG    | httpcore.connection | [-] | connect_tcp.complete return_value=<httpcore._backends.sync.SyncStream object at 0x00000166D18BB230>
2026-07-10 11:58:33 | DEBUG    | httpcore.connection | [-] | start_tls.started ssl_context=<ssl.SSLContext object at 0x00000166D18ACBB0> server_hostname='huggingface.co' timeout=10
2026-07-10 11:58:33 | DEBUG    | httpcore.connection | [-] | start_tls.complete return_value=<httpcore._backends.sync.SyncStream object at 0x00000166D18CF4D0>
2026-07-10 11:58:33 | DEBUG    | httpcore.http11 | [-] | send_request_headers.started request=<Request [b'HEAD']>
2026-07-10 11:58:33 | DEBUG    | httpcore.http11 | [-] | send_request_headers.complete
2026-07-10 11:58:33 | DEBUG    | httpcore.http11 | [-] | send_request_body.started request=<Request [b'HEAD']>
2026-07-10 11:58:33 | DEBUG    | httpcore.http11 | [-] | send_request_body.complete
2026-07-10 11:58:33 | DEBUG    | httpcore.http11 | [-] | receive_response_headers.started request=<Request [b'HEAD']>
2026-07-10 11:58:33 | DEBUG    | httpcore.http11 | [-] | receive_response_headers.complete return_value=(b'HTTP/1.1', 307, b'Temporary Redirect', [(b'Content-Type', b'text/plain; charset=utf-8'), (b'Content-Length', b'282'), (b'Connection', b'keep-alive'), (b'Date', b'Fri, 10 Jul 2026 06:58:33 GMT'), (b'Location', b'/api/resolve-cache/models/sentence-transformers/all-MiniLM-L6-v2/1110a243fdf4706b3f48f1d95db1a4f5529b4d41/modules.json?%2Fsentence-transformers%2Fall-MiniLM-L6-v2%2Fresolve%2Fmain%2Fmodules.json=&etag=%22952a9b81c0bfd99800fabf352f69c7ccd46c5e43%22'), (b'X-Powered-By', b'huggingface-moon'), (b'X-Request-Id', b'Root=1-6a509819-799e8f631be7bd53353472af;75559a2f-c36f-4686-a53d-e5084e46c146'), (b'RateLimit', b'"resolvers";r=4999;t=272'), (b'RateLimit-Policy', b'"fixed window";"resolvers";q=5000;w=300'), (b'cross-origin-opener-policy', b'same-origin'), (b'Referrer-Policy', b'strict-origin-when-cross-origin'), (b'Access-Control-Max-Age', b'86400'), (b'Access-Control-Allow-Origin', b'https://huggingface.co'), (b'Vary', b'Origin, Accept'), (b'Access-Control-Expose-Headers', b'X-Repo-Commit,X-Request-Id,X-Error-Code,X-Error-Message,X-Total-Count,ETag,Link,Accept-Ranges,Content-Range,X-Linked-Size,X-Linked-ETag,X-Xet-Hash'), (b'X-Repo-Commit', b'1110a243fdf4706b3f48f1d95db1a4f5529b4d41'), (b'Accept-Ranges', b'bytes'), (b'X-Hub-Cache', b'HIT'), (b'Content-Disposition', b'inline; filename*=UTF-8\'\'modules.json; filename="modules.json";'), (b'Content-Security-Policy', b"default-src 'none'; sandbox"), (b'X-Linked-ETag', b'"952a9b81c0bfd99800fabf352f69c7ccd46c5e43"'), (b'X-Cache', b'Miss from cloudfront'), (b'Via', b'1.1 d8c65021c428d361260f18e7f3730e7e.cloudfront.net (CloudFront)'), (b'X-Amz-Cf-Pop', b'DXB53-P3'), (b'Alt-Svc', b'h3=":443"; ma=86400'), (b'X-Amz-Cf-Id', b'dDgCS6_MGibSe8aaEhrWc2IEnvtVeBPJj15v_KYMxST0X-DW6T0SHA==')])
2026-07-10 11:58:33 | INFO     | httpx | [-] | HTTP Request: HEAD https://huggingface.co/sentence-transformers/all-MiniLM-L6-v2/resolve/main/modules.json "HTTP/1.1 307 Temporary Redirect"
2026-07-10 11:58:33 | DEBUG    | httpcore.http11 | [-] | receive_response_body.started request=<Request [b'HEAD']>
2026-07-10 11:58:33 | DEBUG    | httpcore.http11 | [-] | receive_response_body.complete
2026-07-10 11:58:33 | DEBUG    | httpcore.http11 | [-] | response_closed.started
2026-07-10 11:58:33 | DEBUG    | httpcore.http11 | [-] | response_closed.complete
2026-07-10 11:58:33 | DEBUG    | httpcore.http11 | [-] | send_request_headers.started request=<Request [b'HEAD']>
2026-07-10 11:58:33 | DEBUG    | httpcore.http11 | [-] | send_request_headers.complete
2026-07-10 11:58:33 | DEBUG    | httpcore.http11 | [-] | send_request_body.started request=<Request [b'HEAD']>
2026-07-10 11:58:33 | DEBUG    | httpcore.http11 | [-] | send_request_body.complete
2026-07-10 11:58:33 | DEBUG    | httpcore.http11 | [-] | receive_response_headers.started request=<Request [b'HEAD']>
2026-07-10 11:58:33 | DEBUG    | httpcore.http11 | [-] | receive_response_headers.complete return_value=(b'HTTP/1.1', 200, b'OK', [(b'Content-Type', b'text/plain; charset=utf-8'), (b'Content-Length', b'349'), (b'Connection', b'keep-alive'), (b'Date', b'Thu, 02 Jul 2026 10:00:07 GMT'), (b'ETag', b'"952a9b81c0bfd99800fabf352f69c7ccd46c5e43"'), (b'X-Powered-By', b'huggingface-moon'), (b'X-Request-Id', b'Root=1-6a4636a7-4a341bda1e3c651114c1608e;449655db-f31e-41da-af50-2d10ef560375'), (b'RateLimit', b'"resolvers";r=4998;t=178'), (b'RateLimit-Policy', b'"fixed window";"resolvers";q=5000;w=300'), (b'cross-origin-opener-policy', b'same-origin'), (b'Referrer-Policy', b'strict-origin-when-cross-origin'), (b'Access-Control-Max-Age', b'86400'), (b'Access-Control-Allow-Origin', b'https://huggingface.co'), (b'Access-Control-Expose-Headers', b'X-Repo-Commit,X-Request-Id,X-Error-Code,X-Error-Message,X-Total-Count,ETag,Link,Accept-Ranges,Content-Range,X-Linked-Size,X-Linked-ETag,X-Xet-Hash'), (b'X-Repo-Commit', b'1110a243fdf4706b3f48f1d95db1a4f5529b4d41'), (b'Accept-Ranges', b'bytes'), (b'X-Hub-Cache', b'HIT'), (b'Content-Disposition', b'inline; filename*=UTF-8\'\'modules.json; filename="modules.json";'), (b'Content-Security-Policy', b"default-src 'none'; sandbox"), (b'Vary', b'Origin'), (b'X-Cache', b'Hit from cloudfront'), (b'Via', b'1.1 d8c65021c428d361260f18e7f3730e7e.cloudfront.net (CloudFront)'), (b'X-Amz-Cf-Pop', b'DXB53-P3'), (b'Alt-Svc', b'h3=":443"; ma=86400'), (b'X-Amz-Cf-Id', b'9QJ24SayZ5Gs95r-fDRDGB3_wXiAvmbefWUnMFBXIq7bHVBRffATWg=='), (b'Age', b'680305')])
2026-07-10 11:58:33 | INFO     | httpx | [-] | HTTP Request: HEAD https://huggingface.co/api/resolve-cache/models/sentence-transformers/all-MiniLM-L6-v2/1110a243fdf4706b3f48f1d95db1a4f5529b4d41/modules.json "HTTP/1.1 200 OK"
2026-07-10 11:58:33 | DEBUG    | httpcore.http11 | [-] | receive_response_body.started request=<Request [b'HEAD']>
2026-07-10 11:58:33 | DEBUG    | httpcore.http11 | [-] | receive_response_body.complete
2026-07-10 11:58:33 | DEBUG    | httpcore.http11 | [-] | response_closed.started
2026-07-10 11:58:33 | DEBUG    | httpcore.http11 | [-] | response_closed.complete
2026-07-10 11:58:33 | DEBUG    | httpcore.http11 | [-] | send_request_headers.started request=<Request [b'HEAD']>
2026-07-10 11:58:33 | DEBUG    | httpcore.http11 | [-] | send_request_headers.complete
2026-07-10 11:58:33 | DEBUG    | httpcore.http11 | [-] | send_request_body.started request=<Request [b'HEAD']>
2026-07-10 11:58:33 | DEBUG    | httpcore.http11 | [-] | send_request_body.complete
2026-07-10 11:58:33 | DEBUG    | httpcore.http11 | [-] | receive_response_headers.started request=<Request [b'HEAD']>
2026-07-10 11:58:34 | DEBUG    | httpcore.http11 | [-] | receive_response_headers.complete return_value=(b'HTTP/1.1', 307, b'Temporary Redirect', [(b'Content-Type', b'text/plain; charset=utf-8'), (b'Content-Length', b'324'), (b'Connection', b'keep-alive'), (b'Date', b'Fri, 10 Jul 2026 06:58:33 GMT'), (b'Location', b'/api/resolve-cache/models/sentence-transformers/all-MiniLM-L6-v2/1110a243fdf4706b3f48f1d95db1a4f5529b4d41/config_sentence_transformers.json?%2Fsentence-transformers%2Fall-MiniLM-L6-v2%2Fresolve%2Fmain%2Fconfig_sentence_transformers.json=&etag=%22fd1b291129c607e5d49799f87cb219b27f98acdf%22'), (b'X-Powered-By', b'huggingface-moon'), (b'X-Request-Id', b'Root=1-6a509819-7adb484b32e3de6332f04c14;a1510397-3dba-4780-8661-64df14d8a822'), (b'RateLimit', b'"resolvers";r=4998;t=272'), (b'RateLimit-Policy', b'"fixed window";"resolvers";q=5000;w=300'), (b'cross-origin-opener-policy', b'same-origin'), (b'Referrer-Policy', b'strict-origin-when-cross-origin'), (b'Access-Control-Max-Age', b'86400'), (b'Access-Control-Allow-Origin', b'https://huggingface.co'), (b'Vary', b'Origin, Accept'), (b'Access-Control-Expose-Headers', b'X-Repo-Commit,X-Request-Id,X-Error-Code,X-Error-Message,X-Total-Count,ETag,Link,Accept-Ranges,Content-Range,X-Linked-Size,X-Linked-ETag,X-Xet-Hash'), (b'X-Repo-Commit', b'1110a243fdf4706b3f48f1d95db1a4f5529b4d41'), (b'Accept-Ranges', b'bytes'), (b'X-Hub-Cache', b'HIT'), (b'Content-Disposition', b'inline; filename*=UTF-8\'\'config_sentence_transformers.json; filename="config_sentence_transformers.json";'), (b'Content-Security-Policy', b"default-src 'none'; sandbox"), (b'X-Linked-ETag', b'"fd1b291129c607e5d49799f87cb219b27f98acdf"'), (b'X-Cache', b'Miss from cloudfront'), (b'Via', b'1.1 d8c65021c428d361260f18e7f3730e7e.cloudfront.net (CloudFront)'), (b'X-Amz-Cf-Pop', b'DXB53-P3'), (b'Alt-Svc', b'h3=":443"; ma=86400'), (b'X-Amz-Cf-Id', b'tHJf6MY5QJb9ARQBemd1jO1IdL7724u9o8iZhxCy267XvA_yfw20JQ==')])
2026-07-10 11:58:34 | INFO     | httpx | [-] | HTTP Request: HEAD https://huggingface.co/sentence-transformers/all-MiniLM-L6-v2/resolve/main/config_sentence_transformers.json "HTTP/1.1 307 Temporary Redirect"
2026-07-10 11:58:34 | DEBUG    | httpcore.http11 | [-] | receive_response_body.started request=<Request [b'HEAD']>
2026-07-10 11:58:34 | DEBUG    | httpcore.http11 | [-] | receive_response_body.complete
2026-07-10 11:58:34 | DEBUG    | httpcore.http11 | [-] | response_closed.started
2026-07-10 11:58:34 | DEBUG    | httpcore.http11 | [-] | response_closed.complete
2026-07-10 11:58:34 | DEBUG    | httpcore.http11 | [-] | send_request_headers.started request=<Request [b'HEAD']>
2026-07-10 11:58:34 | DEBUG    | httpcore.http11 | [-] | send_request_headers.complete
2026-07-10 11:58:34 | DEBUG    | httpcore.http11 | [-] | send_request_body.started request=<Request [b'HEAD']>
2026-07-10 11:58:34 | DEBUG    | httpcore.http11 | [-] | send_request_body.complete
2026-07-10 11:58:34 | DEBUG    | httpcore.http11 | [-] | receive_response_headers.started request=<Request [b'HEAD']>
2026-07-10 11:58:34 | DEBUG    | httpcore.http11 | [-] | receive_response_headers.complete return_value=(b'HTTP/1.1', 200, b'OK', [(b'Content-Type', b'text/plain; charset=utf-8'), (b'Content-Length', b'116'), (b'Connection', b'keep-alive'), (b'Date', b'Thu, 02 Jul 2026 10:00:08 GMT'), (b'ETag', b'"fd1b291129c607e5d49799f87cb219b27f98acdf"'), (b'X-Powered-By', b'huggingface-moon'), (b'X-Request-Id', b'Root=1-6a4636a8-6cc84f945a17c96c7c7c157e;7a73017f-b75d-42b6-9204-b121017d9b6c'), (b'RateLimit', b'"resolvers";r=4996;t=177'), (b'RateLimit-Policy', b'"fixed window";"resolvers";q=5000;w=300'), (b'cross-origin-opener-policy', b'same-origin'), (b'Referrer-Policy', b'strict-origin-when-cross-origin'), (b'Access-Control-Max-Age', b'86400'), (b'Access-Control-Allow-Origin', b'https://huggingface.co'), (b'Access-Control-Expose-Headers', b'X-Repo-Commit,X-Request-Id,X-Error-Code,X-Error-Message,X-Total-Count,ETag,Link,Accept-Ranges,Content-Range,X-Linked-Size,X-Linked-ETag,X-Xet-Hash'), (b'X-Repo-Commit', b'1110a243fdf4706b3f48f1d95db1a4f5529b4d41'), (b'Accept-Ranges', b'bytes'), (b'X-Hub-Cache', b'HIT'), (b'Content-Disposition', b'inline; filename*=UTF-8\'\'config_sentence_transformers.json; filename="config_sentence_transformers.json";'), (b'Content-Security-Policy', b"default-src 'none'; sandbox"), (b'Vary', b'Origin'), (b'X-Cache', b'Hit from cloudfront'), (b'Via', b'1.1 d8c65021c428d361260f18e7f3730e7e.cloudfront.net (CloudFront)'), (b'X-Amz-Cf-Pop', b'DXB53-P3'), (b'Alt-Svc', b'h3=":443"; ma=86400'), (b'X-Amz-Cf-Id', b'2kdmbs8fsROk_8m_g2YrRT8hJHwfXTV__hx8m_lIYJqwuhg1oIAfNA=='), (b'Age', b'680304')])
2026-07-10 11:58:34 | INFO     | httpx | [-] | HTTP Request: HEAD https://huggingface.co/api/resolve-cache/models/sentence-transformers/all-MiniLM-L6-v2/1110a243fdf4706b3f48f1d95db1a4f5529b4d41/config_sentence_transformers.json "HTTP/1.1 200 OK"
2026-07-10 11:58:34 | DEBUG    | httpcore.http11 | [-] | receive_response_body.started request=<Request [b'HEAD']>
2026-07-10 11:58:34 | DEBUG    | httpcore.http11 | [-] | receive_response_body.complete
2026-07-10 11:58:34 | DEBUG    | httpcore.http11 | [-] | response_closed.started
2026-07-10 11:58:34 | DEBUG    | httpcore.http11 | [-] | response_closed.complete
2026-07-10 11:58:34 | INFO     | sentence_transformers.base.model | [-] | Loading SentenceTransformer model from sentence-transformers/all-MiniLM-L6-v2.
2026-07-10 11:58:34 | DEBUG    | httpcore.http11 | [-] | send_request_headers.started request=<Request [b'HEAD']>
2026-07-10 11:58:34 | DEBUG    | httpcore.http11 | [-] | send_request_headers.complete
2026-07-10 11:58:34 | DEBUG    | httpcore.http11 | [-] | send_request_body.started request=<Request [b'HEAD']>
2026-07-10 11:58:34 | DEBUG    | httpcore.http11 | [-] | send_request_body.complete
2026-07-10 11:58:34 | DEBUG    | httpcore.http11 | [-] | receive_response_headers.started request=<Request [b'HEAD']>
2026-07-10 11:58:34 | DEBUG    | httpcore.http11 | [-] | receive_response_headers.complete return_value=(b'HTTP/1.1', 307, b'Temporary Redirect', [(b'Content-Type', b'text/plain; charset=utf-8'), (b'Content-Length', b'324'), (b'Connection', b'keep-alive'), (b'Date', b'Fri, 10 Jul 2026 06:58:33 GMT'), (b'Location', b'/api/resolve-cache/models/sentence-transformers/all-MiniLM-L6-v2/1110a243fdf4706b3f48f1d95db1a4f5529b4d41/config_sentence_transformers.json?%2Fsentence-transformers%2Fall-MiniLM-L6-v2%2Fresolve%2Fmain%2Fconfig_sentence_transformers.json=&etag=%22fd1b291129c607e5d49799f87cb219b27f98acdf%22'), (b'X-Powered-By', b'huggingface-moon'), (b'X-Request-Id', b'Root=1-6a509819-1faa7741690f9d9e57c6abd1;b5bab5f9-1984-4311-a508-7487c2484556'), (b'RateLimit', b'"resolvers";r=4997;t=272'), (b'RateLimit-Policy', b'"fixed window";"resolvers";q=5000;w=300'), (b'cross-origin-opener-policy', b'same-origin'), (b'Referrer-Policy', b'strict-origin-when-cross-origin'), (b'Access-Control-Max-Age', b'86400'), (b'Access-Control-Allow-Origin', b'https://huggingface.co'), (b'Vary', b'Origin, Accept'), (b'Access-Control-Expose-Headers', b'X-Repo-Commit,X-Request-Id,X-Error-Code,X-Error-Message,X-Total-Count,ETag,Link,Accept-Ranges,Content-Range,X-Linked-Size,X-Linked-ETag,X-Xet-Hash'), (b'X-Repo-Commit', b'1110a243fdf4706b3f48f1d95db1a4f5529b4d41'), (b'Accept-Ranges', b'bytes'), (b'X-Hub-Cache', b'HIT'), (b'Content-Disposition', b'inline; filename*=UTF-8\'\'config_sentence_transformers.json; filename="config_sentence_transformers.json";'), (b'Content-Security-Policy', b"default-src 'none'; sandbox"), (b'X-Linked-ETag', b'"fd1b291129c607e5d49799f87cb219b27f98acdf"'), (b'X-Cache', b'Miss from cloudfront'), (b'Via', b'1.1 d8c65021c428d361260f18e7f3730e7e.cloudfront.net (CloudFront)'), (b'X-Amz-Cf-Pop', b'DXB53-P3'), (b'Alt-Svc', b'h3=":443"; ma=86400'), (b'X-Amz-Cf-Id', b'zlIe7f1M5tvIPWTGOUtQUBCp3oErMhSt0liEV3iEJZQ0BdvWzPPDhA==')])
2026-07-10 11:58:34 | INFO     | httpx | [-] | HTTP Request: HEAD https://huggingface.co/sentence-transformers/all-MiniLM-L6-v2/resolve/main/config_sentence_transformers.json "HTTP/1.1 307 Temporary Redirect"
2026-07-10 11:58:34 | DEBUG    | httpcore.http11 | [-] | receive_response_body.started request=<Request [b'HEAD']>
2026-07-10 11:58:34 | DEBUG    | httpcore.http11 | [-] | receive_response_body.complete
2026-07-10 11:58:34 | DEBUG    | httpcore.http11 | [-] | response_closed.started
2026-07-10 11:58:34 | DEBUG    | httpcore.http11 | [-] | response_closed.complete
2026-07-10 11:58:34 | DEBUG    | httpcore.http11 | [-] | send_request_headers.started request=<Request [b'HEAD']>
2026-07-10 11:58:34 | DEBUG    | httpcore.http11 | [-] | send_request_headers.complete
2026-07-10 11:58:34 | DEBUG    | httpcore.http11 | [-] | send_request_body.started request=<Request [b'HEAD']>
2026-07-10 11:58:34 | DEBUG    | httpcore.http11 | [-] | send_request_body.complete
2026-07-10 11:58:34 | DEBUG    | httpcore.http11 | [-] | receive_response_headers.started request=<Request [b'HEAD']>
2026-07-10 11:58:34 | DEBUG    | httpcore.http11 | [-] | receive_response_headers.complete return_value=(b'HTTP/1.1', 200, b'OK', [(b'Content-Type', b'text/plain; charset=utf-8'), (b'Content-Length', b'116'), (b'Connection', b'keep-alive'), (b'Date', b'Thu, 02 Jul 2026 10:00:08 GMT'), (b'ETag', b'"fd1b291129c607e5d49799f87cb219b27f98acdf"'), (b'X-Powered-By', b'huggingface-moon'), (b'X-Request-Id', b'Root=1-6a4636a8-6cc84f945a17c96c7c7c157e;7a73017f-b75d-42b6-9204-b121017d9b6c'), (b'RateLimit', b'"resolvers";r=4996;t=177'), (b'RateLimit-Policy', b'"fixed window";"resolvers";q=5000;w=300'), (b'cross-origin-opener-policy', b'same-origin'), (b'Referrer-Policy', b'strict-origin-when-cross-origin'), (b'Access-Control-Max-Age', b'86400'), (b'Access-Control-Allow-Origin', b'https://huggingface.co'), (b'Access-Control-Expose-Headers', b'X-Repo-Commit,X-Request-Id,X-Error-Code,X-Error-Message,X-Total-Count,ETag,Link,Accept-Ranges,Content-Range,X-Linked-Size,X-Linked-ETag,X-Xet-Hash'), (b'X-Repo-Commit', b'1110a243fdf4706b3f48f1d95db1a4f5529b4d41'), (b'Accept-Ranges', b'bytes'), (b'X-Hub-Cache', b'HIT'), (b'Content-Disposition', b'inline; filename*=UTF-8\'\'config_sentence_transformers.json; filename="config_sentence_transformers.json";'), (b'Content-Security-Policy', b"default-src 'none'; sandbox"), (b'Vary', b'Origin'), (b'X-Cache', b'Hit from cloudfront'), (b'Via', b'1.1 d8c65021c428d361260f18e7f3730e7e.cloudfront.net (CloudFront)'), (b'X-Amz-Cf-Pop', b'DXB53-P3'), (b'Alt-Svc', b'h3=":443"; ma=86400'), (b'X-Amz-Cf-Id', b'Pe521Hb2LUXQ8Rq-G-DEfK_ehmcAiEv1AGVjtSt4mAcNJV85_C-2zw=='), (b'Age', b'680304')])
2026-07-10 11:58:34 | INFO     | httpx | [-] | HTTP Request: HEAD https://huggingface.co/api/resolve-cache/models/sentence-transformers/all-MiniLM-L6-v2/1110a243fdf4706b3f48f1d95db1a4f5529b4d41/config_sentence_transformers.json "HTTP/1.1 200 OK"
2026-07-10 11:58:34 | DEBUG    | httpcore.http11 | [-] | receive_response_body.started request=<Request [b'HEAD']>
2026-07-10 11:58:34 | DEBUG    | httpcore.http11 | [-] | receive_response_body.complete
2026-07-10 11:58:34 | DEBUG    | httpcore.http11 | [-] | response_closed.started
2026-07-10 11:58:34 | DEBUG    | httpcore.http11 | [-] | response_closed.complete
2026-07-10 11:58:34 | DEBUG    | httpcore.http11 | [-] | send_request_headers.started request=<Request [b'HEAD']>
2026-07-10 11:58:34 | DEBUG    | httpcore.http11 | [-] | send_request_headers.complete
2026-07-10 11:58:34 | DEBUG    | httpcore.http11 | [-] | send_request_body.started request=<Request [b'HEAD']>
2026-07-10 11:58:34 | DEBUG    | httpcore.http11 | [-] | send_request_body.complete
2026-07-10 11:58:34 | DEBUG    | httpcore.http11 | [-] | receive_response_headers.started request=<Request [b'HEAD']>
2026-07-10 11:58:34 | DEBUG    | httpcore.http11 | [-] | receive_response_headers.complete return_value=(b'HTTP/1.1', 307, b'Temporary Redirect', [(b'Content-Type', b'text/plain; charset=utf-8'), (b'Content-Length', b'276'), (b'Connection', b'keep-alive'), (b'Date', b'Fri, 10 Jul 2026 06:58:33 GMT'), (b'Location', b'/api/resolve-cache/models/sentence-transformers/all-MiniLM-L6-v2/1110a243fdf4706b3f48f1d95db1a4f5529b4d41/README.md?%2Fsentence-transformers%2Fall-MiniLM-L6-v2%2Fresolve%2Fmain%2FREADME.md=&etag=%2244af2e3b0fa3a0b6239e48422972bf755f28fde0%22'), (b'X-Powered-By', b'huggingface-moon'), (b'X-Request-Id', b'Root=1-6a509819-5bf04e0966f5ed6f0a0d422a;7fe8e624-87ef-42a4-a1a8-6b66aa65ce95'), (b'RateLimit', b'"resolvers";r=4996;t=272'), (b'RateLimit-Policy', b'"fixed window";"resolvers";q=5000;w=300'), (b'cross-origin-opener-policy', b'same-origin'), (b'Referrer-Policy', b'strict-origin-when-cross-origin'), (b'Access-Control-Max-Age', b'86400'), (b'Access-Control-Allow-Origin', b'https://huggingface.co'), (b'Vary', b'Origin, Accept'), (b'Access-Control-Expose-Headers', b'X-Repo-Commit,X-Request-Id,X-Error-Code,X-Error-Message,X-Total-Count,ETag,Link,Accept-Ranges,Content-Range,X-Linked-Size,X-Linked-ETag,X-Xet-Hash'), (b'X-Repo-Commit', b'1110a243fdf4706b3f48f1d95db1a4f5529b4d41'), (b'Accept-Ranges', b'bytes'), (b'X-Hub-Cache', b'HIT'), (b'Content-Disposition', b'inline; filename*=UTF-8\'\'README.md; filename="README.md";'), (b'Content-Security-Policy', b"default-src 'none'; sandbox"), (b'X-Linked-ETag', b'"44af2e3b0fa3a0b6239e48422972bf755f28fde0"'), (b'X-Cache', b'Miss from cloudfront'), (b'Via', b'1.1 d8c65021c428d361260f18e7f3730e7e.cloudfront.net (CloudFront)'), (b'X-Amz-Cf-Pop', b'DXB53-P3'), (b'Alt-Svc', b'h3=":443"; ma=86400'), (b'X-Amz-Cf-Id', b'DdSusd5VBwt9pwRSvrydRvD1N4tYqT3jzEft7GEBS-L3sO6AtRAGlA==')])
2026-07-10 11:58:34 | INFO     | httpx | [-] | HTTP Request: HEAD https://huggingface.co/sentence-transformers/all-MiniLM-L6-v2/resolve/main/README.md "HTTP/1.1 307 Temporary Redirect"
2026-07-10 11:58:34 | DEBUG    | httpcore.http11 | [-] | receive_response_body.started request=<Request [b'HEAD']>
2026-07-10 11:58:34 | DEBUG    | httpcore.http11 | [-] | receive_response_body.complete
2026-07-10 11:58:34 | DEBUG    | httpcore.http11 | [-] | response_closed.started
2026-07-10 11:58:34 | DEBUG    | httpcore.http11 | [-] | response_closed.complete
2026-07-10 11:58:34 | DEBUG    | httpcore.http11 | [-] | send_request_headers.started request=<Request [b'HEAD']>
2026-07-10 11:58:34 | DEBUG    | httpcore.http11 | [-] | send_request_headers.complete
2026-07-10 11:58:34 | DEBUG    | httpcore.http11 | [-] | send_request_body.started request=<Request [b'HEAD']>
2026-07-10 11:58:34 | DEBUG    | httpcore.http11 | [-] | send_request_body.complete
2026-07-10 11:58:34 | DEBUG    | httpcore.http11 | [-] | receive_response_headers.started request=<Request [b'HEAD']>
2026-07-10 11:58:34 | DEBUG    | httpcore.http11 | [-] | receive_response_headers.complete return_value=(b'HTTP/1.1', 200, b'OK', [(b'Content-Type', b'text/plain; charset=utf-8'), (b'Content-Length', b'10502'), (b'Connection', b'keep-alive'), (b'Date', b'Thu, 02 Jul 2026 10:00:09 GMT'), (b'ETag', b'"44af2e3b0fa3a0b6239e48422972bf755f28fde0"'), (b'X-Powered-By', b'huggingface-moon'), (b'X-Request-Id', b'Root=1-6a4636a9-011320227a2193005dde0fe4;fe6c6d17-b251-424c-af32-a32fce0b1e9f'), (b'RateLimit', b'"resolvers";r=4993;t=176'), (b'RateLimit-Policy', b'"fixed window";"resolvers";q=5000;w=300'), (b'cross-origin-opener-policy', b'same-origin'), (b'Referrer-Policy', b'strict-origin-when-cross-origin'), (b'Access-Control-Max-Age', b'86400'), (b'Access-Control-Allow-Origin', b'https://huggingface.co'), (b'Access-Control-Expose-Headers', b'X-Repo-Commit,X-Request-Id,X-Error-Code,X-Error-Message,X-Total-Count,ETag,Link,Accept-Ranges,Content-Range,X-Linked-Size,X-Linked-ETag,X-Xet-Hash'), (b'X-Repo-Commit', b'1110a243fdf4706b3f48f1d95db1a4f5529b4d41'), (b'Accept-Ranges', b'bytes'), (b'X-Hub-Cache', b'HIT'), (b'Content-Disposition', b'inline; filename*=UTF-8\'\'README.md; filename="README.md";'), (b'Content-Security-Policy', b"default-src 'none'; sandbox"), (b'Vary', b'Origin'), (b'X-Cache', b'Hit from cloudfront'), (b'Via', b'1.1 d8c65021c428d361260f18e7f3730e7e.cloudfront.net (CloudFront)'), (b'X-Amz-Cf-Pop', b'DXB53-P3'), (b'Alt-Svc', b'h3=":443"; ma=86400'), (b'X-Amz-Cf-Id', b'W8WeZuKD_i2fGC7At9wLRk2juITpR9lzC4MmKh8GBjymWPvkbC2xGw=='), (b'Age', b'680305')])
2026-07-10 11:58:34 | INFO     | httpx | [-] | HTTP Request: HEAD https://huggingface.co/api/resolve-cache/models/sentence-transformers/all-MiniLM-L6-v2/1110a243fdf4706b3f48f1d95db1a4f5529b4d41/README.md "HTTP/1.1 200 OK"
2026-07-10 11:58:34 | DEBUG    | httpcore.http11 | [-] | receive_response_body.started request=<Request [b'HEAD']>
2026-07-10 11:58:34 | DEBUG    | httpcore.http11 | [-] | receive_response_body.complete
2026-07-10 11:58:34 | DEBUG    | httpcore.http11 | [-] | response_closed.started
2026-07-10 11:58:34 | DEBUG    | httpcore.http11 | [-] | response_closed.complete
2026-07-10 11:58:34 | DEBUG    | httpcore.http11 | [-] | send_request_headers.started request=<Request [b'HEAD']>
2026-07-10 11:58:34 | DEBUG    | httpcore.http11 | [-] | send_request_headers.complete
2026-07-10 11:58:34 | DEBUG    | httpcore.http11 | [-] | send_request_body.started request=<Request [b'HEAD']>
2026-07-10 11:58:34 | DEBUG    | httpcore.http11 | [-] | send_request_body.complete
2026-07-10 11:58:34 | DEBUG    | httpcore.http11 | [-] | receive_response_headers.started request=<Request [b'HEAD']>
2026-07-10 11:58:35 | DEBUG    | httpcore.http11 | [-] | receive_response_headers.complete return_value=(b'HTTP/1.1', 307, b'Temporary Redirect', [(b'Content-Type', b'text/plain; charset=utf-8'), (b'Content-Length', b'282'), (b'Connection', b'keep-alive'), (b'Date', b'Fri, 10 Jul 2026 06:58:34 GMT'), (b'Location', b'/api/resolve-cache/models/sentence-transformers/all-MiniLM-L6-v2/1110a243fdf4706b3f48f1d95db1a4f5529b4d41/modules.json?%2Fsentence-transformers%2Fall-MiniLM-L6-v2%2Fresolve%2Fmain%2Fmodules.json=&etag=%22952a9b81c0bfd99800fabf352f69c7ccd46c5e43%22'), (b'X-Powered-By', b'huggingface-moon'), (b'X-Request-Id', b'Root=1-6a50981a-5439272d372910da206243dd;95c8c4e0-b792-44e9-8c2b-a47b61948fc1'), (b'RateLimit', b'"resolvers";r=4995;t=271'), (b'RateLimit-Policy', b'"fixed window";"resolvers";q=5000;w=300'), (b'cross-origin-opener-policy', b'same-origin'), (b'Referrer-Policy', b'strict-origin-when-cross-origin'), (b'Access-Control-Max-Age', b'86400'), (b'Access-Control-Allow-Origin', b'https://huggingface.co'), (b'Vary', b'Origin, Accept'), (b'Access-Control-Expose-Headers', b'X-Repo-Commit,X-Request-Id,X-Error-Code,X-Error-Message,X-Total-Count,ETag,Link,Accept-Ranges,Content-Range,X-Linked-Size,X-Linked-ETag,X-Xet-Hash'), (b'X-Repo-Commit', b'1110a243fdf4706b3f48f1d95db1a4f5529b4d41'), (b'Accept-Ranges', b'bytes'), (b'X-Hub-Cache', b'HIT'), (b'Content-Disposition', b'inline; filename*=UTF-8\'\'modules.json; filename="modules.json";'), (b'Content-Security-Policy', b"default-src 'none'; sandbox"), (b'X-Linked-ETag', b'"952a9b81c0bfd99800fabf352f69c7ccd46c5e43"'), (b'X-Cache', b'Miss from cloudfront'), (b'Via', b'1.1 d8c65021c428d361260f18e7f3730e7e.cloudfront.net (CloudFront)'), (b'X-Amz-Cf-Pop', b'DXB53-P3'), (b'Alt-Svc', b'h3=":443"; ma=86400'), (b'X-Amz-Cf-Id', b'EfqqrKAOvUF0i3bqNuPFPd7Z6YqMS-isjhvzTpJk3RfZ-7XTOoK59w==')])
2026-07-10 11:58:35 | INFO     | httpx | [-] | HTTP Request: HEAD https://huggingface.co/sentence-transformers/all-MiniLM-L6-v2/resolve/main/modules.json "HTTP/1.1 307 Temporary Redirect"
2026-07-10 11:58:35 | DEBUG    | httpcore.http11 | [-] | receive_response_body.started request=<Request [b'HEAD']>
2026-07-10 11:58:35 | DEBUG    | httpcore.http11 | [-] | receive_response_body.complete
2026-07-10 11:58:35 | DEBUG    | httpcore.http11 | [-] | response_closed.started
2026-07-10 11:58:35 | DEBUG    | httpcore.http11 | [-] | response_closed.complete
2026-07-10 11:58:35 | DEBUG    | httpcore.http11 | [-] | send_request_headers.started request=<Request [b'HEAD']>
2026-07-10 11:58:35 | DEBUG    | httpcore.http11 | [-] | send_request_headers.complete
2026-07-10 11:58:35 | DEBUG    | httpcore.http11 | [-] | send_request_body.started request=<Request [b'HEAD']>
2026-07-10 11:58:35 | DEBUG    | httpcore.http11 | [-] | send_request_body.complete
2026-07-10 11:58:35 | DEBUG    | httpcore.http11 | [-] | receive_response_headers.started request=<Request [b'HEAD']>
2026-07-10 11:58:35 | DEBUG    | httpcore.http11 | [-] | receive_response_headers.complete return_value=(b'HTTP/1.1', 200, b'OK', [(b'Content-Type', b'text/plain; charset=utf-8'), (b'Content-Length', b'349'), (b'Connection', b'keep-alive'), (b'Date', b'Thu, 02 Jul 2026 10:00:07 GMT'), (b'ETag', b'"952a9b81c0bfd99800fabf352f69c7ccd46c5e43"'), (b'X-Powered-By', b'huggingface-moon'), (b'X-Request-Id', b'Root=1-6a4636a7-4a341bda1e3c651114c1608e;449655db-f31e-41da-af50-2d10ef560375'), (b'RateLimit', b'"resolvers";r=4998;t=178'), (b'RateLimit-Policy', b'"fixed window";"resolvers";q=5000;w=300'), (b'cross-origin-opener-policy', b'same-origin'), (b'Referrer-Policy', b'strict-origin-when-cross-origin'), (b'Access-Control-Max-Age', b'86400'), (b'Access-Control-Allow-Origin', b'https://huggingface.co'), (b'Access-Control-Expose-Headers', b'X-Repo-Commit,X-Request-Id,X-Error-Code,X-Error-Message,X-Total-Count,ETag,Link,Accept-Ranges,Content-Range,X-Linked-Size,X-Linked-ETag,X-Xet-Hash'), (b'X-Repo-Commit', b'1110a243fdf4706b3f48f1d95db1a4f5529b4d41'), (b'Accept-Ranges', b'bytes'), (b'X-Hub-Cache', b'HIT'), (b'Content-Disposition', b'inline; filename*=UTF-8\'\'modules.json; filename="modules.json";'), (b'Content-Security-Policy', b"default-src 'none'; sandbox"), (b'Vary', b'Origin'), (b'X-Cache', b'Hit from cloudfront'), (b'Via', b'1.1 d8c65021c428d361260f18e7f3730e7e.cloudfront.net (CloudFront)'), (b'X-Amz-Cf-Pop', b'DXB53-P3'), (b'Alt-Svc', b'h3=":443"; ma=86400'), (b'X-Amz-Cf-Id', b'VeswT88JzemC0Xr-PcCw-L3otOT0_ndxyzcSyTrP-jafzW5sl08eoQ=='), (b'Age', b'680306')])
2026-07-10 11:58:35 | INFO     | httpx | [-] | HTTP Request: HEAD https://huggingface.co/api/resolve-cache/models/sentence-transformers/all-MiniLM-L6-v2/1110a243fdf4706b3f48f1d95db1a4f5529b4d41/modules.json "HTTP/1.1 200 OK"
2026-07-10 11:58:35 | DEBUG    | httpcore.http11 | [-] | receive_response_body.started request=<Request [b'HEAD']>
2026-07-10 11:58:35 | DEBUG    | httpcore.http11 | [-] | receive_response_body.complete
2026-07-10 11:58:35 | DEBUG    | httpcore.http11 | [-] | response_closed.started
2026-07-10 11:58:35 | DEBUG    | httpcore.http11 | [-] | response_closed.complete
2026-07-10 11:58:35 | DEBUG    | httpcore.http11 | [-] | send_request_headers.started request=<Request [b'HEAD']>
2026-07-10 11:58:35 | DEBUG    | httpcore.http11 | [-] | send_request_headers.complete
2026-07-10 11:58:35 | DEBUG    | httpcore.http11 | [-] | send_request_body.started request=<Request [b'HEAD']>
2026-07-10 11:58:35 | DEBUG    | httpcore.http11 | [-] | send_request_body.complete
2026-07-10 11:58:35 | DEBUG    | httpcore.http11 | [-] | receive_response_headers.started request=<Request [b'HEAD']>
2026-07-10 11:58:35 | DEBUG    | httpcore.http11 | [-] | receive_response_headers.complete return_value=(b'HTTP/1.1', 307, b'Temporary Redirect', [(b'Content-Type', b'text/plain; charset=utf-8'), (b'Content-Length', b'308'), (b'Connection', b'keep-alive'), (b'Date', b'Fri, 10 Jul 2026 06:58:34 GMT'), (b'Location', b'/api/resolve-cache/models/sentence-transformers/all-MiniLM-L6-v2/1110a243fdf4706b3f48f1d95db1a4f5529b4d41/sentence_bert_config.json?%2Fsentence-transformers%2Fall-MiniLM-L6-v2%2Fresolve%2Fmain%2Fsentence_bert_config.json=&etag=%2259d594003bf59880a884c574bf88ef7555bb0202%22'), (b'X-Powered-By', b'huggingface-moon'), (b'X-Request-Id', b'Root=1-6a50981a-005a7eee030a68920b85b13f;f812101a-351e-4773-bde1-2043896e6d8d'), (b'RateLimit', b'"resolvers";r=4994;t=271'), (b'RateLimit-Policy', b'"fixed window";"resolvers";q=5000;w=300'), (b'cross-origin-opener-policy', b'same-origin'), (b'Referrer-Policy', b'strict-origin-when-cross-origin'), (b'Access-Control-Max-Age', b'86400'), (b'Access-Control-Allow-Origin', b'https://huggingface.co'), (b'Vary', b'Origin, Accept'), (b'Access-Control-Expose-Headers', b'X-Repo-Commit,X-Request-Id,X-Error-Code,X-Error-Message,X-Total-Count,ETag,Link,Accept-Ranges,Content-Range,X-Linked-Size,X-Linked-ETag,X-Xet-Hash'), (b'X-Repo-Commit', b'1110a243fdf4706b3f48f1d95db1a4f5529b4d41'), (b'Accept-Ranges', b'bytes'), (b'X-Hub-Cache', b'HIT'), (b'Content-Disposition', b'inline; filename*=UTF-8\'\'sentence_bert_config.json; filename="sentence_bert_config.json";'), (b'Content-Security-Policy', b"default-src 'none'; sandbox"), (b'X-Linked-ETag', b'"59d594003bf59880a884c574bf88ef7555bb0202"'), (b'X-Cache', b'Miss from cloudfront'), (b'Via', b'1.1 d8c65021c428d361260f18e7f3730e7e.cloudfront.net (CloudFront)'), (b'X-Amz-Cf-Pop', b'DXB53-P3'), (b'Alt-Svc', b'h3=":443"; ma=86400'), (b'X-Amz-Cf-Id', b'ARo9ZN819TFlP-WYCpRYEhk3QJO4fEfWqxoI67eYHtvd-pzy-PLNww==')])
2026-07-10 11:58:35 | INFO     | httpx | [-] | HTTP Request: HEAD https://huggingface.co/sentence-transformers/all-MiniLM-L6-v2/resolve/main/sentence_bert_config.json "HTTP/1.1 307 Temporary Redirect"
2026-07-10 11:58:35 | DEBUG    | httpcore.http11 | [-] | receive_response_body.started request=<Request [b'HEAD']>
2026-07-10 11:58:35 | DEBUG    | httpcore.http11 | [-] | receive_response_body.complete
2026-07-10 11:58:35 | DEBUG    | httpcore.http11 | [-] | response_closed.started
2026-07-10 11:58:35 | DEBUG    | httpcore.http11 | [-] | response_closed.complete
2026-07-10 11:58:35 | DEBUG    | httpcore.http11 | [-] | send_request_headers.started request=<Request [b'HEAD']>
2026-07-10 11:58:35 | DEBUG    | httpcore.http11 | [-] | send_request_headers.complete
2026-07-10 11:58:35 | DEBUG    | httpcore.http11 | [-] | send_request_body.started request=<Request [b'HEAD']>
2026-07-10 11:58:35 | DEBUG    | httpcore.http11 | [-] | send_request_body.complete
2026-07-10 11:58:35 | DEBUG    | httpcore.http11 | [-] | receive_response_headers.started request=<Request [b'HEAD']>
2026-07-10 11:58:35 | DEBUG    | httpcore.http11 | [-] | receive_response_headers.complete return_value=(b'HTTP/1.1', 200, b'OK', [(b'Content-Type', b'text/plain; charset=utf-8'), (b'Content-Length', b'53'), (b'Connection', b'keep-alive'), (b'Date', b'Thu, 02 Jul 2026 10:00:10 GMT'), (b'ETag', b'"59d594003bf59880a884c574bf88ef7555bb0202"'), (b'X-Powered-By', b'huggingface-moon'), (b'X-Request-Id', b'Root=1-6a4636aa-22a5b6f0352971f44ad5ec3a;79e48e2c-ee1e-471b-bb9f-44a353a30e7a'), (b'RateLimit', b'"resolvers";r=4990;t=175'), (b'RateLimit-Policy', b'"fixed window";"resolvers";q=5000;w=300'), (b'cross-origin-opener-policy', b'same-origin'), (b'Referrer-Policy', b'strict-origin-when-cross-origin'), (b'Access-Control-Max-Age', b'86400'), (b'Access-Control-Allow-Origin', b'https://huggingface.co'), (b'Access-Control-Expose-Headers', b'X-Repo-Commit,X-Request-Id,X-Error-Code,X-Error-Message,X-Total-Count,ETag,Link,Accept-Ranges,Content-Range,X-Linked-Size,X-Linked-ETag,X-Xet-Hash'), (b'X-Repo-Commit', b'1110a243fdf4706b3f48f1d95db1a4f5529b4d41'), (b'Accept-Ranges', b'bytes'), (b'X-Hub-Cache', b'HIT'), (b'Content-Disposition', b'inline; filename*=UTF-8\'\'sentence_bert_config.json; filename="sentence_bert_config.json";'), (b'Content-Security-Policy', b"default-src 'none'; sandbox"), (b'Vary', b'Origin'), (b'X-Cache', b'Hit from cloudfront'), (b'Via', b'1.1 d8c65021c428d361260f18e7f3730e7e.cloudfront.net (CloudFront)'), (b'X-Amz-Cf-Pop', b'DXB53-P3'), (b'Alt-Svc', b'h3=":443"; ma=86400'), (b'X-Amz-Cf-Id', b'j6XqHrM5XG8c2f46nsU9DtcHbMFPsLxyAGJ6bRcV7Z6kOXTbkOvaGA=='), (b'Age', b'680304')])
2026-07-10 11:58:35 | INFO     | httpx | [-] | HTTP Request: HEAD https://huggingface.co/api/resolve-cache/models/sentence-transformers/all-MiniLM-L6-v2/1110a243fdf4706b3f48f1d95db1a4f5529b4d41/sentence_bert_config.json "HTTP/1.1 200 OK"
2026-07-10 11:58:35 | DEBUG    | httpcore.http11 | [-] | receive_response_body.started request=<Request [b'HEAD']>
2026-07-10 11:58:35 | DEBUG    | httpcore.http11 | [-] | receive_response_body.complete
2026-07-10 11:58:35 | DEBUG    | httpcore.http11 | [-] | response_closed.started
2026-07-10 11:58:35 | DEBUG    | httpcore.http11 | [-] | response_closed.complete
2026-07-10 11:58:35 | DEBUG    | httpcore.http11 | [-] | send_request_headers.started request=<Request [b'HEAD']>
2026-07-10 11:58:35 | DEBUG    | httpcore.http11 | [-] | send_request_headers.complete
2026-07-10 11:58:35 | DEBUG    | httpcore.http11 | [-] | send_request_body.started request=<Request [b'HEAD']>
2026-07-10 11:58:35 | DEBUG    | httpcore.http11 | [-] | send_request_body.complete
2026-07-10 11:58:35 | DEBUG    | httpcore.http11 | [-] | receive_response_headers.started request=<Request [b'HEAD']>
2026-07-10 11:58:35 | DEBUG    | httpcore.http11 | [-] | receive_response_headers.complete return_value=(b'HTTP/1.1', 404, b'Not Found', [(b'Content-Type', b'text/plain; charset=utf-8'), (b'Content-Length', b'15'), (b'Connection', b'keep-alive'), (b'Date', b'Fri, 10 Jul 2026 06:58:34 GMT'), (b'ETag', b'W/"f-mY2VvLxuxB7KhsoOdQTlMTccuAQ"'), (b'X-Powered-By', b'huggingface-moon'), (b'X-Request-Id', b'Root=1-6a50981a-4073d8f44c494cd70a3165ba;81f44508-6c4a-43c9-8db8-db47b0c476dd'), (b'RateLimit', b'"resolvers";r=4993;t=271'), (b'RateLimit-Policy', b'"fixed window";"resolvers";q=5000;w=300'), (b'cross-origin-opener-policy', b'same-origin'), (b'Referrer-Policy', b'strict-origin-when-cross-origin'), (b'Access-Control-Max-Age', b'86400'), (b'Access-Control-Allow-Origin', b'https://huggingface.co'), (b'Vary', b'Origin'), (b'Access-Control-Expose-Headers', b'X-Repo-Commit,X-Request-Id,X-Error-Code,X-Error-Message,X-Total-Count,ETag,Link,Accept-Ranges,Content-Range,X-Linked-Size,X-Linked-ETag,X-Xet-Hash'), (b'X-Repo-Commit', b'1110a243fdf4706b3f48f1d95db1a4f5529b4d41'), (b'Accept-Ranges', b'bytes'), (b'X-Hub-Cache', b'MISS'), (b'X-Error-Code', b'EntryNotFound'), (b'X-Error-Message', b'Entry not found'), (b'X-Cache', b'Error from cloudfront'), (b'Via', b'1.1 d8c65021c428d361260f18e7f3730e7e.cloudfront.net (CloudFront)'), (b'X-Amz-Cf-Pop', b'DXB53-P3'), (b'Alt-Svc', b'h3=":443"; ma=86400'), (b'X-Amz-Cf-Id', b'h3S87vRwbtMfTNzD1AO4auq1-FfRymaShq_SNCmzTB05eCyHrePVuw==')])
2026-07-10 11:58:35 | INFO     | httpx | [-] | HTTP Request: HEAD https://huggingface.co/sentence-transformers/all-MiniLM-L6-v2/resolve/main/adapter_config.json "HTTP/1.1 404 Not Found"
2026-07-10 11:58:35 | DEBUG    | httpcore.http11 | [-] | receive_response_body.started request=<Request [b'HEAD']>
2026-07-10 11:58:35 | DEBUG    | httpcore.http11 | [-] | receive_response_body.complete
2026-07-10 11:58:35 | DEBUG    | httpcore.http11 | [-] | response_closed.started
2026-07-10 11:58:35 | DEBUG    | httpcore.http11 | [-] | response_closed.complete
2026-07-10 11:58:35 | DEBUG    | httpcore.http11 | [-] | send_request_headers.started request=<Request [b'HEAD']>
2026-07-10 11:58:35 | DEBUG    | httpcore.http11 | [-] | send_request_headers.complete
2026-07-10 11:58:35 | DEBUG    | httpcore.http11 | [-] | send_request_body.started request=<Request [b'HEAD']>
2026-07-10 11:58:35 | DEBUG    | httpcore.http11 | [-] | send_request_body.complete
2026-07-10 11:58:35 | DEBUG    | httpcore.http11 | [-] | receive_response_headers.started request=<Request [b'HEAD']>
2026-07-10 11:58:35 | DEBUG    | httpcore.http11 | [-] | receive_response_headers.complete return_value=(b'HTTP/1.1', 307, b'Temporary Redirect', [(b'Content-Type', b'text/plain; charset=utf-8'), (b'Content-Length', b'280'), (b'Connection', b'keep-alive'), (b'Date', b'Fri, 10 Jul 2026 06:58:35 GMT'), (b'Location', b'/api/resolve-cache/models/sentence-transformers/all-MiniLM-L6-v2/1110a243fdf4706b3f48f1d95db1a4f5529b4d41/config.json?%2Fsentence-transformers%2Fall-MiniLM-L6-v2%2Fresolve%2Fmain%2Fconfig.json=&etag=%2272b987fd805cfa2b58c4c8c952b274a11bfd5a00%22'), (b'X-Powered-By', b'huggingface-moon'), (b'X-Request-Id', b'Root=1-6a50981b-786231a7694ae636747c6c91;23b78ad7-b2a9-4292-a971-35382797ece6'), (b'RateLimit', b'"resolvers";r=4992;t=270'), (b'RateLimit-Policy', b'"fixed window";"resolvers";q=5000;w=300'), (b'cross-origin-opener-policy', b'same-origin'), (b'Referrer-Policy', b'strict-origin-when-cross-origin'), (b'Access-Control-Max-Age', b'86400'), (b'Access-Control-Allow-Origin', b'https://huggingface.co'), (b'Vary', b'Origin, Accept'), (b'Access-Control-Expose-Headers', b'X-Repo-Commit,X-Request-Id,X-Error-Code,X-Error-Message,X-Total-Count,ETag,Link,Accept-Ranges,Content-Range,X-Linked-Size,X-Linked-ETag,X-Xet-Hash'), (b'X-Repo-Commit', b'1110a243fdf4706b3f48f1d95db1a4f5529b4d41'), (b'Accept-Ranges', b'bytes'), (b'X-Hub-Cache', b'HIT'), (b'Content-Disposition', b'inline; filename*=UTF-8\'\'config.json; filename="config.json";'), (b'Content-Security-Policy', b"default-src 'none'; sandbox"), (b'X-Linked-ETag', b'"72b987fd805cfa2b58c4c8c952b274a11bfd5a00"'), (b'X-Cache', b'Miss from cloudfront'), (b'Via', b'1.1 d8c65021c428d361260f18e7f3730e7e.cloudfront.net (CloudFront)'), (b'X-Amz-Cf-Pop', b'DXB53-P3'), (b'Alt-Svc', b'h3=":443"; ma=86400'), (b'X-Amz-Cf-Id', b'pe2MwjkRX0SwZlShKpqFPVVXaWrgG0ppNLPKQ_yE8G6De5oNpmHLPg==')])
2026-07-10 11:58:35 | INFO     | httpx | [-] | HTTP Request: HEAD https://huggingface.co/sentence-transformers/all-MiniLM-L6-v2/resolve/main/config.json "HTTP/1.1 307 Temporary Redirect"
2026-07-10 11:58:35 | DEBUG    | httpcore.http11 | [-] | receive_response_body.started request=<Request [b'HEAD']>
2026-07-10 11:58:35 | DEBUG    | httpcore.http11 | [-] | receive_response_body.complete
2026-07-10 11:58:35 | DEBUG    | httpcore.http11 | [-] | response_closed.started
2026-07-10 11:58:35 | DEBUG    | httpcore.http11 | [-] | response_closed.complete
2026-07-10 11:58:35 | DEBUG    | httpcore.http11 | [-] | send_request_headers.started request=<Request [b'HEAD']>
2026-07-10 11:58:35 | DEBUG    | httpcore.http11 | [-] | send_request_headers.complete
2026-07-10 11:58:35 | DEBUG    | httpcore.http11 | [-] | send_request_body.started request=<Request [b'HEAD']>
2026-07-10 11:58:35 | DEBUG    | httpcore.http11 | [-] | send_request_body.complete
2026-07-10 11:58:35 | DEBUG    | httpcore.http11 | [-] | receive_response_headers.started request=<Request [b'HEAD']>
2026-07-10 11:58:36 | DEBUG    | httpcore.http11 | [-] | receive_response_headers.complete return_value=(b'HTTP/1.1', 200, b'OK', [(b'Content-Type', b'text/plain; charset=utf-8'), (b'Content-Length', b'612'), (b'Connection', b'keep-alive'), (b'Date', b'Thu, 02 Jul 2026 10:00:11 GMT'), (b'ETag', b'"72b987fd805cfa2b58c4c8c952b274a11bfd5a00"'), (b'X-Powered-By', b'huggingface-moon'), (b'X-Request-Id', b'Root=1-6a4636ab-2a22d3db36d3b0e36e230d5d;898a9682-3d3a-4834-b947-05b07a6f2005'), (b'RateLimit', b'"resolvers";r=4987;t=174'), (b'RateLimit-Policy', b'"fixed window";"resolvers";q=5000;w=300'), (b'cross-origin-opener-policy', b'same-origin'), (b'Referrer-Policy', b'strict-origin-when-cross-origin'), (b'Access-Control-Max-Age', b'86400'), (b'Access-Control-Allow-Origin', b'https://huggingface.co'), (b'Access-Control-Expose-Headers', b'X-Repo-Commit,X-Request-Id,X-Error-Code,X-Error-Message,X-Total-Count,ETag,Link,Accept-Ranges,Content-Range,X-Linked-Size,X-Linked-ETag,X-Xet-Hash'), (b'X-Repo-Commit', b'1110a243fdf4706b3f48f1d95db1a4f5529b4d41'), (b'Accept-Ranges', b'bytes'), (b'X-Hub-Cache', b'HIT'), (b'Content-Disposition', b'inline; filename*=UTF-8\'\'config.json; filename="config.json";'), (b'Content-Security-Policy', b"default-src 'none'; sandbox"), (b'Vary', b'Origin'), (b'X-Cache', b'Hit from cloudfront'), (b'Via', b'1.1 d8c65021c428d361260f18e7f3730e7e.cloudfront.net (CloudFront)'), (b'X-Amz-Cf-Pop', b'DXB53-P3'), (b'Alt-Svc', b'h3=":443"; ma=86400'), (b'X-Amz-Cf-Id', b'orCOIIGQbRVeNe2c08RL_3SF0xwgZoJE_hCasZA0Q9S2yMpkPeJgBQ=='), (b'Age', b'680304')])
2026-07-10 11:58:36 | INFO     | httpx | [-] | HTTP Request: HEAD https://huggingface.co/api/resolve-cache/models/sentence-transformers/all-MiniLM-L6-v2/1110a243fdf4706b3f48f1d95db1a4f5529b4d41/config.json "HTTP/1.1 200 OK"
2026-07-10 11:58:36 | DEBUG    | httpcore.http11 | [-] | receive_response_body.started request=<Request [b'HEAD']>
2026-07-10 11:58:36 | DEBUG    | httpcore.http11 | [-] | receive_response_body.complete
2026-07-10 11:58:36 | DEBUG    | httpcore.http11 | [-] | response_closed.started
2026-07-10 11:58:36 | DEBUG    | httpcore.http11 | [-] | response_closed.complete
2026-07-10 11:58:36 | DEBUG    | httpcore.http11 | [-] | send_request_headers.started request=<Request [b'HEAD']>
2026-07-10 11:58:36 | DEBUG    | httpcore.http11 | [-] | send_request_headers.complete
2026-07-10 11:58:36 | DEBUG    | httpcore.http11 | [-] | send_request_body.started request=<Request [b'HEAD']>
2026-07-10 11:58:36 | DEBUG    | httpcore.http11 | [-] | send_request_body.complete
2026-07-10 11:58:36 | DEBUG    | httpcore.http11 | [-] | receive_response_headers.started request=<Request [b'HEAD']>
2026-07-10 11:58:36 | DEBUG    | httpcore.http11 | [-] | receive_response_headers.complete return_value=(b'HTTP/1.1', 404, b'Not Found', [(b'Content-Type', b'text/plain; charset=utf-8'), (b'Content-Length', b'15'), (b'Connection', b'keep-alive'), (b'Date', b'Fri, 10 Jul 2026 06:58:35 GMT'), (b'ETag', b'W/"f-mY2VvLxuxB7KhsoOdQTlMTccuAQ"'), (b'X-Powered-By', b'huggingface-moon'), (b'X-Request-Id', b'Root=1-6a50981b-213fed0f61e1e0e8249ebbbd;d1859310-7f57-4413-bff4-f4362020013d'), (b'RateLimit', b'"resolvers";r=4991;t=270'), (b'RateLimit-Policy', b'"fixed window";"resolvers";q=5000;w=300'), (b'cross-origin-opener-policy', b'same-origin'), (b'Referrer-Policy', b'strict-origin-when-cross-origin'), (b'Access-Control-Max-Age', b'86400'), (b'Access-Control-Allow-Origin', b'https://huggingface.co'), (b'Vary', b'Origin'), (b'Access-Control-Expose-Headers', b'X-Repo-Commit,X-Request-Id,X-Error-Code,X-Error-Message,X-Total-Count,ETag,Link,Accept-Ranges,Content-Range,X-Linked-Size,X-Linked-ETag,X-Xet-Hash'), (b'X-Repo-Commit', b'1110a243fdf4706b3f48f1d95db1a4f5529b4d41'), (b'Accept-Ranges', b'bytes'), (b'X-Hub-Cache', b'MISS'), (b'X-Error-Code', b'EntryNotFound'), (b'X-Error-Message', b'Entry not found'), (b'X-Cache', b'Error from cloudfront'), (b'Via', b'1.1 d8c65021c428d361260f18e7f3730e7e.cloudfront.net (CloudFront)'), (b'X-Amz-Cf-Pop', b'DXB53-P3'), (b'Alt-Svc', b'h3=":443"; ma=86400'), (b'X-Amz-Cf-Id', b'Z5qbZGTYa3lc_9_TY66orI1BF1jLrjXddVsQJsZfa3MJjrpHrF-qnQ==')])
2026-07-10 11:58:36 | INFO     | httpx | [-] | HTTP Request: HEAD https://huggingface.co/sentence-transformers/all-MiniLM-L6-v2/resolve/main/processor_config.json "HTTP/1.1 404 Not Found"
2026-07-10 11:58:36 | DEBUG    | httpcore.http11 | [-] | receive_response_body.started request=<Request [b'HEAD']>
2026-07-10 11:58:36 | DEBUG    | httpcore.http11 | [-] | receive_response_body.complete
2026-07-10 11:58:36 | DEBUG    | httpcore.http11 | [-] | response_closed.started
2026-07-10 11:58:36 | DEBUG    | httpcore.http11 | [-] | response_closed.complete
2026-07-10 11:58:36 | DEBUG    | httpcore.http11 | [-] | send_request_headers.started request=<Request [b'HEAD']>
2026-07-10 11:58:36 | DEBUG    | httpcore.http11 | [-] | send_request_headers.complete
2026-07-10 11:58:36 | DEBUG    | httpcore.http11 | [-] | send_request_body.started request=<Request [b'HEAD']>
2026-07-10 11:58:36 | DEBUG    | httpcore.http11 | [-] | send_request_body.complete
2026-07-10 11:58:36 | DEBUG    | httpcore.http11 | [-] | receive_response_headers.started request=<Request [b'HEAD']>
2026-07-10 11:58:36 | DEBUG    | httpcore.http11 | [-] | receive_response_headers.complete return_value=(b'HTTP/1.1', 404, b'Not Found', [(b'Content-Type', b'text/plain; charset=utf-8'), (b'Content-Length', b'15'), (b'Connection', b'keep-alive'), (b'Date', b'Fri, 10 Jul 2026 06:58:35 GMT'), (b'ETag', b'W/"f-mY2VvLxuxB7KhsoOdQTlMTccuAQ"'), (b'X-Powered-By', b'huggingface-moon'), (b'X-Request-Id', b'Root=1-6a50981b-2a6fc47463edaf5250c6c3d8;61df6e39-07f2-4824-86d6-d7ef67659cc5'), (b'RateLimit', b'"resolvers";r=4990;t=270'), (b'RateLimit-Policy', b'"fixed window";"resolvers";q=5000;w=300'), (b'cross-origin-opener-policy', b'same-origin'), (b'Referrer-Policy', b'strict-origin-when-cross-origin'), (b'Access-Control-Max-Age', b'86400'), (b'Access-Control-Allow-Origin', b'https://huggingface.co'), (b'Vary', b'Origin'), (b'Access-Control-Expose-Headers', b'X-Repo-Commit,X-Request-Id,X-Error-Code,X-Error-Message,X-Total-Count,ETag,Link,Accept-Ranges,Content-Range,X-Linked-Size,X-Linked-ETag,X-Xet-Hash'), (b'X-Repo-Commit', b'1110a243fdf4706b3f48f1d95db1a4f5529b4d41'), (b'Accept-Ranges', b'bytes'), (b'X-Hub-Cache', b'MISS'), (b'X-Error-Code', b'EntryNotFound'), (b'X-Error-Message', b'Entry not found'), (b'X-Cache', b'Error from cloudfront'), (b'Via', b'1.1 d8c65021c428d361260f18e7f3730e7e.cloudfront.net (CloudFront)'), (b'X-Amz-Cf-Pop', b'DXB53-P3'), (b'Alt-Svc', b'h3=":443"; ma=86400'), (b'X-Amz-Cf-Id', b'08ZPuuuFFYFNt64G5Xle2bdIZsC-VWuEAYeOlmmwyJqd7D6O3YcLMQ==')])
2026-07-10 11:58:36 | INFO     | httpx | [-] | HTTP Request: HEAD https://huggingface.co/sentence-transformers/all-MiniLM-L6-v2/resolve/main/preprocessor_config.json "HTTP/1.1 404 Not Found"
2026-07-10 11:58:36 | DEBUG    | httpcore.http11 | [-] | receive_response_body.started request=<Request [b'HEAD']>
2026-07-10 11:58:36 | DEBUG    | httpcore.http11 | [-] | receive_response_body.complete
2026-07-10 11:58:36 | DEBUG    | httpcore.http11 | [-] | response_closed.started
2026-07-10 11:58:36 | DEBUG    | httpcore.http11 | [-] | response_closed.complete
2026-07-10 11:58:36 | DEBUG    | httpcore.http11 | [-] | send_request_headers.started request=<Request [b'HEAD']>
2026-07-10 11:58:36 | DEBUG    | httpcore.http11 | [-] | send_request_headers.complete
2026-07-10 11:58:36 | DEBUG    | httpcore.http11 | [-] | send_request_body.started request=<Request [b'HEAD']>
2026-07-10 11:58:36 | DEBUG    | httpcore.http11 | [-] | send_request_body.complete
2026-07-10 11:58:36 | DEBUG    | httpcore.http11 | [-] | receive_response_headers.started request=<Request [b'HEAD']>
2026-07-10 11:58:36 | DEBUG    | httpcore.http11 | [-] | receive_response_headers.complete return_value=(b'HTTP/1.1', 404, b'Not Found', [(b'Content-Type', b'text/plain; charset=utf-8'), (b'Content-Length', b'15'), (b'Connection', b'keep-alive'), (b'Date', b'Fri, 10 Jul 2026 06:58:36 GMT'), (b'ETag', b'W/"f-mY2VvLxuxB7KhsoOdQTlMTccuAQ"'), (b'X-Powered-By', b'huggingface-moon'), (b'X-Request-Id', b'Root=1-6a50981c-005516780e35d4d21611ad25;fdc70d91-1a1e-4487-a8dc-a572010ae0a5'), (b'RateLimit', b'"resolvers";r=4989;t=269'), (b'RateLimit-Policy', b'"fixed window";"resolvers";q=5000;w=300'), (b'cross-origin-opener-policy', b'same-origin'), (b'Referrer-Policy', b'strict-origin-when-cross-origin'), (b'Access-Control-Max-Age', b'86400'), (b'Access-Control-Allow-Origin', b'https://huggingface.co'), (b'Vary', b'Origin'), (b'Access-Control-Expose-Headers', b'X-Repo-Commit,X-Request-Id,X-Error-Code,X-Error-Message,X-Total-Count,ETag,Link,Accept-Ranges,Content-Range,X-Linked-Size,X-Linked-ETag,X-Xet-Hash'), (b'X-Repo-Commit', b'1110a243fdf4706b3f48f1d95db1a4f5529b4d41'), (b'Accept-Ranges', b'bytes'), (b'X-Hub-Cache', b'MISS'), (b'X-Error-Code', b'EntryNotFound'), (b'X-Error-Message', b'Entry not found'), (b'X-Cache', b'Error from cloudfront'), (b'Via', b'1.1 d8c65021c428d361260f18e7f3730e7e.cloudfront.net (CloudFront)'), (b'X-Amz-Cf-Pop', b'DXB53-P3'), (b'Alt-Svc', b'h3=":443"; ma=86400'), (b'X-Amz-Cf-Id', b'GTnWeeMaMyPRY0KzbybF9Tvr7krLWvWLnGmKpXmKq7qguvw35izDKw==')])
2026-07-10 11:58:36 | INFO     | httpx | [-] | HTTP Request: HEAD https://huggingface.co/sentence-transformers/all-MiniLM-L6-v2/resolve/main/video_preprocessor_config.json "HTTP/1.1 404 Not Found"
2026-07-10 11:58:36 | DEBUG    | httpcore.http11 | [-] | receive_response_body.started request=<Request [b'HEAD']>
2026-07-10 11:58:36 | DEBUG    | httpcore.http11 | [-] | receive_response_body.complete
2026-07-10 11:58:36 | DEBUG    | httpcore.http11 | [-] | response_closed.started
2026-07-10 11:58:36 | DEBUG    | httpcore.http11 | [-] | response_closed.complete
2026-07-10 11:58:36 | DEBUG    | httpcore.http11 | [-] | send_request_headers.started request=<Request [b'HEAD']>
2026-07-10 11:58:36 | DEBUG    | httpcore.http11 | [-] | send_request_headers.complete
2026-07-10 11:58:36 | DEBUG    | httpcore.http11 | [-] | send_request_body.started request=<Request [b'HEAD']>
2026-07-10 11:58:36 | DEBUG    | httpcore.http11 | [-] | send_request_body.complete
2026-07-10 11:58:36 | DEBUG    | httpcore.http11 | [-] | receive_response_headers.started request=<Request [b'HEAD']>
2026-07-10 11:58:37 | DEBUG    | httpcore.http11 | [-] | receive_response_headers.complete return_value=(b'HTTP/1.1', 404, b'Not Found', [(b'Content-Type', b'text/plain; charset=utf-8'), (b'Content-Length', b'15'), (b'Connection', b'keep-alive'), (b'Date', b'Fri, 10 Jul 2026 06:58:36 GMT'), (b'ETag', b'W/"f-mY2VvLxuxB7KhsoOdQTlMTccuAQ"'), (b'X-Powered-By', b'huggingface-moon'), (b'X-Request-Id', b'Root=1-6a50981c-3864e51f414758597e6fabb3;7773ade4-6cd4-4c91-855b-05bd5ba2c41d'), (b'RateLimit', b'"resolvers";r=4988;t=269'), (b'RateLimit-Policy', b'"fixed window";"resolvers";q=5000;w=300'), (b'cross-origin-opener-policy', b'same-origin'), (b'Referrer-Policy', b'strict-origin-when-cross-origin'), (b'Access-Control-Max-Age', b'86400'), (b'Access-Control-Allow-Origin', b'https://huggingface.co'), (b'Vary', b'Origin'), (b'Access-Control-Expose-Headers', b'X-Repo-Commit,X-Request-Id,X-Error-Code,X-Error-Message,X-Total-Count,ETag,Link,Accept-Ranges,Content-Range,X-Linked-Size,X-Linked-ETag,X-Xet-Hash'), (b'X-Repo-Commit', b'1110a243fdf4706b3f48f1d95db1a4f5529b4d41'), (b'Accept-Ranges', b'bytes'), (b'X-Hub-Cache', b'MISS'), (b'X-Error-Code', b'EntryNotFound'), (b'X-Error-Message', b'Entry not found'), (b'X-Cache', b'Error from cloudfront'), (b'Via', b'1.1 d8c65021c428d361260f18e7f3730e7e.cloudfront.net (CloudFront)'), (b'X-Amz-Cf-Pop', b'DXB53-P3'), (b'Alt-Svc', b'h3=":443"; ma=86400'), (b'X-Amz-Cf-Id', b'z-HHXAKC2ZNl_viSVDxN9q5ccigJmqzBShwTogMn0Skh6uCSa5tA3w==')])
2026-07-10 11:58:37 | INFO     | httpx | [-] | HTTP Request: HEAD https://huggingface.co/sentence-transformers/all-MiniLM-L6-v2/resolve/main/preprocessor_config.json "HTTP/1.1 404 Not Found"
2026-07-10 11:58:37 | DEBUG    | httpcore.http11 | [-] | receive_response_body.started request=<Request [b'HEAD']>
2026-07-10 11:58:37 | DEBUG    | httpcore.http11 | [-] | receive_response_body.complete
2026-07-10 11:58:37 | DEBUG    | httpcore.http11 | [-] | response_closed.started
2026-07-10 11:58:37 | DEBUG    | httpcore.http11 | [-] | response_closed.complete
2026-07-10 11:58:37 | DEBUG    | httpcore.http11 | [-] | send_request_headers.started request=<Request [b'HEAD']>
2026-07-10 11:58:37 | DEBUG    | httpcore.http11 | [-] | send_request_headers.complete
2026-07-10 11:58:37 | DEBUG    | httpcore.http11 | [-] | send_request_body.started request=<Request [b'HEAD']>
2026-07-10 11:58:37 | DEBUG    | httpcore.http11 | [-] | send_request_body.complete
2026-07-10 11:58:37 | DEBUG    | httpcore.http11 | [-] | receive_response_headers.started request=<Request [b'HEAD']>
2026-07-10 11:58:37 | DEBUG    | httpcore.http11 | [-] | receive_response_headers.complete return_value=(b'HTTP/1.1', 307, b'Temporary Redirect', [(b'Content-Type', b'text/plain; charset=utf-8'), (b'Content-Length', b'300'), (b'Connection', b'keep-alive'), (b'Date', b'Fri, 10 Jul 2026 06:58:36 GMT'), (b'Location', b'/api/resolve-cache/models/sentence-transformers/all-MiniLM-L6-v2/1110a243fdf4706b3f48f1d95db1a4f5529b4d41/tokenizer_config.json?%2Fsentence-transformers%2Fall-MiniLM-L6-v2%2Fresolve%2Fmain%2Ftokenizer_config.json=&etag=%22c79f2b6a0cea6f4b564fed1938984bace9d30ff0%22'), (b'X-Powered-By', b'huggingface-moon'), (b'X-Request-Id', b'Root=1-6a50981c-2bfe69225441abab5677d034;a853fb87-049f-4363-8d15-5492feccf3ce'), (b'RateLimit', b'"resolvers";r=4987;t=269'), (b'RateLimit-Policy', b'"fixed window";"resolvers";q=5000;w=300'), (b'cross-origin-opener-policy', b'same-origin'), (b'Referrer-Policy', b'strict-origin-when-cross-origin'), (b'Access-Control-Max-Age', b'86400'), (b'Access-Control-Allow-Origin', b'https://huggingface.co'), (b'Vary', b'Origin, Accept'), (b'Access-Control-Expose-Headers', b'X-Repo-Commit,X-Request-Id,X-Error-Code,X-Error-Message,X-Total-Count,ETag,Link,Accept-Ranges,Content-Range,X-Linked-Size,X-Linked-ETag,X-Xet-Hash'), (b'X-Repo-Commit', b'1110a243fdf4706b3f48f1d95db1a4f5529b4d41'), (b'Accept-Ranges', b'bytes'), (b'X-Hub-Cache', b'HIT'), (b'Content-Disposition', b'inline; filename*=UTF-8\'\'tokenizer_config.json; filename="tokenizer_config.json";'), (b'Content-Security-Policy', b"default-src 'none'; sandbox"), (b'X-Linked-ETag', b'"c79f2b6a0cea6f4b564fed1938984bace9d30ff0"'), (b'X-Cache', b'Miss from cloudfront'), (b'Via', b'1.1 d8c65021c428d361260f18e7f3730e7e.cloudfront.net (CloudFront)'), (b'X-Amz-Cf-Pop', b'DXB53-P3'), (b'Alt-Svc', b'h3=":443"; ma=86400'), (b'X-Amz-Cf-Id', b'2j_SllTLJWWKLCUu-HXt0Bb5-VTpKlQpDKb3GHbMQ_CcyAwoF6EgCg==')])
2026-07-10 11:58:37 | INFO     | httpx | [-] | HTTP Request: HEAD https://huggingface.co/sentence-transformers/all-MiniLM-L6-v2/resolve/main/tokenizer_config.json "HTTP/1.1 307 Temporary Redirect"
2026-07-10 11:58:37 | DEBUG    | httpcore.http11 | [-] | receive_response_body.started request=<Request [b'HEAD']>
2026-07-10 11:58:37 | DEBUG    | httpcore.http11 | [-] | receive_response_body.complete
2026-07-10 11:58:37 | DEBUG    | httpcore.http11 | [-] | response_closed.started
2026-07-10 11:58:37 | DEBUG    | httpcore.http11 | [-] | response_closed.complete
2026-07-10 11:58:37 | DEBUG    | httpcore.http11 | [-] | send_request_headers.started request=<Request [b'HEAD']>
2026-07-10 11:58:37 | DEBUG    | httpcore.http11 | [-] | send_request_headers.complete
2026-07-10 11:58:37 | DEBUG    | httpcore.http11 | [-] | send_request_body.started request=<Request [b'HEAD']>
2026-07-10 11:58:37 | DEBUG    | httpcore.http11 | [-] | send_request_body.complete
2026-07-10 11:58:37 | DEBUG    | httpcore.http11 | [-] | receive_response_headers.started request=<Request [b'HEAD']>
2026-07-10 11:58:37 | DEBUG    | httpcore.http11 | [-] | receive_response_headers.complete return_value=(b'HTTP/1.1', 200, b'OK', [(b'Content-Type', b'text/plain; charset=utf-8'), (b'Content-Length', b'350'), (b'Connection', b'keep-alive'), (b'Date', b'Thu, 02 Jul 2026 10:00:13 GMT'), (b'ETag', b'"c79f2b6a0cea6f4b564fed1938984bace9d30ff0"'), (b'X-Powered-By', b'huggingface-moon'), (b'X-Request-Id', b'Root=1-6a4636ad-7eb01e122e9e12721c9a0789;a7b42d76-d595-4be2-8831-60a1b691ab8a'), (b'RateLimit', b'"resolvers";r=4981;t=172'), (b'RateLimit-Policy', b'"fixed window";"resolvers";q=5000;w=300'), (b'cross-origin-opener-policy', b'same-origin'), (b'Referrer-Policy', b'strict-origin-when-cross-origin'), (b'Access-Control-Max-Age', b'86400'), (b'Access-Control-Allow-Origin', b'https://huggingface.co'), (b'Access-Control-Expose-Headers', b'X-Repo-Commit,X-Request-Id,X-Error-Code,X-Error-Message,X-Total-Count,ETag,Link,Accept-Ranges,Content-Range,X-Linked-Size,X-Linked-ETag,X-Xet-Hash'), (b'X-Repo-Commit', b'1110a243fdf4706b3f48f1d95db1a4f5529b4d41'), (b'Accept-Ranges', b'bytes'), (b'X-Hub-Cache', b'HIT'), (b'Content-Disposition', b'inline; filename*=UTF-8\'\'tokenizer_config.json; filename="tokenizer_config.json";'), (b'Content-Security-Policy', b"default-src 'none'; sandbox"), (b'Vary', b'Origin'), (b'X-Cache', b'Hit from cloudfront'), (b'Via', b'1.1 d8c65021c428d361260f18e7f3730e7e.cloudfront.net (CloudFront)'), (b'X-Amz-Cf-Pop', b'DXB53-P3'), (b'Alt-Svc', b'h3=":443"; ma=86400'), (b'X-Amz-Cf-Id', b'2fA8VSW6g0fnet9-WyclmdAMel6onXc6fka6nMikeR4WctzmsczMvQ=='), (b'Age', b'680303')])
2026-07-10 11:58:37 | INFO     | httpx | [-] | HTTP Request: HEAD https://huggingface.co/api/resolve-cache/models/sentence-transformers/all-MiniLM-L6-v2/1110a243fdf4706b3f48f1d95db1a4f5529b4d41/tokenizer_config.json "HTTP/1.1 200 OK"
2026-07-10 11:58:37 | DEBUG    | httpcore.http11 | [-] | receive_response_body.started request=<Request [b'HEAD']>
2026-07-10 11:58:37 | DEBUG    | httpcore.http11 | [-] | receive_response_body.complete
2026-07-10 11:58:37 | DEBUG    | httpcore.http11 | [-] | response_closed.started
2026-07-10 11:58:37 | DEBUG    | httpcore.http11 | [-] | response_closed.complete
2026-07-10 11:58:37 | DEBUG    | httpcore.http11 | [-] | send_request_headers.started request=<Request [b'HEAD']>
2026-07-10 11:58:37 | DEBUG    | httpcore.http11 | [-] | send_request_headers.complete
2026-07-10 11:58:37 | DEBUG    | httpcore.http11 | [-] | send_request_body.started request=<Request [b'HEAD']>
2026-07-10 11:58:37 | DEBUG    | httpcore.http11 | [-] | send_request_body.complete
2026-07-10 11:58:37 | DEBUG    | httpcore.http11 | [-] | receive_response_headers.started request=<Request [b'HEAD']>
2026-07-10 11:58:37 | DEBUG    | httpcore.http11 | [-] | receive_response_headers.complete return_value=(b'HTTP/1.1', 307, b'Temporary Redirect', [(b'Content-Type', b'text/plain; charset=utf-8'), (b'Content-Length', b'280'), (b'Connection', b'keep-alive'), (b'Date', b'Fri, 10 Jul 2026 06:58:36 GMT'), (b'Location', b'/api/resolve-cache/models/sentence-transformers/all-MiniLM-L6-v2/1110a243fdf4706b3f48f1d95db1a4f5529b4d41/config.json?%2Fsentence-transformers%2Fall-MiniLM-L6-v2%2Fresolve%2Fmain%2Fconfig.json=&etag=%2272b987fd805cfa2b58c4c8c952b274a11bfd5a00%22'), (b'X-Powered-By', b'huggingface-moon'), (b'X-Request-Id', b'Root=1-6a50981c-7db391545743c5c4722b6ab4;c45635c1-c0f3-46e0-92be-4e51d1fbc11e'), (b'RateLimit', b'"resolvers";r=4986;t=269'), (b'RateLimit-Policy', b'"fixed window";"resolvers";q=5000;w=300'), (b'cross-origin-opener-policy', b'same-origin'), (b'Referrer-Policy', b'strict-origin-when-cross-origin'), (b'Access-Control-Max-Age', b'86400'), (b'Access-Control-Allow-Origin', b'https://huggingface.co'), (b'Vary', b'Origin, Accept'), (b'Access-Control-Expose-Headers', b'X-Repo-Commit,X-Request-Id,X-Error-Code,X-Error-Message,X-Total-Count,ETag,Link,Accept-Ranges,Content-Range,X-Linked-Size,X-Linked-ETag,X-Xet-Hash'), (b'X-Repo-Commit', b'1110a243fdf4706b3f48f1d95db1a4f5529b4d41'), (b'Accept-Ranges', b'bytes'), (b'X-Hub-Cache', b'HIT'), (b'Content-Disposition', b'inline; filename*=UTF-8\'\'config.json; filename="config.json";'), (b'Content-Security-Policy', b"default-src 'none'; sandbox"), (b'X-Linked-ETag', b'"72b987fd805cfa2b58c4c8c952b274a11bfd5a00"'), (b'X-Cache', b'Miss from cloudfront'), (b'Via', b'1.1 d8c65021c428d361260f18e7f3730e7e.cloudfront.net (CloudFront)'), (b'X-Amz-Cf-Pop', b'DXB53-P3'), (b'Alt-Svc', b'h3=":443"; ma=86400'), (b'X-Amz-Cf-Id', b'JA5zx3ZBOFem6b2ZjSF-HW7zliZuh_rPYc3uy4_Vn8--U8UudenT7g==')])
2026-07-10 11:58:37 | INFO     | httpx | [-] | HTTP Request: HEAD https://huggingface.co/sentence-transformers/all-MiniLM-L6-v2/resolve/main/config.json "HTTP/1.1 307 Temporary Redirect"
2026-07-10 11:58:37 | DEBUG    | httpcore.http11 | [-] | receive_response_body.started request=<Request [b'HEAD']>
2026-07-10 11:58:37 | DEBUG    | httpcore.http11 | [-] | receive_response_body.complete
2026-07-10 11:58:37 | DEBUG    | httpcore.http11 | [-] | response_closed.started
2026-07-10 11:58:37 | DEBUG    | httpcore.http11 | [-] | response_closed.complete
2026-07-10 11:58:37 | DEBUG    | httpcore.http11 | [-] | send_request_headers.started request=<Request [b'HEAD']>
2026-07-10 11:58:37 | DEBUG    | httpcore.http11 | [-] | send_request_headers.complete
2026-07-10 11:58:37 | DEBUG    | httpcore.http11 | [-] | send_request_body.started request=<Request [b'HEAD']>
2026-07-10 11:58:37 | DEBUG    | httpcore.http11 | [-] | send_request_body.complete
2026-07-10 11:58:37 | DEBUG    | httpcore.http11 | [-] | receive_response_headers.started request=<Request [b'HEAD']>
2026-07-10 11:58:37 | DEBUG    | httpcore.http11 | [-] | receive_response_headers.complete return_value=(b'HTTP/1.1', 200, b'OK', [(b'Content-Type', b'text/plain; charset=utf-8'), (b'Content-Length', b'612'), (b'Connection', b'keep-alive'), (b'Date', b'Thu, 02 Jul 2026 10:00:11 GMT'), (b'ETag', b'"72b987fd805cfa2b58c4c8c952b274a11bfd5a00"'), (b'X-Powered-By', b'huggingface-moon'), (b'X-Request-Id', b'Root=1-6a4636ab-2a22d3db36d3b0e36e230d5d;898a9682-3d3a-4834-b947-05b07a6f2005'), (b'RateLimit', b'"resolvers";r=4987;t=174'), (b'RateLimit-Policy', b'"fixed window";"resolvers";q=5000;w=300'), (b'cross-origin-opener-policy', b'same-origin'), (b'Referrer-Policy', b'strict-origin-when-cross-origin'), (b'Access-Control-Max-Age', b'86400'), (b'Access-Control-Allow-Origin', b'https://huggingface.co'), (b'Access-Control-Expose-Headers', b'X-Repo-Commit,X-Request-Id,X-Error-Code,X-Error-Message,X-Total-Count,ETag,Link,Accept-Ranges,Content-Range,X-Linked-Size,X-Linked-ETag,X-Xet-Hash'), (b'X-Repo-Commit', b'1110a243fdf4706b3f48f1d95db1a4f5529b4d41'), (b'Accept-Ranges', b'bytes'), (b'X-Hub-Cache', b'HIT'), (b'Content-Disposition', b'inline; filename*=UTF-8\'\'config.json; filename="config.json";'), (b'Content-Security-Policy', b"default-src 'none'; sandbox"), (b'Vary', b'Origin'), (b'X-Cache', b'Hit from cloudfront'), (b'Via', b'1.1 d8c65021c428d361260f18e7f3730e7e.cloudfront.net (CloudFront)'), (b'X-Amz-Cf-Pop', b'DXB53-P3'), (b'Alt-Svc', b'h3=":443"; ma=86400'), (b'X-Amz-Cf-Id', b'JsyZ1WePY2n6xsMBhRXKy9fukaxQFizJWBF-nB0SYS-wQJPX9e6blg=='), (b'Age', b'680306')])
2026-07-10 11:58:37 | INFO     | httpx | [-] | HTTP Request: HEAD https://huggingface.co/api/resolve-cache/models/sentence-transformers/all-MiniLM-L6-v2/1110a243fdf4706b3f48f1d95db1a4f5529b4d41/config.json "HTTP/1.1 200 OK"
2026-07-10 11:58:37 | DEBUG    | httpcore.http11 | [-] | receive_response_body.started request=<Request [b'HEAD']>
2026-07-10 11:58:37 | DEBUG    | httpcore.http11 | [-] | receive_response_body.complete
2026-07-10 11:58:37 | DEBUG    | httpcore.http11 | [-] | response_closed.started
2026-07-10 11:58:37 | DEBUG    | httpcore.http11 | [-] | response_closed.complete
2026-07-10 11:58:37 | DEBUG    | httpcore.http11 | [-] | send_request_headers.started request=<Request [b'HEAD']>
2026-07-10 11:58:37 | DEBUG    | httpcore.http11 | [-] | send_request_headers.complete
2026-07-10 11:58:37 | DEBUG    | httpcore.http11 | [-] | send_request_body.started request=<Request [b'HEAD']>
2026-07-10 11:58:37 | DEBUG    | httpcore.http11 | [-] | send_request_body.complete
2026-07-10 11:58:37 | DEBUG    | httpcore.http11 | [-] | receive_response_headers.started request=<Request [b'HEAD']>
2026-07-10 11:58:38 | DEBUG    | httpcore.http11 | [-] | receive_response_headers.complete return_value=(b'HTTP/1.1', 307, b'Temporary Redirect', [(b'Content-Type', b'text/plain; charset=utf-8'), (b'Content-Length', b'280'), (b'Connection', b'keep-alive'), (b'Date', b'Fri, 10 Jul 2026 06:58:37 GMT'), (b'Location', b'/api/resolve-cache/models/sentence-transformers/all-MiniLM-L6-v2/1110a243fdf4706b3f48f1d95db1a4f5529b4d41/config.json?%2Fsentence-transformers%2Fall-MiniLM-L6-v2%2Fresolve%2Fmain%2Fconfig.json=&etag=%2272b987fd805cfa2b58c4c8c952b274a11bfd5a00%22'), (b'X-Powered-By', b'huggingface-moon'), (b'X-Request-Id', b'Root=1-6a50981d-64c70a23464065bd0f177826;3de0e0ba-e2f3-43bf-a25b-1ad5fc254244'), (b'RateLimit', b'"resolvers";r=4985;t=268'), (b'RateLimit-Policy', b'"fixed window";"resolvers";q=5000;w=300'), (b'cross-origin-opener-policy', b'same-origin'), (b'Referrer-Policy', b'strict-origin-when-cross-origin'), (b'Access-Control-Max-Age', b'86400'), (b'Access-Control-Allow-Origin', b'https://huggingface.co'), (b'Vary', b'Origin, Accept'), (b'Access-Control-Expose-Headers', b'X-Repo-Commit,X-Request-Id,X-Error-Code,X-Error-Message,X-Total-Count,ETag,Link,Accept-Ranges,Content-Range,X-Linked-Size,X-Linked-ETag,X-Xet-Hash'), (b'X-Repo-Commit', b'1110a243fdf4706b3f48f1d95db1a4f5529b4d41'), (b'Accept-Ranges', b'bytes'), (b'X-Hub-Cache', b'HIT'), (b'Content-Disposition', b'inline; filename*=UTF-8\'\'config.json; filename="config.json";'), (b'Content-Security-Policy', b"default-src 'none'; sandbox"), (b'X-Linked-ETag', b'"72b987fd805cfa2b58c4c8c952b274a11bfd5a00"'), (b'X-Cache', b'Miss from cloudfront'), (b'Via', b'1.1 d8c65021c428d361260f18e7f3730e7e.cloudfront.net (CloudFront)'), (b'X-Amz-Cf-Pop', b'DXB53-P3'), (b'Alt-Svc', b'h3=":443"; ma=86400'), (b'X-Amz-Cf-Id', b'xv4xyaG67PQM4pRgveNjq6sPL4Smp5lMP365kIrnuYuJc2-TmslVPQ==')])
2026-07-10 11:58:38 | INFO     | httpx | [-] | HTTP Request: HEAD https://huggingface.co/sentence-transformers/all-MiniLM-L6-v2/resolve/main/config.json "HTTP/1.1 307 Temporary Redirect"
2026-07-10 11:58:38 | DEBUG    | httpcore.http11 | [-] | receive_response_body.started request=<Request [b'HEAD']>
2026-07-10 11:58:38 | DEBUG    | httpcore.http11 | [-] | receive_response_body.complete
2026-07-10 11:58:38 | DEBUG    | httpcore.http11 | [-] | response_closed.started
2026-07-10 11:58:38 | DEBUG    | httpcore.http11 | [-] | response_closed.complete
2026-07-10 11:58:38 | DEBUG    | httpcore.http11 | [-] | send_request_headers.started request=<Request [b'HEAD']>
2026-07-10 11:58:38 | DEBUG    | httpcore.http11 | [-] | send_request_headers.complete
2026-07-10 11:58:38 | DEBUG    | httpcore.http11 | [-] | send_request_body.started request=<Request [b'HEAD']>
2026-07-10 11:58:38 | DEBUG    | httpcore.http11 | [-] | send_request_body.complete
2026-07-10 11:58:38 | DEBUG    | httpcore.http11 | [-] | receive_response_headers.started request=<Request [b'HEAD']>
2026-07-10 11:58:38 | DEBUG    | httpcore.http11 | [-] | receive_response_headers.complete return_value=(b'HTTP/1.1', 200, b'OK', [(b'Content-Type', b'text/plain; charset=utf-8'), (b'Content-Length', b'612'), (b'Connection', b'keep-alive'), (b'Date', b'Thu, 02 Jul 2026 10:00:11 GMT'), (b'ETag', b'"72b987fd805cfa2b58c4c8c952b274a11bfd5a00"'), (b'X-Powered-By', b'huggingface-moon'), (b'X-Request-Id', b'Root=1-6a4636ab-2a22d3db36d3b0e36e230d5d;898a9682-3d3a-4834-b947-05b07a6f2005'), (b'RateLimit', b'"resolvers";r=4987;t=174'), (b'RateLimit-Policy', b'"fixed window";"resolvers";q=5000;w=300'), (b'cross-origin-opener-policy', b'same-origin'), (b'Referrer-Policy', b'strict-origin-when-cross-origin'), (b'Access-Control-Max-Age', b'86400'), (b'Access-Control-Allow-Origin', b'https://huggingface.co'), (b'Access-Control-Expose-Headers', b'X-Repo-Commit,X-Request-Id,X-Error-Code,X-Error-Message,X-Total-Count,ETag,Link,Accept-Ranges,Content-Range,X-Linked-Size,X-Linked-ETag,X-Xet-Hash'), (b'X-Repo-Commit', b'1110a243fdf4706b3f48f1d95db1a4f5529b4d41'), (b'Accept-Ranges', b'bytes'), (b'X-Hub-Cache', b'HIT'), (b'Content-Disposition', b'inline; filename*=UTF-8\'\'config.json; filename="config.json";'), (b'Content-Security-Policy', b"default-src 'none'; sandbox"), (b'Vary', b'Origin'), (b'X-Cache', b'Hit from cloudfront'), (b'Via', b'1.1 d8c65021c428d361260f18e7f3730e7e.cloudfront.net (CloudFront)'), (b'X-Amz-Cf-Pop', b'DXB53-P3'), (b'Alt-Svc', b'h3=":443"; ma=86400'), (b'X-Amz-Cf-Id', b'V4D5WwdcRFvMQ573-65pbfcszQ1Ogsd1I1dOgAH0JwViJsiFJrotXg=='), (b'Age', b'680306')])
2026-07-10 11:58:38 | INFO     | httpx | [-] | HTTP Request: HEAD https://huggingface.co/api/resolve-cache/models/sentence-transformers/all-MiniLM-L6-v2/1110a243fdf4706b3f48f1d95db1a4f5529b4d41/config.json "HTTP/1.1 200 OK"
2026-07-10 11:58:38 | DEBUG    | httpcore.http11 | [-] | receive_response_body.started request=<Request [b'HEAD']>
2026-07-10 11:58:38 | DEBUG    | httpcore.http11 | [-] | receive_response_body.complete
2026-07-10 11:58:38 | DEBUG    | httpcore.http11 | [-] | response_closed.started
2026-07-10 11:58:38 | DEBUG    | httpcore.http11 | [-] | response_closed.complete
2026-07-10 11:58:38 | DEBUG    | httpcore.http11 | [-] | send_request_headers.started request=<Request [b'HEAD']>
2026-07-10 11:58:38 | DEBUG    | httpcore.http11 | [-] | send_request_headers.complete
2026-07-10 11:58:38 | DEBUG    | httpcore.http11 | [-] | send_request_body.started request=<Request [b'HEAD']>
2026-07-10 11:58:38 | DEBUG    | httpcore.http11 | [-] | send_request_body.complete
2026-07-10 11:58:38 | DEBUG    | httpcore.http11 | [-] | receive_response_headers.started request=<Request [b'HEAD']>
2026-07-10 11:58:38 | DEBUG    | httpcore.http11 | [-] | receive_response_headers.complete return_value=(b'HTTP/1.1', 307, b'Temporary Redirect', [(b'Content-Type', b'text/plain; charset=utf-8'), (b'Content-Length', b'300'), (b'Connection', b'keep-alive'), (b'Date', b'Fri, 10 Jul 2026 06:58:37 GMT'), (b'Location', b'/api/resolve-cache/models/sentence-transformers/all-MiniLM-L6-v2/1110a243fdf4706b3f48f1d95db1a4f5529b4d41/tokenizer_config.json?%2Fsentence-transformers%2Fall-MiniLM-L6-v2%2Fresolve%2Fmain%2Ftokenizer_config.json=&etag=%22c79f2b6a0cea6f4b564fed1938984bace9d30ff0%22'), (b'X-Powered-By', b'huggingface-moon'), (b'X-Request-Id', b'Root=1-6a50981d-35c48b557671bafc34f173b3;7fc0cbd5-7912-4ffe-ad2e-de1748f1593f'), (b'RateLimit', b'"resolvers";r=4984;t=268'), (b'RateLimit-Policy', b'"fixed window";"resolvers";q=5000;w=300'), (b'cross-origin-opener-policy', b'same-origin'), (b'Referrer-Policy', b'strict-origin-when-cross-origin'), (b'Access-Control-Max-Age', b'86400'), (b'Access-Control-Allow-Origin', b'https://huggingface.co'), (b'Vary', b'Origin, Accept'), (b'Access-Control-Expose-Headers', b'X-Repo-Commit,X-Request-Id,X-Error-Code,X-Error-Message,X-Total-Count,ETag,Link,Accept-Ranges,Content-Range,X-Linked-Size,X-Linked-ETag,X-Xet-Hash'), (b'X-Repo-Commit', b'1110a243fdf4706b3f48f1d95db1a4f5529b4d41'), (b'Accept-Ranges', b'bytes'), (b'X-Hub-Cache', b'HIT'), (b'Content-Disposition', b'inline; filename*=UTF-8\'\'tokenizer_config.json; filename="tokenizer_config.json";'), (b'Content-Security-Policy', b"default-src 'none'; sandbox"), (b'X-Linked-ETag', b'"c79f2b6a0cea6f4b564fed1938984bace9d30ff0"'), (b'X-Cache', b'Miss from cloudfront'), (b'Via', b'1.1 d8c65021c428d361260f18e7f3730e7e.cloudfront.net (CloudFront)'), (b'X-Amz-Cf-Pop', b'DXB53-P3'), (b'Alt-Svc', b'h3=":443"; ma=86400'), (b'X-Amz-Cf-Id', b'R3NoxnnpWaMKOzk-42-6UkVu1SCMBWeLZ4aiMu657TSv7CiGolaBLg==')])
2026-07-10 11:58:38 | INFO     | httpx | [-] | HTTP Request: HEAD https://huggingface.co/sentence-transformers/all-MiniLM-L6-v2/resolve/main/tokenizer_config.json "HTTP/1.1 307 Temporary Redirect"
2026-07-10 11:58:38 | DEBUG    | httpcore.http11 | [-] | receive_response_body.started request=<Request [b'HEAD']>
2026-07-10 11:58:38 | DEBUG    | httpcore.http11 | [-] | receive_response_body.complete
2026-07-10 11:58:38 | DEBUG    | httpcore.http11 | [-] | response_closed.started
2026-07-10 11:58:38 | DEBUG    | httpcore.http11 | [-] | response_closed.complete
2026-07-10 11:58:38 | DEBUG    | httpcore.http11 | [-] | send_request_headers.started request=<Request [b'HEAD']>
2026-07-10 11:58:38 | DEBUG    | httpcore.http11 | [-] | send_request_headers.complete
2026-07-10 11:58:38 | DEBUG    | httpcore.http11 | [-] | send_request_body.started request=<Request [b'HEAD']>
2026-07-10 11:58:38 | DEBUG    | httpcore.http11 | [-] | send_request_body.complete
2026-07-10 11:58:38 | DEBUG    | httpcore.http11 | [-] | receive_response_headers.started request=<Request [b'HEAD']>
2026-07-10 11:58:38 | DEBUG    | httpcore.http11 | [-] | receive_response_headers.complete return_value=(b'HTTP/1.1', 200, b'OK', [(b'Content-Type', b'text/plain; charset=utf-8'), (b'Content-Length', b'350'), (b'Connection', b'keep-alive'), (b'Date', b'Thu, 02 Jul 2026 10:00:13 GMT'), (b'ETag', b'"c79f2b6a0cea6f4b564fed1938984bace9d30ff0"'), (b'X-Powered-By', b'huggingface-moon'), (b'X-Request-Id', b'Root=1-6a4636ad-7eb01e122e9e12721c9a0789;a7b42d76-d595-4be2-8831-60a1b691ab8a'), (b'RateLimit', b'"resolvers";r=4981;t=172'), (b'RateLimit-Policy', b'"fixed window";"resolvers";q=5000;w=300'), (b'cross-origin-opener-policy', b'same-origin'), (b'Referrer-Policy', b'strict-origin-when-cross-origin'), (b'Access-Control-Max-Age', b'86400'), (b'Access-Control-Allow-Origin', b'https://huggingface.co'), (b'Access-Control-Expose-Headers', b'X-Repo-Commit,X-Request-Id,X-Error-Code,X-Error-Message,X-Total-Count,ETag,Link,Accept-Ranges,Content-Range,X-Linked-Size,X-Linked-ETag,X-Xet-Hash'), (b'X-Repo-Commit', b'1110a243fdf4706b3f48f1d95db1a4f5529b4d41'), (b'Accept-Ranges', b'bytes'), (b'X-Hub-Cache', b'HIT'), (b'Content-Disposition', b'inline; filename*=UTF-8\'\'tokenizer_config.json; filename="tokenizer_config.json";'), (b'Content-Security-Policy', b"default-src 'none'; sandbox"), (b'Vary', b'Origin'), (b'X-Cache', b'Hit from cloudfront'), (b'Via', b'1.1 d8c65021c428d361260f18e7f3730e7e.cloudfront.net (CloudFront)'), (b'X-Amz-Cf-Pop', b'DXB53-P3'), (b'Alt-Svc', b'h3=":443"; ma=86400'), (b'X-Amz-Cf-Id', b'izVrjOhc8vWyLEeCau5NxkDsLEck-H7oKRI_6CZgPgeHg46y3F8iLw=='), (b'Age', b'680304')])
2026-07-10 11:58:38 | INFO     | httpx | [-] | HTTP Request: HEAD https://huggingface.co/api/resolve-cache/models/sentence-transformers/all-MiniLM-L6-v2/1110a243fdf4706b3f48f1d95db1a4f5529b4d41/tokenizer_config.json "HTTP/1.1 200 OK"
2026-07-10 11:58:38 | DEBUG    | httpcore.http11 | [-] | receive_response_body.started request=<Request [b'HEAD']>
2026-07-10 11:58:38 | DEBUG    | httpcore.http11 | [-] | receive_response_body.complete
2026-07-10 11:58:38 | DEBUG    | httpcore.http11 | [-] | response_closed.started
2026-07-10 11:58:38 | DEBUG    | httpcore.http11 | [-] | response_closed.complete
2026-07-10 11:58:38 | DEBUG    | httpcore.http11 | [-] | send_request_headers.started request=<Request [b'GET']>
2026-07-10 11:58:38 | DEBUG    | httpcore.http11 | [-] | send_request_headers.complete
2026-07-10 11:58:38 | DEBUG    | httpcore.http11 | [-] | send_request_body.started request=<Request [b'GET']>
2026-07-10 11:58:38 | DEBUG    | httpcore.http11 | [-] | send_request_body.complete
2026-07-10 11:58:38 | DEBUG    | httpcore.http11 | [-] | receive_response_headers.started request=<Request [b'GET']>
2026-07-10 11:58:38 | DEBUG    | httpcore.http11 | [-] | receive_response_headers.complete return_value=(b'HTTP/1.1', 404, b'Not Found', [(b'Content-Type', b'application/json; charset=utf-8'), (b'Content-Length', b'64'), (b'Connection', b'keep-alive'), (b'Date', b'Fri, 10 Jul 2026 06:58:37 GMT'), (b'ETag', b'W/"40-09f9IAqP13xarAhQxFS2W8rvRkM"'), (b'X-Powered-By', b'huggingface-moon'), (b'X-Request-Id', b'Root=1-6a50981d-2acaae3b1f1134c239c48502;8371c38f-e42e-4c2f-bb44-baca967b1b76'), (b'RateLimit', b'"api";r=999;t=268'), (b'RateLimit-Policy', b'"fixed window";"api";q=1000;w=300'), (b'cross-origin-opener-policy', b'same-origin'), (b'Referrer-Policy', b'strict-origin-when-cross-origin'), (b'Access-Control-Max-Age', b'86400'), (b'Access-Control-Allow-Origin', b'https://huggingface.co'), (b'Vary', b'Origin'), (b'Access-Control-Expose-Headers', b'X-Repo-Commit,X-Request-Id,X-Error-Code,X-Error-Message,X-Total-Count,ETag,Link,Accept-Ranges,Content-Range,X-Linked-Size,X-Linked-ETag,X-Xet-Hash'), (b'X-Error-Code', b'EntryNotFound'), (b'X-Error-Message', b'additional_chat_templates does not exist on "main"'), (b'X-Cache', b'Error from cloudfront'), (b'Via', b'1.1 d8c65021c428d361260f18e7f3730e7e.cloudfront.net (CloudFront)'), (b'X-Amz-Cf-Pop', b'DXB53-P3'), (b'Alt-Svc', b'h3=":443"; ma=86400'), (b'X-Amz-Cf-Id', b'GpFN5PykKBAmgSwCqDThbszZExXwPbGCeZVpBfKiv-D3y_WpWyamTQ==')])
2026-07-10 11:58:38 | INFO     | httpx | [-] | HTTP Request: GET https://huggingface.co/api/models/sentence-transformers/all-MiniLM-L6-v2/tree/main/additional_chat_templates?recursive=false&expand=false "HTTP/1.1 404 Not Found"
2026-07-10 11:58:38 | DEBUG    | httpcore.http11 | [-] | receive_response_body.started request=<Request [b'GET']>
2026-07-10 11:58:38 | DEBUG    | httpcore.http11 | [-] | receive_response_body.complete
2026-07-10 11:58:38 | DEBUG    | httpcore.http11 | [-] | response_closed.started
2026-07-10 11:58:38 | DEBUG    | httpcore.http11 | [-] | response_closed.complete
2026-07-10 11:58:38 | DEBUG    | httpcore.http11 | [-] | send_request_headers.started request=<Request [b'GET']>
2026-07-10 11:58:38 | DEBUG    | httpcore.http11 | [-] | send_request_headers.complete
2026-07-10 11:58:38 | DEBUG    | httpcore.http11 | [-] | send_request_body.started request=<Request [b'GET']>
2026-07-10 11:58:38 | DEBUG    | httpcore.http11 | [-] | send_request_body.complete
2026-07-10 11:58:38 | DEBUG    | httpcore.http11 | [-] | receive_response_headers.started request=<Request [b'GET']>
2026-07-10 11:58:39 | DEBUG    | httpcore.http11 | [-] | receive_response_headers.complete return_value=(b'HTTP/1.1', 200, b'OK', [(b'Content-Type', b'application/json; charset=utf-8'), (b'Transfer-Encoding', b'chunked'), (b'Connection', b'keep-alive'), (b'Date', b'Fri, 10 Jul 2026 06:58:38 GMT'), (b'content-encoding', b'gzip'), (b'ETag', b'W/"1941-hVCCg8o6+Z9eHy795jGmhiAD0to"'), (b'X-Powered-By', b'huggingface-moon'), (b'X-Request-Id', b'Root=1-6a50981e-37ca08f904109c7000f9cfed;347865cd-1f9f-4b9d-8fdf-323c6b19391c'), (b'RateLimit', b'"api";r=998;t=267'), (b'RateLimit-Policy', b'"fixed window";"api";q=1000;w=300'), (b'cross-origin-opener-policy', b'same-origin'), (b'Referrer-Policy', b'strict-origin-when-cross-origin'), (b'Access-Control-Max-Age', b'86400'), (b'Access-Control-Allow-Origin', b'https://huggingface.co'), (b'Vary', b'Origin'), (b'vary', b'Accept-Encoding'), (b'Access-Control-Expose-Headers', b'X-Repo-Commit,X-Request-Id,X-Error-Code,X-Error-Message,X-Total-Count,ETag,Link,Accept-Ranges,Content-Range,X-Linked-Size,X-Linked-ETag,X-Xet-Hash'), (b'X-Cache', b'Miss from cloudfront'), (b'Via', b'1.1 d8c65021c428d361260f18e7f3730e7e.cloudfront.net (CloudFront)'), (b'X-Amz-Cf-Pop', b'DXB53-P3'), (b'Alt-Svc', b'h3=":443"; ma=86400'), (b'X-Amz-Cf-Id', b'snnJrlIMrFuU1Bmv7Sj7JArCBwsgXQlNDMp12siYlPs3XhuNgQrfwQ==')])
2026-07-10 11:58:39 | INFO     | httpx | [-] | HTTP Request: GET https://huggingface.co/api/models/sentence-transformers/all-MiniLM-L6-v2/tree/main?recursive=true&expand=false "HTTP/1.1 200 OK"
2026-07-10 11:58:39 | DEBUG    | httpcore.http11 | [-] | receive_response_body.started request=<Request [b'GET']>
2026-07-10 11:58:39 | DEBUG    | httpcore.http11 | [-] | receive_response_body.complete
2026-07-10 11:58:39 | DEBUG    | httpcore.http11 | [-] | response_closed.started
2026-07-10 11:58:39 | DEBUG    | httpcore.http11 | [-] | response_closed.complete
2026-07-10 11:58:39 | DEBUG    | sentence_transformers.base.modules.transformer | [-] | Active modality config: {'text': {'method': 'forward', 'method_output_name': 'last_hidden_state'}}
2026-07-10 11:58:39 | DEBUG    | httpcore.http11 | [-] | send_request_headers.started request=<Request [b'HEAD']>
2026-07-10 11:58:39 | DEBUG    | httpcore.http11 | [-] | send_request_headers.complete
2026-07-10 11:58:39 | DEBUG    | httpcore.http11 | [-] | send_request_body.started request=<Request [b'HEAD']>
2026-07-10 11:58:39 | DEBUG    | httpcore.http11 | [-] | send_request_body.complete
2026-07-10 11:58:39 | DEBUG    | httpcore.http11 | [-] | receive_response_headers.started request=<Request [b'HEAD']>
2026-07-10 11:58:39 | DEBUG    | httpcore.http11 | [-] | receive_response_headers.complete return_value=(b'HTTP/1.1', 307, b'Temporary Redirect', [(b'Content-Type', b'text/plain; charset=utf-8'), (b'Content-Length', b'304'), (b'Connection', b'keep-alive'), (b'Date', b'Fri, 10 Jul 2026 06:58:38 GMT'), (b'Location', b'/api/resolve-cache/models/sentence-transformers/all-MiniLM-L6-v2/1110a243fdf4706b3f48f1d95db1a4f5529b4d41/1_Pooling%2Fconfig.json?%2Fsentence-transformers%2Fall-MiniLM-L6-v2%2Fresolve%2Fmain%2F1_Pooling%2Fconfig.json=&etag=%22d1514c3162bbe87b343f565fadc62e6c06f04f03%22'), (b'X-Powered-By', b'huggingface-moon'), (b'X-Request-Id', b'Root=1-6a50981e-2c4a8a6f2bfc8590557f16b6;23aaf8e4-f89f-40a7-9320-f3c1871731d4'), (b'RateLimit', b'"resolvers";r=4983;t=267'), (b'RateLimit-Policy', b'"fixed window";"resolvers";q=5000;w=300'), (b'cross-origin-opener-policy', b'same-origin'), (b'Referrer-Policy', b'strict-origin-when-cross-origin'), (b'Access-Control-Max-Age', b'86400'), (b'Access-Control-Allow-Origin', b'https://huggingface.co'), (b'Vary', b'Origin, Accept'), (b'Access-Control-Expose-Headers', b'X-Repo-Commit,X-Request-Id,X-Error-Code,X-Error-Message,X-Total-Count,ETag,Link,Accept-Ranges,Content-Range,X-Linked-Size,X-Linked-ETag,X-Xet-Hash'), (b'X-Repo-Commit', b'1110a243fdf4706b3f48f1d95db1a4f5529b4d41'), (b'Accept-Ranges', b'bytes'), (b'X-Hub-Cache', b'HIT'), (b'Content-Disposition', b'inline; filename*=UTF-8\'\'config.json; filename="config.json";'), (b'Content-Security-Policy', b"default-src 'none'; sandbox"), (b'X-Linked-ETag', b'"d1514c3162bbe87b343f565fadc62e6c06f04f03"'), (b'X-Cache', b'Miss from cloudfront'), (b'Via', b'1.1 d8c65021c428d361260f18e7f3730e7e.cloudfront.net (CloudFront)'), (b'X-Amz-Cf-Pop', b'DXB53-P3'), (b'Alt-Svc', b'h3=":443"; ma=86400'), (b'X-Amz-Cf-Id', b'wN-aoA1hFrjOR4-VLTmYr35hhZAm8dd6FPeXdScAd0ObEd4X0w05xA==')])
2026-07-10 11:58:39 | INFO     | httpx | [-] | HTTP Request: HEAD https://huggingface.co/sentence-transformers/all-MiniLM-L6-v2/resolve/main/1_Pooling/config.json "HTTP/1.1 307 Temporary Redirect"
2026-07-10 11:58:39 | DEBUG    | httpcore.http11 | [-] | receive_response_body.started request=<Request [b'HEAD']>
2026-07-10 11:58:39 | DEBUG    | httpcore.http11 | [-] | receive_response_body.complete
2026-07-10 11:58:39 | DEBUG    | httpcore.http11 | [-] | response_closed.started
2026-07-10 11:58:39 | DEBUG    | httpcore.http11 | [-] | response_closed.complete
2026-07-10 11:58:39 | DEBUG    | httpcore.http11 | [-] | send_request_headers.started request=<Request [b'HEAD']>
2026-07-10 11:58:39 | DEBUG    | httpcore.http11 | [-] | send_request_headers.complete
2026-07-10 11:58:39 | DEBUG    | httpcore.http11 | [-] | send_request_body.started request=<Request [b'HEAD']>
2026-07-10 11:58:39 | DEBUG    | httpcore.http11 | [-] | send_request_body.complete
2026-07-10 11:58:39 | DEBUG    | httpcore.http11 | [-] | receive_response_headers.started request=<Request [b'HEAD']>
2026-07-10 11:58:39 | DEBUG    | httpcore.http11 | [-] | receive_response_headers.complete return_value=(b'HTTP/1.1', 200, b'OK', [(b'Content-Type', b'text/plain; charset=utf-8'), (b'Content-Length', b'190'), (b'Connection', b'keep-alive'), (b'Date', b'Thu, 02 Jul 2026 10:00:16 GMT'), (b'ETag', b'"d1514c3162bbe87b343f565fadc62e6c06f04f03"'), (b'X-Powered-By', b'huggingface-moon'), (b'X-Request-Id', b'Root=1-6a4636b0-695f55e04fd6d9eb1a7d212e;e3ab8bb0-405d-4ba5-9113-8dddd706d8e6'), (b'RateLimit', b'"resolvers";r=4976;t=169'), (b'RateLimit-Policy', b'"fixed window";"resolvers";q=5000;w=300'), (b'cross-origin-opener-policy', b'same-origin'), (b'Referrer-Policy', b'strict-origin-when-cross-origin'), (b'Access-Control-Max-Age', b'86400'), (b'Access-Control-Allow-Origin', b'https://huggingface.co'), (b'Access-Control-Expose-Headers', b'X-Repo-Commit,X-Request-Id,X-Error-Code,X-Error-Message,X-Total-Count,ETag,Link,Accept-Ranges,Content-Range,X-Linked-Size,X-Linked-ETag,X-Xet-Hash'), (b'X-Repo-Commit', b'1110a243fdf4706b3f48f1d95db1a4f5529b4d41'), (b'Accept-Ranges', b'bytes'), (b'X-Hub-Cache', b'HIT'), (b'Content-Disposition', b'inline; filename*=UTF-8\'\'config.json; filename="config.json";'), (b'Content-Security-Policy', b"default-src 'none'; sandbox"), (b'Vary', b'Origin'), (b'X-Cache', b'Hit from cloudfront'), (b'Via', b'1.1 d8c65021c428d361260f18e7f3730e7e.cloudfront.net (CloudFront)'), (b'X-Amz-Cf-Pop', b'DXB53-P3'), (b'Alt-Svc', b'h3=":443"; ma=86400'), (b'X-Amz-Cf-Id', b'fLYA5PGPFSnJ_SD8JnXtzG87IqiFyRsQvO2QDh5_jDjQb98QbehxWQ=='), (b'Age', b'680302')])
2026-07-10 11:58:39 | INFO     | httpx | [-] | HTTP Request: HEAD https://huggingface.co/api/resolve-cache/models/sentence-transformers/all-MiniLM-L6-v2/1110a243fdf4706b3f48f1d95db1a4f5529b4d41/1_Pooling%2Fconfig.json "HTTP/1.1 200 OK"
2026-07-10 11:58:39 | DEBUG    | httpcore.http11 | [-] | receive_response_body.started request=<Request [b'HEAD']>
2026-07-10 11:58:39 | DEBUG    | httpcore.http11 | [-] | receive_response_body.complete
2026-07-10 11:58:39 | DEBUG    | httpcore.http11 | [-] | response_closed.started
2026-07-10 11:58:39 | DEBUG    | httpcore.http11 | [-] | response_closed.complete
2026-07-10 11:58:39 | DEBUG    | httpcore.http11 | [-] | send_request_headers.started request=<Request [b'GET']>
2026-07-10 11:58:39 | DEBUG    | httpcore.http11 | [-] | send_request_headers.complete
2026-07-10 11:58:39 | DEBUG    | httpcore.http11 | [-] | send_request_body.started request=<Request [b'GET']>
2026-07-10 11:58:39 | DEBUG    | httpcore.http11 | [-] | send_request_body.complete
2026-07-10 11:58:39 | DEBUG    | httpcore.http11 | [-] | receive_response_headers.started request=<Request [b'GET']>
2026-07-10 11:58:39 | DEBUG    | httpcore.http11 | [-] | receive_response_headers.complete return_value=(b'HTTP/1.1', 200, b'OK', [(b'Content-Type', b'application/json; charset=utf-8'), (b'Transfer-Encoding', b'chunked'), (b'Connection', b'keep-alive'), (b'Date', b'Fri, 10 Jul 2026 06:58:38 GMT'), (b'content-encoding', b'gzip'), (b'ETag', b'W/"1b63-MQSn5Y6BpSrhjQ7db/nSHX0r21g"'), (b'X-Powered-By', b'huggingface-moon'), (b'X-Request-Id', b'Root=1-6a50981e-1c0cd7ed5b0b605357035c80;af6ffff4-99aa-4c3e-813e-b68670e45c90'), (b'RateLimit', b'"api";r=997;t=267'), (b'RateLimit-Policy', b'"fixed window";"api";q=1000;w=300'), (b'cross-origin-opener-policy', b'same-origin'), (b'Referrer-Policy', b'strict-origin-when-cross-origin'), (b'Access-Control-Max-Age', b'86400'), (b'Access-Control-Allow-Origin', b'https://huggingface.co'), (b'Vary', b'Origin'), (b'vary', b'Accept-Encoding'), (b'Access-Control-Expose-Headers', b'X-Repo-Commit,X-Request-Id,X-Error-Code,X-Error-Message,X-Total-Count,ETag,Link,Accept-Ranges,Content-Range,X-Linked-Size,X-Linked-ETag,X-Xet-Hash'), (b'X-Cache', b'Miss from cloudfront'), (b'Via', b'1.1 d8c65021c428d361260f18e7f3730e7e.cloudfront.net (CloudFront)'), (b'X-Amz-Cf-Pop', b'DXB53-P3'), (b'Alt-Svc', b'h3=":443"; ma=86400'), (b'X-Amz-Cf-Id', b'xrjXKRXNZla6RxaB5SY6-0CrXcKGJSarXSkmZw9oPCYFeA7iNnwukA==')])
2026-07-10 11:58:39 | INFO     | httpx | [-] | HTTP Request: GET https://huggingface.co/api/models/sentence-transformers/all-MiniLM-L6-v2 "HTTP/1.1 200 OK"
2026-07-10 11:58:39 | DEBUG    | httpcore.http11 | [-] | receive_response_body.started request=<Request [b'GET']>
2026-07-10 11:58:39 | DEBUG    | httpcore.http11 | [-] | receive_response_body.complete
2026-07-10 11:58:39 | DEBUG    | httpcore.http11 | [-] | response_closed.started
2026-07-10 11:58:39 | DEBUG    | httpcore.http11 | [-] | response_closed.complete
2026-07-10 11:58:40 | INFO     | embedding_manager | [-] | Model 'all-MiniLM-L6-v2' loaded on cuda. Embedding dimension: 384
2026-07-10 11:58:40 | INFO     | embedding_manager | [-] | GPU: NVIDIA GeForce RTX 5050 Laptop GPU
2026-07-10 11:58:40 | DEBUG    | chromadb.config | [-] | Starting component System
2026-07-10 11:58:40 | DEBUG    | chromadb.config | [-] | Starting component Posthog
2026-07-10 11:58:40 | INFO     | vector_store | [-] | Vector store initialized: collection='documents', path='../data/vector_store'
2026-07-10 11:58:40 | INFO     | vector_store | [-] | Existing documents in collection: 237
2026-07-10 11:58:40 | DEBUG    | pymongo.topology | [-] | {"message": "Starting topology monitoring", "topologyId": {"$oid": "6a5098207ed0335a726f9a3b"}}
2026-07-10 11:58:40 | DEBUG    | pymongo.topology | [-] | {"message": "Topology description changed", "topologyId": {"$oid": "6a5098207ed0335a726f9a3b"}, "previousDescription": "<TopologyDescription id: 6a5098207ed0335a726f9a3b, topology_type: Unknown, servers: []>", "newDescription": "<TopologyDescription id: 6a5098207ed0335a726f9a3b, topology_type: Unknown, servers: [<ServerDescription ('localhost', 27017) server_type: Unknown, rtt: None>]>"}
2026-07-10 11:58:40 | DEBUG    | pymongo.topology | [-] | {"message": "Starting server monitoring", "topologyId": {"$oid": "6a5098207ed0335a726f9a3b"}, "serverHost": "localhost", "serverPort": 27017}
2026-07-10 11:58:40 | DEBUG    | pymongo.connection | [-] | {"message": "Connection pool created", "clientId": {"$oid": "6a5098207ed0335a726f9a3b"}, "serverHost": "localhost", "serverPort": 27017}
2026-07-10 11:58:40 | INFO     | db | [-] | MongoDB client initialized (host=mongodb://localhost:27017)
2026-07-10 11:58:40 | DEBUG    | pymongo.serverSelection | [-] | {"message": "Server selection started", "selector": "<function writable_server_selector at 0x00000166D1092560>", "operation": "createIndexes", "topologyDescription": "<TopologyDescription id: 6a5098207ed0335a726f9a3b, topology_type: Unknown, servers: [<ServerDescription ('localhost', 27017) server_type: Unknown, rtt: None>]>", "clientId": {"$oid": "6a5098207ed0335a726f9a3b"}}
2026-07-10 11:58:40 | DEBUG    | pymongo.serverSelection | [-] | {"message": "Waiting for suitable server to become available", "selector": "<function writable_server_selector at 0x00000166D1092560>", "operation": "createIndexes", "topologyDescription": "<TopologyDescription id: 6a5098207ed0335a726f9a3b, topology_type: Unknown, servers: [<ServerDescription ('localhost', 27017) server_type: Unknown, rtt: None>]>", "clientId": {"$oid": "6a5098207ed0335a726f9a3b"}, "remainingTimeMS": 29999}
2026-07-10 11:58:40 | DEBUG    | pymongo.topology | [-] | {"message": "Server heartbeat started", "topologyId": {"$oid": "6a5098207ed0335a726f9a3b"}, "driverConnectionId": 1, "serverHost": "localhost", "serverPort": 27017, "awaited": false}
2026-07-10 11:58:40 | DEBUG    | pymongo.topology | [-] | {"message": "Server heartbeat succeeded", "topologyId": {"$oid": "6a5098207ed0335a726f9a3b"}, "driverConnectionId": 1, "serverConnectionId": 680, "serverHost": "localhost", "serverPort": 27017, "awaited": false, "durationMS": 0.8887001313269138, "reply": "{\"helloOk\": true, \"topologyVersion\": {\"processId\": {\"$oid\": \"6a3fd41052acd7f2883b377a\"}, \"counter\": 6}, \"hosts\": [\"127.0.0.1:27017\"], \"setName\": \"rs0\", \"setVersion\": 1, \"ismaster\": true, \"primary\": \"127.0.0.1:27017\", \"me\": \"127.0.0.1:27017\", \"electionId\": {\"$oid\": \"7fffffff0000000000000001\"}, \"lastWrite\": {\"opTime\": {\"ts\": {\"$timestamp\": {\"t\": 1783666713, \"i\": 1}}, \"t\": 1}, \"lastWriteDate\": {\"$date\": \"2026-07-10T06:58:33Z\"}, \"majorityOpTime\": {\"ts\": {\"$timestamp\": {\"t\": 1783666713, \"i\": 1}}, \"t\": 1}, \"majorityWriteDate\": {\"$date\": \"2026-07-10T06:58:33Z\"}}, \"maxBsonObjectSize\": 16777216, \"maxMessageSizeBytes\": 48000000, \"maxWriteBatchSize\": 100000, \"localTime\": {\"$date\": \"2026-07-10T06:58:40.198Z\"}, \"logicalSessionTimeoutMinutes\": 30, \"connectionId\": 680, \"maxWireVersion\": 28, \"ok\": 1.0, \"$clusterTime\": {\"clusterTime\": {\"$timestamp\": {\"t\": 1783666713, \"i\": 1}}, \"signature\": {\"hash\": {\"$binary\": {\"base64\": \"AAAAAAAAAAAAAAAAAAAAAAAAAAA=\", \"subType\": \"00\"}}}}, \"operationTime\": {\"$timestamp..."}
2026-07-10 11:58:40 | DEBUG    | pymongo.connection | [-] | {"message": "Connection pool ready", "clientId": {"$oid": "6a5098207ed0335a726f9a3b"}, "serverHost": "localhost", "serverPort": 27017}
2026-07-10 11:58:40 | DEBUG    | pymongo.connection | [-] | {"message": "Connection pool created", "clientId": {"$oid": "6a5098207ed0335a726f9a3b"}, "serverHost": "127.0.0.1", "serverPort": 27017}
2026-07-10 11:58:40 | DEBUG    | pymongo.topology | [-] | {"message": "Stopped server monitoring", "topologyId": {"$oid": "6a5098207ed0335a726f9a3b"}, "serverHost": "localhost", "serverPort": 27017}
2026-07-10 11:58:40 | DEBUG    | pymongo.connection | [-] | {"message": "Connection pool closed", "clientId": {"$oid": "6a5098207ed0335a726f9a3b"}, "serverHost": "localhost", "serverPort": 27017}
2026-07-10 11:58:40 | DEBUG    | pymongo.topology | [-] | {"message": "Topology description changed", "topologyId": {"$oid": "6a5098207ed0335a726f9a3b"}, "previousDescription": "<TopologyDescription id: 6a5098207ed0335a726f9a3b, topology_type: Unknown, servers: [<ServerDescription ('localhost', 27017) server_type: Unknown, rtt: None>]>", "newDescription": "<TopologyDescription id: 6a5098207ed0335a726f9a3b, topology_type: ReplicaSetNoPrimary, servers: [<ServerDescription ('127.0.0.1', 27017) server_type: Unknown, rtt: None>]>"}
2026-07-10 11:58:40 | DEBUG    | pymongo.topology | [-] | {"message": "Server heartbeat started", "topologyId": {"$oid": "6a5098207ed0335a726f9a3b"}, "driverConnectionId": 1, "serverHost": "127.0.0.1", "serverPort": 27017, "awaited": false}
2026-07-10 11:58:40 | DEBUG    | pymongo.topology | [-] | {"message": "Server heartbeat succeeded", "topologyId": {"$oid": "6a5098207ed0335a726f9a3b"}, "driverConnectionId": 1, "serverConnectionId": 681, "serverHost": "127.0.0.1", "serverPort": 27017, "awaited": false, "durationMS": 0.820700079202652, "reply": "{\"helloOk\": true, \"topologyVersion\": {\"processId\": {\"$oid\": \"6a3fd41052acd7f2883b377a\"}, \"counter\": 6}, \"hosts\": [\"127.0.0.1:27017\"], \"setName\": \"rs0\", \"setVersion\": 1, \"ismaster\": true, \"primary\": \"127.0.0.1:27017\", \"me\": \"127.0.0.1:27017\", \"electionId\": {\"$oid\": \"7fffffff0000000000000001\"}, \"lastWrite\": {\"opTime\": {\"ts\": {\"$timestamp\": {\"t\": 1783666713, \"i\": 1}}, \"t\": 1}, \"lastWriteDate\": {\"$date\": \"2026-07-10T06:58:33Z\"}, \"majorityOpTime\": {\"ts\": {\"$timestamp\": {\"t\": 1783666713, \"i\": 1}}, \"t\": 1}, \"majorityWriteDate\": {\"$date\": \"2026-07-10T06:58:33Z\"}}, \"maxBsonObjectSize\": 16777216, \"maxMessageSizeBytes\": 48000000, \"maxWriteBatchSize\": 100000, \"localTime\": {\"$date\": \"2026-07-10T06:58:40.201Z\"}, \"logicalSessionTimeoutMinutes\": 30, \"connectionId\": 681, \"maxWireVersion\": 28, \"ok\": 1.0, \"$clusterTime\": {\"clusterTime\": {\"$timestamp\": {\"t\": 1783666713, \"i\": 1}}, \"signature\": {\"hash\": {\"$binary\": {\"base64\": \"AAAAAAAAAAAAAAAAAAAAAAAAAAA=\", \"subType\": \"00\"}}}}, \"operationTime\": {\"$timestamp..."}
2026-07-10 11:58:40 | DEBUG    | pymongo.connection | [-] | {"message": "Connection pool ready", "clientId": {"$oid": "6a5098207ed0335a726f9a3b"}, "serverHost": "127.0.0.1", "serverPort": 27017}
2026-07-10 11:58:40 | DEBUG    | pymongo.topology | [-] | {"message": "Topology description changed", "topologyId": {"$oid": "6a5098207ed0335a726f9a3b"}, "previousDescription": "<TopologyDescription id: 6a5098207ed0335a726f9a3b, topology_type: ReplicaSetNoPrimary, servers: [<ServerDescription ('127.0.0.1', 27017) server_type: Unknown, rtt: None>]>", "newDescription": "<TopologyDescription id: 6a5098207ed0335a726f9a3b, topology_type: ReplicaSetWithPrimary, servers: [<ServerDescription ('127.0.0.1', 27017) server_type: RSPrimary, rtt: 0.000820700079202652>]>"}
2026-07-10 11:58:40 | DEBUG    | pymongo.serverSelection | [-] | {"message": "Server selection succeeded", "selector": "<function writable_server_selector at 0x00000166D1092560>", "operation": "createIndexes", "topologyDescription": "<TopologyDescription id: 6a5098207ed0335a726f9a3b, topology_type: ReplicaSetWithPrimary, servers: [<ServerDescription ('127.0.0.1', 27017) server_type: RSPrimary, rtt: 0.000820700079202652>]>", "clientId": {"$oid": "6a5098207ed0335a726f9a3b"}, "serverHost": "127.0.0.1", "serverPort": 27017}
2026-07-10 11:58:40 | DEBUG    | pymongo.connection | [-] | {"message": "Connection checkout started", "clientId": {"$oid": "6a5098207ed0335a726f9a3b"}, "serverHost": "127.0.0.1", "serverPort": 27017}
2026-07-10 11:58:40 | DEBUG    | pymongo.connection | [-] | {"message": "Connection created", "clientId": {"$oid": "6a5098207ed0335a726f9a3b"}, "serverHost": "127.0.0.1", "serverPort": 27017, "driverConnectionId": 1}
2026-07-10 11:58:40 | DEBUG    | pymongo.topology | [-] | {"message": "Server heartbeat started", "topologyId": {"$oid": "6a5098207ed0335a726f9a3b"}, "driverConnectionId": 1, "serverConnectionId": 681, "serverHost": "127.0.0.1", "serverPort": 27017, "awaited": true}
2026-07-10 11:58:40 | DEBUG    | pymongo.connection | [-] | {"message": "Connection ready", "clientId": {"$oid": "6a5098207ed0335a726f9a3b"}, "serverHost": "127.0.0.1", "serverPort": 27017, "driverConnectionId": 1, "durationMS": 0.0014915000647306442}
2026-07-10 11:58:40 | DEBUG    | pymongo.connection | [-] | {"message": "Connection checked out", "clientId": {"$oid": "6a5098207ed0335a726f9a3b"}, "serverHost": "127.0.0.1", "serverPort": 27017, "driverConnectionId": 1, "durationMS": 0.0022455998696386814}
2026-07-10 11:58:40 | DEBUG    | pymongo.command | [-] | {"message": "Command started", "clientId": {"$oid": "6a5098207ed0335a726f9a3b"}, "command": "{\"createIndexes\": \"feedback_interactions\", \"indexes\": [{\"name\": \"ts_1\", \"key\": {\"ts\": 1}}], \"lsid\": {\"id\": {\"$binary\": {\"base64\": \"qtvv0M/XSfq2GT5fIlnfSA==\", \"subType\": \"04\"}}}, \"$clusterTime\": {\"clusterTime\": {\"$timestamp\": {\"t\": 1783666713, \"i\": 1}}, \"signature\": {\"hash\": {\"$binary\": {\"base64\": \"AAAAAAAAAAAAAAAAAAAAAAAAAAA=\", \"subType\": \"00\"}}}}, \"$db\": \"rag_db\"}", "commandName": "createIndexes", "databaseName": "rag_db", "requestId": 18467, "operationId": 18467, "driverConnectionId": 1, "serverConnectionId": 683, "serverHost": "127.0.0.1", "serverPort": 27017}
2026-07-10 11:58:40 | DEBUG    | pymongo.command | [-] | {"message": "Command succeeded", "clientId": {"$oid": "6a5098207ed0335a726f9a3b"}, "durationMS": 1.024, "reply": "{\"numIndexesBefore\": 3, \"numIndexesAfter\": 3, \"commitQuorum\": \"votingMembers\", \"note\": \"all indexes already exist\", \"ok\": 1.0, \"$clusterTime\": {\"clusterTime\": {\"$timestamp\": {\"t\": 1783666713, \"i\": 1}}, \"signature\": {\"hash\": {\"$binary\": {\"base64\": \"AAAAAAAAAAAAAAAAAAAAAAAAAAA=\", \"subType\": \"00\"}}}}, \"operationTime\": {\"$timestamp\": {\"t\": 1783666713, \"i\": 1}}}", "commandName": "createIndexes", "databaseName": "rag_db", "requestId": 18467, "operationId": 18467, "driverConnectionId": 1, "serverConnectionId": 683, "serverHost": "127.0.0.1", "serverPort": 27017}
2026-07-10 11:58:40 | DEBUG    | pymongo.connection | [-] | {"message": "Connection checked in", "clientId": {"$oid": "6a5098207ed0335a726f9a3b"}, "serverHost": "127.0.0.1", "serverPort": 27017, "driverConnectionId": 1}
2026-07-10 11:58:40 | DEBUG    | pymongo.serverSelection | [-] | {"message": "Server selection started", "selector": "<function writable_server_selector at 0x00000166D1092560>", "operation": "createIndexes", "topologyDescription": "<TopologyDescription id: 6a5098207ed0335a726f9a3b, topology_type: ReplicaSetWithPrimary, servers: [<ServerDescription ('127.0.0.1', 27017) server_type: RSPrimary, rtt: 0.000820700079202652>]>", "clientId": {"$oid": "6a5098207ed0335a726f9a3b"}}
2026-07-10 11:58:40 | DEBUG    | pymongo.serverSelection | [-] | {"message": "Server selection succeeded", "selector": "<function writable_server_selector at 0x00000166D1092560>", "operation": "createIndexes", "topologyDescription": "<TopologyDescription id: 6a5098207ed0335a726f9a3b, topology_type: ReplicaSetWithPrimary, servers: [<ServerDescription ('127.0.0.1', 27017) server_type: RSPrimary, rtt: 0.000820700079202652>]>", "clientId": {"$oid": "6a5098207ed0335a726f9a3b"}, "serverHost": "127.0.0.1", "serverPort": 27017}
2026-07-10 11:58:40 | DEBUG    | pymongo.connection | [-] | {"message": "Connection checkout started", "clientId": {"$oid": "6a5098207ed0335a726f9a3b"}, "serverHost": "127.0.0.1", "serverPort": 27017}
2026-07-10 11:58:40 | DEBUG    | pymongo.connection | [-] | {"message": "Connection checked out", "clientId": {"$oid": "6a5098207ed0335a726f9a3b"}, "serverHost": "127.0.0.1", "serverPort": 27017, "driverConnectionId": 1, "durationMS": 5.889986641705036e-05}
2026-07-10 11:58:40 | DEBUG    | pymongo.command | [-] | {"message": "Command started", "clientId": {"$oid": "6a5098207ed0335a726f9a3b"}, "command": "{\"createIndexes\": \"feedback_interactions\", \"indexes\": [{\"unique\": true, \"name\": \"request_id_1\", \"key\": {\"request_id\": 1}}], \"lsid\": {\"id\": {\"$binary\": {\"base64\": \"qtvv0M/XSfq2GT5fIlnfSA==\", \"subType\": \"04\"}}}, \"$clusterTime\": {\"clusterTime\": {\"$timestamp\": {\"t\": 1783666713, \"i\": 1}}, \"signature\": {\"hash\": {\"$binary\": {\"base64\": \"AAAAAAAAAAAAAAAAAAAAAAAAAAA=\", \"subType\": \"00\"}}}}, \"$db\": \"rag_db\"}", "commandName": "createIndexes", "databaseName": "rag_db", "requestId": 6334, "operationId": 6334, "driverConnectionId": 1, "serverConnectionId": 683, "serverHost": "127.0.0.1", "serverPort": 27017}
2026-07-10 11:58:40 | DEBUG    | pymongo.command | [-] | {"message": "Command succeeded", "clientId": {"$oid": "6a5098207ed0335a726f9a3b"}, "durationMS": 0.4, "reply": "{\"numIndexesBefore\": 3, \"numIndexesAfter\": 3, \"commitQuorum\": \"votingMembers\", \"note\": \"all indexes already exist\", \"ok\": 1.0, \"$clusterTime\": {\"clusterTime\": {\"$timestamp\": {\"t\": 1783666713, \"i\": 1}}, \"signature\": {\"hash\": {\"$binary\": {\"base64\": \"AAAAAAAAAAAAAAAAAAAAAAAAAAA=\", \"subType\": \"00\"}}}}, \"operationTime\": {\"$timestamp\": {\"t\": 1783666713, \"i\": 1}}}", "commandName": "createIndexes", "databaseName": "rag_db", "requestId": 6334, "operationId": 6334, "driverConnectionId": 1, "serverConnectionId": 683, "serverHost": "127.0.0.1", "serverPort": 27017}
2026-07-10 11:58:40 | DEBUG    | pymongo.connection | [-] | {"message": "Connection checked in", "clientId": {"$oid": "6a5098207ed0335a726f9a3b"}, "serverHost": "127.0.0.1", "serverPort": 27017, "driverConnectionId": 1}
2026-07-10 11:58:40 | DEBUG    | pymongo.serverSelection | [-] | {"message": "Server selection started", "selector": "<function writable_server_selector at 0x00000166D1092560>", "operation": "createIndexes", "topologyDescription": "<TopologyDescription id: 6a5098207ed0335a726f9a3b, topology_type: ReplicaSetWithPrimary, servers: [<ServerDescription ('127.0.0.1', 27017) server_type: RSPrimary, rtt: 0.000820700079202652>]>", "clientId": {"$oid": "6a5098207ed0335a726f9a3b"}}
2026-07-10 11:58:40 | DEBUG    | pymongo.serverSelection | [-] | {"message": "Server selection succeeded", "selector": "<function writable_server_selector at 0x00000166D1092560>", "operation": "createIndexes", "topologyDescription": "<TopologyDescription id: 6a5098207ed0335a726f9a3b, topology_type: ReplicaSetWithPrimary, servers: [<ServerDescription ('127.0.0.1', 27017) server_type: RSPrimary, rtt: 0.000820700079202652>]>", "clientId": {"$oid": "6a5098207ed0335a726f9a3b"}, "serverHost": "127.0.0.1", "serverPort": 27017}
2026-07-10 11:58:40 | DEBUG    | pymongo.connection | [-] | {"message": "Connection checkout started", "clientId": {"$oid": "6a5098207ed0335a726f9a3b"}, "serverHost": "127.0.0.1", "serverPort": 27017}
2026-07-10 11:58:40 | DEBUG    | pymongo.connection | [-] | {"message": "Connection checked out", "clientId": {"$oid": "6a5098207ed0335a726f9a3b"}, "serverHost": "127.0.0.1", "serverPort": 27017, "driverConnectionId": 1, "durationMS": 5.139992572367191e-05}
2026-07-10 11:58:40 | DEBUG    | pymongo.command | [-] | {"message": "Command started", "clientId": {"$oid": "6a5098207ed0335a726f9a3b"}, "command": "{\"createIndexes\": \"user_thumbdowns\", \"indexes\": [{\"name\": \"normalized_query_1\", \"key\": {\"normalized_query\": 1}}], \"lsid\": {\"id\": {\"$binary\": {\"base64\": \"qtvv0M/XSfq2GT5fIlnfSA==\", \"subType\": \"04\"}}}, \"$clusterTime\": {\"clusterTime\": {\"$timestamp\": {\"t\": 1783666713, \"i\": 1}}, \"signature\": {\"hash\": {\"$binary\": {\"base64\": \"AAAAAAAAAAAAAAAAAAAAAAAAAAA=\", \"subType\": \"00\"}}}}, \"$db\": \"rag_db\"}", "commandName": "createIndexes", "databaseName": "rag_db", "requestId": 26500, "operationId": 26500, "driverConnectionId": 1, "serverConnectionId": 683, "serverHost": "127.0.0.1", "serverPort": 27017}
2026-07-10 11:58:40 | DEBUG    | pymongo.command | [-] | {"message": "Command succeeded", "clientId": {"$oid": "6a5098207ed0335a726f9a3b"}, "durationMS": 0.321, "reply": "{\"numIndexesBefore\": 2, \"numIndexesAfter\": 2, \"commitQuorum\": \"votingMembers\", \"note\": \"all indexes already exist\", \"ok\": 1.0, \"$clusterTime\": {\"clusterTime\": {\"$timestamp\": {\"t\": 1783666713, \"i\": 1}}, \"signature\": {\"hash\": {\"$binary\": {\"base64\": \"AAAAAAAAAAAAAAAAAAAAAAAAAAA=\", \"subType\": \"00\"}}}}, \"operationTime\": {\"$timestamp\": {\"t\": 1783666713, \"i\": 1}}}", "commandName": "createIndexes", "databaseName": "rag_db", "requestId": 26500, "operationId": 26500, "driverConnectionId": 1, "serverConnectionId": 683, "serverHost": "127.0.0.1", "serverPort": 27017}
2026-07-10 11:58:40 | DEBUG    | pymongo.connection | [-] | {"message": "Connection checked in", "clientId": {"$oid": "6a5098207ed0335a726f9a3b"}, "serverHost": "127.0.0.1", "serverPort": 27017, "driverConnectionId": 1}
2026-07-10 11:58:40 | DEBUG    | pymongo.serverSelection | [-] | {"message": "Server selection started", "selector": "<function writable_server_selector at 0x00000166D1092560>", "operation": "createIndexes", "topologyDescription": "<TopologyDescription id: 6a5098207ed0335a726f9a3b, topology_type: ReplicaSetWithPrimary, servers: [<ServerDescription ('127.0.0.1', 27017) server_type: RSPrimary, rtt: 0.000820700079202652>]>", "clientId": {"$oid": "6a5098207ed0335a726f9a3b"}}
2026-07-10 11:58:40 | DEBUG    | pymongo.serverSelection | [-] | {"message": "Server selection succeeded", "selector": "<function writable_server_selector at 0x00000166D1092560>", "operation": "createIndexes", "topologyDescription": "<TopologyDescription id: 6a5098207ed0335a726f9a3b, topology_type: ReplicaSetWithPrimary, servers: [<ServerDescription ('127.0.0.1', 27017) server_type: RSPrimary, rtt: 0.000820700079202652>]>", "clientId": {"$oid": "6a5098207ed0335a726f9a3b"}, "serverHost": "127.0.0.1", "serverPort": 27017}
2026-07-10 11:58:40 | DEBUG    | pymongo.connection | [-] | {"message": "Connection checkout started", "clientId": {"$oid": "6a5098207ed0335a726f9a3b"}, "serverHost": "127.0.0.1", "serverPort": 27017}
2026-07-10 11:58:40 | DEBUG    | pymongo.connection | [-] | {"message": "Connection checked out", "clientId": {"$oid": "6a5098207ed0335a726f9a3b"}, "serverHost": "127.0.0.1", "serverPort": 27017, "driverConnectionId": 1, "durationMS": 4.7800131142139435e-05}
2026-07-10 11:58:40 | DEBUG    | pymongo.command | [-] | {"message": "Command started", "clientId": {"$oid": "6a5098207ed0335a726f9a3b"}, "command": "{\"createIndexes\": \"failed_variants\", \"indexes\": [{\"unique\": true, \"name\": \"normalized_query_1\", \"key\": {\"normalized_query\": 1}}], \"lsid\": {\"id\": {\"$binary\": {\"base64\": \"qtvv0M/XSfq2GT5fIlnfSA==\", \"subType\": \"04\"}}}, \"$clusterTime\": {\"clusterTime\": {\"$timestamp\": {\"t\": 1783666713, \"i\": 1}}, \"signature\": {\"hash\": {\"$binary\": {\"base64\": \"AAAAAAAAAAAAAAAAAAAAAAAAAAA=\", \"subType\": \"00\"}}}}, \"$db\": \"rag_db\"}", "commandName": "createIndexes", "databaseName": "rag_db", "requestId": 19169, "operationId": 19169, "driverConnectionId": 1, "serverConnectionId": 683, "serverHost": "127.0.0.1", "serverPort": 27017}
2026-07-10 11:58:40 | DEBUG    | pymongo.command | [-] | {"message": "Command succeeded", "clientId": {"$oid": "6a5098207ed0335a726f9a3b"}, "durationMS": 0.805, "reply": "{\"numIndexesBefore\": 2, \"numIndexesAfter\": 2, \"commitQuorum\": \"votingMembers\", \"note\": \"all indexes already exist\", \"ok\": 1.0, \"$clusterTime\": {\"clusterTime\": {\"$timestamp\": {\"t\": 1783666713, \"i\": 1}}, \"signature\": {\"hash\": {\"$binary\": {\"base64\": \"AAAAAAAAAAAAAAAAAAAAAAAAAAA=\", \"subType\": \"00\"}}}}, \"operationTime\": {\"$timestamp\": {\"t\": 1783666713, \"i\": 1}}}", "commandName": "createIndexes", "databaseName": "rag_db", "requestId": 19169, "operationId": 19169, "driverConnectionId": 1, "serverConnectionId": 683, "serverHost": "127.0.0.1", "serverPort": 27017}
2026-07-10 11:58:40 | DEBUG    | pymongo.connection | [-] | {"message": "Connection checked in", "clientId": {"$oid": "6a5098207ed0335a726f9a3b"}, "serverHost": "127.0.0.1", "serverPort": 27017, "driverConnectionId": 1}
2026-07-10 11:58:40 | INFO     | db | [-] | MongoDB indexes ensured.
2026-07-10 11:58:40 | DEBUG    | self_learner | [-] | [SelfLearner] learned_qa collection has 530 entries.
2026-07-10 11:58:40 | INFO     | api | [-] | LangChain RAG API ready.
2026-07-10 11:58:41 | INFO     | api | [52820541-a502-4b63-b81e-7b58534bcf09] | Request received: request_id=52820541-a502-4b63-b81e-7b58534bcf09
2026-07-10 11:58:41 | DEBUG    | pymongo.serverSelection | [52820541-a502-4b63-b81e-7b58534bcf09] | {"message": "Server selection started", "selector": "Primary()", "operation": "find", "topologyDescription": "<TopologyDescription id: 6a5098207ed0335a726f9a3b, topology_type: ReplicaSetWithPrimary, servers: [<ServerDescription ('127.0.0.1', 27017) server_type: RSPrimary, rtt: 0.000820700079202652>]>", "clientId": {"$oid": "6a5098207ed0335a726f9a3b"}}
2026-07-10 11:58:41 | DEBUG    | pymongo.serverSelection | [52820541-a502-4b63-b81e-7b58534bcf09] | {"message": "Server selection succeeded", "selector": "Primary()", "operation": "find", "topologyDescription": "<TopologyDescription id: 6a5098207ed0335a726f9a3b, topology_type: ReplicaSetWithPrimary, servers: [<ServerDescription ('127.0.0.1', 27017) server_type: RSPrimary, rtt: 0.000820700079202652>]>", "clientId": {"$oid": "6a5098207ed0335a726f9a3b"}, "serverHost": "127.0.0.1", "serverPort": 27017}
2026-07-10 11:58:41 | DEBUG    | pymongo.connection | [52820541-a502-4b63-b81e-7b58534bcf09] | {"message": "Connection checkout started", "clientId": {"$oid": "6a5098207ed0335a726f9a3b"}, "serverHost": "127.0.0.1", "serverPort": 27017}
2026-07-10 11:58:41 | DEBUG    | pymongo.connection | [52820541-a502-4b63-b81e-7b58534bcf09] | {"message": "Connection checked out", "clientId": {"$oid": "6a5098207ed0335a726f9a3b"}, "serverHost": "127.0.0.1", "serverPort": 27017, "driverConnectionId": 1, "durationMS": 7.930002175271511e-05}
2026-07-10 11:58:41 | DEBUG    | pymongo.command | [52820541-a502-4b63-b81e-7b58534bcf09] | {"message": "Command started", "clientId": {"$oid": "6a5098207ed0335a726f9a3b"}, "command": "{\"find\": \"failed_variants\", \"filter\": {\"normalized_query\": \"what can u tell me about asd?\"}, \"limit\": 1, \"singleBatch\": true, \"lsid\": {\"id\": {\"$binary\": {\"base64\": \"qtvv0M/XSfq2GT5fIlnfSA==\", \"subType\": \"04\"}}}, \"$clusterTime\": {\"clusterTime\": {\"$timestamp\": {\"t\": 1783666713, \"i\": 1}}, \"signature\": {\"hash\": {\"$binary\": {\"base64\": \"AAAAAAAAAAAAAAAAAAAAAAAAAAA=\", \"subType\": \"00\"}}}}, \"$db\": \"rag_db\"}", "commandName": "find", "databaseName": "rag_db", "requestId": 15724, "operationId": 15724, "driverConnectionId": 1, "serverConnectionId": 683, "serverHost": "127.0.0.1", "serverPort": 27017}
2026-07-10 11:58:41 | DEBUG    | pymongo.command | [52820541-a502-4b63-b81e-7b58534bcf09] | {"message": "Command succeeded", "clientId": {"$oid": "6a5098207ed0335a726f9a3b"}, "durationMS": 0.921, "reply": "{\"cursor\": {\"firstBatch\": [{\"_id\": {\"$oid\": \"6a3fb8b5175314a656d7ce06\"}, \"normalized_query\": \"what can u tell me about asd?\", \"variants\": [\"What can u tell me about ASD?\", \"ASD information that was vague or imprecise\"]}], \"ns\": \"rag_db.failed_variants\"}, \"ok\": 1.0, \"$clusterTime\": {\"clusterTime\": {\"$timestamp\": {\"t\": 1783666713, \"i\": 1}}, \"signature\": {\"hash\": {\"$binary\": {\"base64\": \"AAAAAAAAAAAAAAAAAAAAAAAAAAA=\", \"subType\": \"00\"}}}}, \"operationTime\": {\"$timestamp\": {\"t\": 1783666713, \"i\": 1}}}", "commandName": "find", "databaseName": "rag_db", "requestId": 15724, "operationId": 15724, "driverConnectionId": 1, "serverConnectionId": 683, "serverHost": "127.0.0.1", "serverPort": 27017}
2026-07-10 11:58:41 | DEBUG    | pymongo.connection | [52820541-a502-4b63-b81e-7b58534bcf09] | {"message": "Connection checked in", "clientId": {"$oid": "6a5098207ed0335a726f9a3b"}, "serverHost": "127.0.0.1", "serverPort": 27017, "driverConnectionId": 1}
2026-07-10 11:58:41 | DEBUG    | api | [52820541-a502-4b63-b81e-7b58534bcf09] | [BLOCKED VARIANTS] 2 known-failing variant(s) loaded from DB.
2026-07-10 11:58:41 | DEBUG    | pymongo.serverSelection | [52820541-a502-4b63-b81e-7b58534bcf09] | {"message": "Server selection started", "selector": "Primary()", "operation": "find", "topologyDescription": "<TopologyDescription id: 6a5098207ed0335a726f9a3b, topology_type: ReplicaSetWithPrimary, servers: [<ServerDescription ('127.0.0.1', 27017) server_type: RSPrimary, rtt: 0.000820700079202652>]>", "clientId": {"$oid": "6a5098207ed0335a726f9a3b"}}
2026-07-10 11:58:41 | DEBUG    | pymongo.serverSelection | [52820541-a502-4b63-b81e-7b58534bcf09] | {"message": "Server selection succeeded", "selector": "Primary()", "operation": "find", "topologyDescription": "<TopologyDescription id: 6a5098207ed0335a726f9a3b, topology_type: ReplicaSetWithPrimary, servers: [<ServerDescription ('127.0.0.1', 27017) server_type: RSPrimary, rtt: 0.000820700079202652>]>", "clientId": {"$oid": "6a5098207ed0335a726f9a3b"}, "serverHost": "127.0.0.1", "serverPort": 27017}
2026-07-10 11:58:41 | DEBUG    | pymongo.connection | [52820541-a502-4b63-b81e-7b58534bcf09] | {"message": "Connection checkout started", "clientId": {"$oid": "6a5098207ed0335a726f9a3b"}, "serverHost": "127.0.0.1", "serverPort": 27017}
2026-07-10 11:58:41 | DEBUG    | pymongo.connection | [52820541-a502-4b63-b81e-7b58534bcf09] | {"message": "Connection checked out", "clientId": {"$oid": "6a5098207ed0335a726f9a3b"}, "serverHost": "127.0.0.1", "serverPort": 27017, "driverConnectionId": 1, "durationMS": 4.989979788661003e-05}
2026-07-10 11:58:41 | DEBUG    | pymongo.command | [52820541-a502-4b63-b81e-7b58534bcf09] | {"message": "Command started", "clientId": {"$oid": "6a5098207ed0335a726f9a3b"}, "command": "{\"find\": \"user_thumbdowns\", \"filter\": {\"normalized_query\": \"what can u tell me about asd?\"}, \"lsid\": {\"id\": {\"$binary\": {\"base64\": \"qtvv0M/XSfq2GT5fIlnfSA==\", \"subType\": \"04\"}}}, \"$clusterTime\": {\"clusterTime\": {\"$timestamp\": {\"t\": 1783666713, \"i\": 1}}, \"signature\": {\"hash\": {\"$binary\": {\"base64\": \"AAAAAAAAAAAAAAAAAAAAAAAAAAA=\", \"subType\": \"00\"}}}}, \"$db\": \"rag_db\"}", "commandName": "find", "databaseName": "rag_db", "requestId": 11478, "operationId": 11478, "driverConnectionId": 1, "serverConnectionId": 683, "serverHost": "127.0.0.1", "serverPort": 27017}
2026-07-10 11:58:41 | DEBUG    | pymongo.command | [52820541-a502-4b63-b81e-7b58534bcf09] | {"message": "Command succeeded", "clientId": {"$oid": "6a5098207ed0335a726f9a3b"}, "durationMS": 0.7699999999999999, "reply": "{\"cursor\": {\"firstBatch\": [{\"_id\": {\"$oid\": \"6a3f9786f9cd661039734aa6\"}, \"ts\": \"2026-06-27T09:27:34.718895+00:00\", \"request_id\": \"03c3566c-250c-46c4-815c-f9ec33ec1914\", \"original_query\": \"What can u tell me about ASD?\", \"normalized_query\": \"what can u tell me about asd?\", \"bad_answer\": \"Autism Spectrum Disorder (ASD) is a complex neurodevelopmental disorder characterized by deficits in social communication and the presence of restricted interests and repetitive behaviors [Source: learned_qa]. The Diagnostic and Statistical Manual of Mental Disorders\u20145th edition (DSM-5) updated the diagnostic criteria for ASD in 2013, providing a more accurate and comprehensive understanding of the condition [Source: learned_qa]. This update acknowledges the complexity and diversity of ASD, emphasizing the need for more nuanced and individualized approaches.\n\nIndividuals with ASD may experience a range of difficulties, including challenges with verbal and nonverbal communication, changes in routi...", "commandName": "find", "databaseName": "rag_db", "requestId": 11478, "operationId": 11478, "driverConnectionId": 1, "serverConnectionId": 683, "serverHost": "127.0.0.1", "serverPort": 27017}
2026-07-10 11:58:41 | DEBUG    | pymongo.connection | [52820541-a502-4b63-b81e-7b58534bcf09] | {"message": "Connection checked in", "clientId": {"$oid": "6a5098207ed0335a726f9a3b"}, "serverHost": "127.0.0.1", "serverPort": 27017, "driverConnectionId": 1}
2026-07-10 11:58:41 | DEBUG    | agent_query | [52820541-a502-4b63-b81e-7b58534bcf09] | 
══════════════════════════════════════════════════════════════════════
2026-07-10 11:58:41 | INFO     | agent_query | [52820541-a502-4b63-b81e-7b58534bcf09] |   [PHASE: RETRIEVE]  Iteration 1/5
2026-07-10 11:58:41 | DEBUG    | agent_query | [52820541-a502-4b63-b81e-7b58534bcf09] | ══════════════════════════════════════════════════════════════════════
2026-07-10 11:58:41 | DEBUG    | agent_query | [52820541-a502-4b63-b81e-7b58534bcf09] |   [0] role=system
      content: You are a research assistant. Answer ONLY from retrieved chunks — never from memory.

HARD LIMITS (enforced by the system — do not test them):
- retrieve_documents: max 5 calls total. Stop at 3 if results are poor.
- Never repeat a query already tried. Never generate two queries with identical words.
- If the knowledge base has no answer after 3 tries, say: "The knowledge base does not contain information about [topic]."
- Never fabricate facts.

TOOLS (these are the ONLY tools available to you):
- retrieve_documents(query): searches documents and learned QA separately.
- compress_context(): i...

  [1] role=user
      content: What can u tell me about ASD?

2026-07-10 11:58:41 | DEBUG    | agent_query | [52820541-a502-4b63-b81e-7b58534bcf09] |   Tool schemas: ['retrieve_documents', 'compress_context']
2026-07-10 11:58:41 | DEBUG    | agent_query | [52820541-a502-4b63-b81e-7b58534bcf09] | ══════════════════════════════════════════════════════════════════════
2026-07-10 11:58:41 | DEBUG    | llm_caller | [52820541-a502-4b63-b81e-7b58534bcf09] |   [AGENT-RETRIEVE] entering FIFO gate…
2026-07-10 11:58:41 | DEBUG    | llm_caller | [52820541-a502-4b63-b81e-7b58534bcf09] |   [AGENT-RETRIEVE] invoking LLM (attempt 1/3)…
2026-07-10 11:58:41 | DEBUG    | urllib3.connectionpool | [-] | Starting new HTTPS connection (1): api.smith.langchain.com:443
2026-07-10 11:58:42 | DEBUG    | openai._base_client | [-] | Request options: {'method': 'post', 'url': '/chat/completions', 'headers': {'X-Stainless-Raw-Response': 'true'}, 'files': None, 'idempotency_key': 'stainless-python-retry-76372de0-8e29-4d70-9bf7-97b8df0f8076', 'security': {'bearer_auth': True}, 'content': None, 'json_data': {'messages': [{'content': 'You are a research assistant. Answer ONLY from retrieved chunks — never from memory.\n\nHARD LIMITS (enforced by the system — do not test them):\n- retrieve_documents: max 5 calls total. Stop at 3 if results are poor.\n- Never repeat a query already tried. Never generate two queries with identical words.\n- If the knowledge base has no answer after 3 tries, say: "The knowledge base does not contain information about [topic]."\n- Never fabricate facts.\n\nTOOLS (these are the ONLY tools available to you):\n- retrieve_documents(query): searches documents and learned QA separately.\n- compress_context(): independently consolidates the document and learned-QA\n  tracks (NAC → DC → LBC). Takes no arguments. The system remembers both.\n\nCONFLICT RULE:\n- Use both context tracks. If learned QA conflicts with document context,\n  prefer learned QA.\n\nNOTE: Drafting, quality-checking, and final-answer generation are handled by\nthe system AFTER compress_context returns. Do NOT try to write the final answer\nin the same turn as your tool calls — your job is to drive retrieval and\ntrigger compression. The system will handle the remaining answer stages.\n\n\nBLOCKED QUERY VARIANTS — These exact phrasings retrieved 0 useful chunks the last time this question was asked. Do NOT reuse them under any circumstances. Generate different, semantically distinct reformulations:\n  - "What can u tell me about ASD?"\n  - "ASD information that was vague or imprecise"\n  - "ASD information"\n  - "Autism Spectrum Disorder facts"\n  - "ASD symptoms and causes"\n\nUSER-FLAGGED PRIOR FAILURE — This same question (or a near-identical one) was asked before and the user explicitly marked the answer as bad. Below is what went wrong last time, including the exact query reformulations that were tried and the chunks they retrieved.\n  1. AVOID re-using the same query reformulations — they led to a bad answer.\n  2. AVOID grounding your answer in the same chunks unless you can clearly interpret them differently.\n  3. Try genuinely different angles, vocabulary, and sub-topics.\n\n--- Prior failure #1 ---\nOriginal query : What can u tell me about ASD?\nUser feedback  : The answer missed some information I believe.\nBad answer was : Autism Spectrum Disorder (ASD) is a complex neurodevelopmental disorder characterized by deficits in social communication and the presence of restricted interests and repetitive behaviors [Source: learned_qa]. The Diagnostic and Statistical Manual of Mental Disorders—5th edition (DSM-5) updated the ...\nReformulations that were tried (DO NOT REUSE):\n  - "ASD information"\n      retrieved learned_qa [learned_qa]: Q: How does the Diagnostic and Statistical Manual of Mental Disorders—5th edition (DSM-5) define ASD? A: Autism spectrum disorder (ASD) is a neurodevelopmental disorder characterized by deficits in so...\n      retrieved learned_qa [learned_qa]: Q: What are the key characteristics of ASD in the context of engineering and technology? A: ASD is characterized by challenges in social communication, restricted interests, repetitive behaviors, and ...\n      retrieved documents [C:\\Users\\LOQ\\Desktop\\Projects\\RAG-work\\data\\json\\asd_information.json]: Autism Spectrum Disorder (ASD) is a neurodevelopmental condition characterized by differences in communication, social interaction, behavior patterns, and sensory processing.\n      retrieved documents [..\\data\\pdfs\\Autism spectrum disorder definition, epidemiology, causes, and clinical evaluation.pdf]: Autism spectrum disorder (ASD) is a neurodevelopmental disorder characterized by deficits in social communication and the presence of restricted interests and repetitive behaviors (1). In 2013, the Di...\n  - "Autism Spectrum Disorder facts"\n      retrieved learned_qa [learned_qa]: Q: What are some common characteristics and co-occurring conditions associated with Autism Spectrum Disorder (ASD)? A: Individuals with ASD may experience difficulties with verbal and nonverbal commun...\n      retrieved learned_qa [learned_qa]: Q: What are some common characteristics and challenges experienced by individuals with Autism Spectrum Disorder (ASD)? A: Individuals with ASD may experience difficulties with verbal and nonverbal com...\n      retrieved documents [..\\data\\pdfs\\Autism spectrum disorder definition, epidemiology, causes, and clinical evaluation.pdf]: 11. de Giambattista C, Ventura P, Trerotoli P, et al. Subtyping the autism spectrum disorder: comparison of children with high functioning autism and asperger syndrome. J Autism Dev Disord 2019;49:138...\n      retrieved documents [..\\data\\pdfs\\Autism spectrum disorder definition, epidemiology, causes, and clinical evaluation.pdf]: 53. Saxena A, Chahrour M. Autism spectrum disorder. In: Ginsburg GS, Willard HF, David SP. editors. Genomic and precision medicine: primary care. Cambridge: Academic Press, 2017:301-16.\n  - "ASD symptoms and causes"\n      retrieved learned_qa [learned_qa]: Q: What are some common co-occurring conditions with ASD? A: ASD can co-occur with other conditions, such as anxiety, ADHD, epilepsy, sleep disorders, or gastrointestinal issues. GI disorders or GI sy...\n      retrieved learned_qa [learned_qa]: Q: What are some common co-occurring conditions experienced by individuals with ASD? A: Many ASD patients experience co-occurring conditions such as anxiety, ADHD, epilepsy, sleep disorders, or gastro...\n      retrieved documents [..\\data\\word\\ASD_Patient_Management_Handbook.docx]: Patients with ASD may experience difficulties with verbal and nonverbal communication, changes in routine, social interactions, emotional regulation, and sensory processing. Some individuals may avoid...\n      retrieved documents [..\\data\\word\\ASD_Patient_Management_Handbook.docx]: Many ASD patients experience co-occurring conditions such as anxiety, ADHD, epilepsy, sleep disorders, or gastrointestinal issues. Healthcare providers should use patient-centered approaches and consi...\n\n--- Prior failure #2 ---\nOriginal query : what can u tell me about ASD?\nUser feedback  : there was no precise information and it was very vague\nBad answer was : Autism Spectrum Disorder (ASD) is a complex neurodevelopmental condition characterized by challenges in social communication, restricted interests, repetitive behaviors, and sensory sensitivities [Source: learned_qa]. Individuals with ASD may experience difficulties with verbal and nonverbal communi...\n\n\nPROCESS (follow in this exact order — do NOT batch tool calls):\n1. FIRST, call retrieve_documents 2-3 times with SHORT, semantically different queries.\n   Wait for results before doing anything else. Do NOT call compress_context yet.\n   GOOD: short noun-phrase queries from different angles of the topic.\n   BAD:  rephrasings of the same angle ("what causes X", "X causes", "causes of X") — forbidden.\n2. If results are insufficient → one more rephrased query, then stop retrieving.\n3. AFTER retrieval is finished, call compress_context() ONCE with no arguments.\n   This consolidates and deduplicates the learned-QA and document tracks\n   separately. The raw retrieve_documents results will be removed from the chat\n   after this — the compress_context tool result is your sole context from that\n   point on. If the tracks conflict, prefer learned QA.\n4. After compress_context returns, STOP emitting tool calls. In separate turns\n   with no tools available, the system will handle any configured draft and\n   quality-check stages, then generate the final answer from the compressed\n   context. If the system reports a draft is insufficient, it will give you\n   another retrieval round — use it to try genuinely different query angles.\n\nOUTPUT FORMAT (final-answer turn only):\n- Plain prose paragraphs. No headings, no bullet lists, no markdown.\n- Citations appear ONLY inline within sentences as [Source: filename]. Never as a trailing list.\n- Max 400 words. Stop when the question is answered — do not pad or restate.\n- Do not repeat the same sentence or citation twice.\n\n\nPRIORITY — USER FEEDBACK MUST BE ADDRESSED\nThe user previously flagged an answer to this exact question as bad and told you specifically what was missing or wrong:\n  - "The answer missed some information I believe."\n  - "there was no precise information and it was very vague"\n\nYou MUST generate at least one retrieve_documents query that directly targets the topics or facts described in this feedback. Do not treat this as a passive hint — it is your primary retrieval objective.', 'role': 'system'}, {'content': 'What can u tell me about ASD?', 'role': 'user'}], 'model': 'llama-3.1-8b-instruct', 'max_completion_tokens': 2048, 'stream': False, 'temperature': 0.1, 'tools': [{'type': 'function', 'function': {'name': 'retrieve_documents', 'description': 'Search documents and learned QA separately for chunks relevant to a query. Learned QA is high priority if it conflicts with documents. Call this 2–3 times first with semantically different queries. Stop retrieving once you have enough material, then call compress_context to consolidate what you have.', 'parameters': {'type': 'object', 'properties': {'query': {'type': 'string', 'description': 'The search query.'}}, 'required': ['query']}}}, {'type': 'function', 'function': {'name': 'compress_context', 'description': 'Consolidate the document and learned-QA tracks independently (NAC → DC → LBC), then return both with learned-QA precedence. Call this EXACTLY ONCE, AFTER your retrieve_documents calls are done. Takes no arguments. The system uses the chunks it has accumulated for you. Returns the compressed context as the tool result; raw retrieve_documents results are scrubbed from the chat once this runs. After this returns, the system will handle the remaining answer stages for you — do NOT emit a final answer yourself in the same turn.', 'parameters': {'type': 'object', 'properties': {}, 'required': []}}}]}}
2026-07-10 11:58:42 | DEBUG    | openai._base_client | [-] | Sending HTTP Request: POST http://192.168.1.14:3001/v1/chat/completions
2026-07-10 11:58:42 | DEBUG    | httpcore.connection | [-] | connect_tcp.started host='192.168.1.14' port=3001 local_address=None timeout=None socket_options=[(65535, 8, 1)]
2026-07-10 11:58:42 | DEBUG    | urllib3.connectionpool | [-] | https://api.smith.langchain.com:443 "GET /info HTTP/1.1" 200 1349
2026-07-10 11:58:42 | DEBUG    | langsmith.client | [-] | Tracing control thread func compress parallel called
2026-07-10 11:58:43 | DEBUG    | urllib3.connectionpool | [-] | https://api.smith.langchain.com:443 "POST /runs/multipart HTTP/1.1" 202 34
2026-07-10 11:58:50 | DEBUG    | pymongo.topology | [-] | {"message": "Server heartbeat succeeded", "topologyId": {"$oid": "6a5098207ed0335a726f9a3b"}, "driverConnectionId": 1, "serverConnectionId": 681, "serverHost": "127.0.0.1", "serverPort": 27017, "awaited": true, "durationMS": 10000.342099927366, "reply": "{\"topologyVersion\": {\"processId\": {\"$oid\": \"6a3fd41052acd7f2883b377a\"}, \"counter\": 6}, \"hosts\": [\"127.0.0.1:27017\"], \"setName\": \"rs0\", \"setVersion\": 1, \"isWritablePrimary\": true, \"primary\": \"127.0.0.1:27017\", \"me\": \"127.0.0.1:27017\", \"electionId\": {\"$oid\": \"7fffffff0000000000000001\"}, \"lastWrite\": {\"opTime\": {\"ts\": {\"$timestamp\": {\"t\": 1783666723, \"i\": 1}}, \"t\": 1}, \"lastWriteDate\": {\"$date\": \"2026-07-10T06:58:43Z\"}, \"majorityOpTime\": {\"ts\": {\"$timestamp\": {\"t\": 1783666723, \"i\": 1}}, \"t\": 1}, \"majorityWriteDate\": {\"$date\": \"2026-07-10T06:58:43Z\"}}, \"maxBsonObjectSize\": 16777216, \"maxMessageSizeBytes\": 48000000, \"maxWriteBatchSize\": 100000, \"localTime\": {\"$date\": \"2026-07-10T06:58:50.203Z\"}, \"logicalSessionTimeoutMinutes\": 30, \"connectionId\": 681, \"maxWireVersion\": 28, \"ok\": 1.0, \"$clusterTime\": {\"clusterTime\": {\"$timestamp\": {\"t\": 1783666723, \"i\": 1}}, \"signature\": {\"hash\": {\"$binary\": {\"base64\": \"AAAAAAAAAAAAAAAAAAAAAAAAAAA=\", \"subType\": \"00\"}}}}, \"operationTime\": {\"$timestamp\": {\"t\":..."}
2026-07-10 11:58:50 | DEBUG    | pymongo.topology | [-] | {"message": "Server heartbeat started", "topologyId": {"$oid": "6a5098207ed0335a726f9a3b"}, "driverConnectionId": 1, "serverConnectionId": 681, "serverHost": "127.0.0.1", "serverPort": 27017, "awaited": true}
2026-07-10 11:58:57 | DEBUG    | pymongo.serverSelection | [-] | {"message": "Server selection started", "selector": "Primary()", "operation": "count", "topologyDescription": "<TopologyDescription id: 6a5098207ed0335a726f9a3b, topology_type: ReplicaSetWithPrimary, servers: [<ServerDescription ('127.0.0.1', 27017) server_type: RSPrimary, rtt: 0.0007623200770467519>]>", "clientId": {"$oid": "6a5098207ed0335a726f9a3b"}}
2026-07-10 11:58:57 | DEBUG    | pymongo.serverSelection | [-] | {"message": "Server selection succeeded", "selector": "Primary()", "operation": "count", "topologyDescription": "<TopologyDescription id: 6a5098207ed0335a726f9a3b, topology_type: ReplicaSetWithPrimary, servers: [<ServerDescription ('127.0.0.1', 27017) server_type: RSPrimary, rtt: 0.0007623200770467519>]>", "clientId": {"$oid": "6a5098207ed0335a726f9a3b"}, "serverHost": "127.0.0.1", "serverPort": 27017}
2026-07-10 11:58:57 | DEBUG    | pymongo.connection | [-] | {"message": "Connection checkout started", "clientId": {"$oid": "6a5098207ed0335a726f9a3b"}, "serverHost": "127.0.0.1", "serverPort": 27017}
2026-07-10 11:58:57 | DEBUG    | pymongo.connection | [-] | {"message": "Connection checked out", "clientId": {"$oid": "6a5098207ed0335a726f9a3b"}, "serverHost": "127.0.0.1", "serverPort": 27017, "driverConnectionId": 1, "durationMS": 0.00011899997480213642}
2026-07-10 11:58:57 | DEBUG    | pymongo.command | [-] | {"message": "Command started", "clientId": {"$oid": "6a5098207ed0335a726f9a3b"}, "command": "{\"aggregate\": \"feedback_interactions\", \"pipeline\": [{\"$group\": {\"_id\": 1, \"n\": {\"$sum\": 1}}}], \"lsid\": {\"id\": {\"$binary\": {\"base64\": \"qtvv0M/XSfq2GT5fIlnfSA==\", \"subType\": \"04\"}}}, \"$clusterTime\": {\"clusterTime\": {\"$timestamp\": {\"t\": 1783666713, \"i\": 1}}, \"signature\": {\"hash\": {\"$binary\": {\"base64\": \"AAAAAAAAAAAAAAAAAAAAAAAAAAA=\", \"subType\": \"00\"}}}}, \"$db\": \"rag_db\"}", "commandName": "aggregate", "databaseName": "rag_db", "requestId": 29358, "operationId": 29358, "driverConnectionId": 1, "serverConnectionId": 683, "serverHost": "127.0.0.1", "serverPort": 27017}
2026-07-10 11:58:57 | DEBUG    | pymongo.command | [-] | {"message": "Command succeeded", "clientId": {"$oid": "6a5098207ed0335a726f9a3b"}, "durationMS": 3.5140000000000002, "reply": "{\"cursor\": {\"firstBatch\": [{\"_id\": 1, \"n\": 340}], \"ns\": \"rag_db.feedback_interactions\"}, \"ok\": 1.0, \"$clusterTime\": {\"clusterTime\": {\"$timestamp\": {\"t\": 1783666733, \"i\": 1}}, \"signature\": {\"hash\": {\"$binary\": {\"base64\": \"AAAAAAAAAAAAAAAAAAAAAAAAAAA=\", \"subType\": \"00\"}}}}, \"operationTime\": {\"$timestamp\": {\"t\": 1783666733, \"i\": 1}}}", "commandName": "aggregate", "databaseName": "rag_db", "requestId": 29358, "operationId": 29358, "driverConnectionId": 1, "serverConnectionId": 683, "serverHost": "127.0.0.1", "serverPort": 27017}
2026-07-10 11:58:57 | DEBUG    | pymongo.connection | [-] | {"message": "Connection checked in", "clientId": {"$oid": "6a5098207ed0335a726f9a3b"}, "serverHost": "127.0.0.1", "serverPort": 27017, "driverConnectionId": 1}
2026-07-10 11:58:57 | DEBUG    | pymongo.serverSelection | [-] | {"message": "Server selection started", "selector": "Primary()", "operation": "count", "topologyDescription": "<TopologyDescription id: 6a5098207ed0335a726f9a3b, topology_type: ReplicaSetWithPrimary, servers: [<ServerDescription ('127.0.0.1', 27017) server_type: RSPrimary, rtt: 0.0007623200770467519>]>", "clientId": {"$oid": "6a5098207ed0335a726f9a3b"}}
2026-07-10 11:58:57 | DEBUG    | pymongo.serverSelection | [-] | {"message": "Server selection succeeded", "selector": "Primary()", "operation": "count", "topologyDescription": "<TopologyDescription id: 6a5098207ed0335a726f9a3b, topology_type: ReplicaSetWithPrimary, servers: [<ServerDescription ('127.0.0.1', 27017) server_type: RSPrimary, rtt: 0.0007623200770467519>]>", "clientId": {"$oid": "6a5098207ed0335a726f9a3b"}, "serverHost": "127.0.0.1", "serverPort": 27017}
2026-07-10 11:58:57 | DEBUG    | pymongo.connection | [-] | {"message": "Connection checkout started", "clientId": {"$oid": "6a5098207ed0335a726f9a3b"}, "serverHost": "127.0.0.1", "serverPort": 27017}
2026-07-10 11:58:57 | DEBUG    | pymongo.connection | [-] | {"message": "Connection checked out", "clientId": {"$oid": "6a5098207ed0335a726f9a3b"}, "serverHost": "127.0.0.1", "serverPort": 27017, "driverConnectionId": 1, "durationMS": 5.570007488131523e-05}
2026-07-10 11:58:57 | DEBUG    | pymongo.command | [-] | {"message": "Command started", "clientId": {"$oid": "6a5098207ed0335a726f9a3b"}, "command": "{\"aggregate\": \"feedback_interactions\", \"pipeline\": [{\"$match\": {\"quality\": \"OK\"}}, {\"$group\": {\"_id\": 1, \"n\": {\"$sum\": 1}}}], \"lsid\": {\"id\": {\"$binary\": {\"base64\": \"qtvv0M/XSfq2GT5fIlnfSA==\", \"subType\": \"04\"}}}, \"$clusterTime\": {\"clusterTime\": {\"$timestamp\": {\"t\": 1783666733, \"i\": 1}}, \"signature\": {\"hash\": {\"$binary\": {\"base64\": \"AAAAAAAAAAAAAAAAAAAAAAAAAAA=\", \"subType\": \"00\"}}}}, \"$db\": \"rag_db\"}", "commandName": "aggregate", "databaseName": "rag_db", "requestId": 26962, "operationId": 26962, "driverConnectionId": 1, "serverConnectionId": 683, "serverHost": "127.0.0.1", "serverPort": 27017}
2026-07-10 11:58:57 | DEBUG    | pymongo.command | [-] | {"message": "Command succeeded", "clientId": {"$oid": "6a5098207ed0335a726f9a3b"}, "durationMS": 1.307, "reply": "{\"cursor\": {\"firstBatch\": [{\"_id\": 1, \"n\": 215}], \"ns\": \"rag_db.feedback_interactions\"}, \"ok\": 1.0, \"$clusterTime\": {\"clusterTime\": {\"$timestamp\": {\"t\": 1783666733, \"i\": 1}}, \"signature\": {\"hash\": {\"$binary\": {\"base64\": \"AAAAAAAAAAAAAAAAAAAAAAAAAAA=\", \"subType\": \"00\"}}}}, \"operationTime\": {\"$timestamp\": {\"t\": 1783666733, \"i\": 1}}}", "commandName": "aggregate", "databaseName": "rag_db", "requestId": 26962, "operationId": 26962, "driverConnectionId": 1, "serverConnectionId": 683, "serverHost": "127.0.0.1", "serverPort": 27017}
2026-07-10 11:58:57 | DEBUG    | pymongo.connection | [-] | {"message": "Connection checked in", "clientId": {"$oid": "6a5098207ed0335a726f9a3b"}, "serverHost": "127.0.0.1", "serverPort": 27017, "driverConnectionId": 1}
2026-07-10 11:59:00 | DEBUG    | pymongo.topology | [-] | {"message": "Server heartbeat succeeded", "topologyId": {"$oid": "6a5098207ed0335a726f9a3b"}, "driverConnectionId": 1, "serverConnectionId": 681, "serverHost": "127.0.0.1", "serverPort": 27017, "awaited": true, "durationMS": 9999.52630000189, "reply": "{\"topologyVersion\": {\"processId\": {\"$oid\": \"6a3fd41052acd7f2883b377a\"}, \"counter\": 6}, \"hosts\": [\"127.0.0.1:27017\"], \"setName\": \"rs0\", \"setVersion\": 1, \"isWritablePrimary\": true, \"primary\": \"127.0.0.1:27017\", \"me\": \"127.0.0.1:27017\", \"electionId\": {\"$oid\": \"7fffffff0000000000000001\"}, \"lastWrite\": {\"opTime\": {\"ts\": {\"$timestamp\": {\"t\": 1783666733, \"i\": 1}}, \"t\": 1}, \"lastWriteDate\": {\"$date\": \"2026-07-10T06:58:53Z\"}, \"majorityOpTime\": {\"ts\": {\"$timestamp\": {\"t\": 1783666733, \"i\": 1}}, \"t\": 1}, \"majorityWriteDate\": {\"$date\": \"2026-07-10T06:58:53Z\"}}, \"maxBsonObjectSize\": 16777216, \"maxMessageSizeBytes\": 48000000, \"maxWriteBatchSize\": 100000, \"localTime\": {\"$date\": \"2026-07-10T06:59:00.204Z\"}, \"logicalSessionTimeoutMinutes\": 30, \"connectionId\": 681, \"maxWireVersion\": 28, \"ok\": 1.0, \"$clusterTime\": {\"clusterTime\": {\"$timestamp\": {\"t\": 1783666733, \"i\": 1}}, \"signature\": {\"hash\": {\"$binary\": {\"base64\": \"AAAAAAAAAAAAAAAAAAAAAAAAAAA=\", \"subType\": \"00\"}}}}, \"operationTime\": {\"$timestamp\": {\"t\":..."}
2026-07-10 11:59:00 | DEBUG    | pymongo.topology | [-] | {"message": "Server heartbeat started", "topologyId": {"$oid": "6a5098207ed0335a726f9a3b"}, "driverConnectionId": 1, "serverConnectionId": 681, "serverHost": "127.0.0.1", "serverPort": 27017, "awaited": true}
2026-07-10 11:59:03 | DEBUG    | httpcore.connection | [-] | connect_tcp.failed exception=ConnectTimeout(TimeoutError(10060, 'A connection attempt failed because the connected party did not properly respond after a period of time, or established connection failed because connected host has failed to respond', None, 10060, None))
2026-07-10 11:59:03 | DEBUG    | openai._base_client | [-] | Encountered httpx.TimeoutException
Traceback (most recent call last):
  File "C:\Users\LOQ\Desktop\Projects\Memora\.venv\Lib\site-packages\httpx\_transports\default.py", line 101, in map_httpcore_exceptions
    yield
  File "C:\Users\LOQ\Desktop\Projects\Memora\.venv\Lib\site-packages\httpx\_transports\default.py", line 250, in handle_request
    resp = self._pool.handle_request(req)
  File "C:\Users\LOQ\Desktop\Projects\Memora\.venv\Lib\site-packages\httpcore\_sync\connection_pool.py", line 256, in handle_request
    raise exc from None
  File "C:\Users\LOQ\Desktop\Projects\Memora\.venv\Lib\site-packages\httpcore\_sync\connection_pool.py", line 236, in handle_request
    response = connection.handle_request(
        pool_request.request
    )
  File "C:\Users\LOQ\Desktop\Projects\Memora\.venv\Lib\site-packages\httpcore\_sync\connection.py", line 101, in handle_request
    raise exc
  File "C:\Users\LOQ\Desktop\Projects\Memora\.venv\Lib\site-packages\httpcore\_sync\connection.py", line 78, in handle_request
    stream = self._connect(request)
  File "C:\Users\LOQ\Desktop\Projects\Memora\.venv\Lib\site-packages\httpcore\_sync\connection.py", line 124, in _connect
    stream = self._network_backend.connect_tcp(**kwargs)
  File "C:\Users\LOQ\Desktop\Projects\Memora\.venv\Lib\site-packages\httpcore\_backends\sync.py", line 207, in connect_tcp
    with map_exceptions(exc_map):
         ~~~~~~~~~~~~~~^^^^^^^^^
  File "C:\Program Files\Python314\Lib\contextlib.py", line 162, in __exit__
    self.gen.throw(value)
    ~~~~~~~~~~~~~~^^^^^^^
  File "C:\Users\LOQ\Desktop\Projects\Memora\.venv\Lib\site-packages\httpcore\_exceptions.py", line 14, in map_exceptions
    raise to_exc(exc) from exc
httpcore.ConnectTimeout: [WinError 10060] A connection attempt failed because the connected party did not properly respond after a period of time, or established connection failed because connected host has failed to respond

The above exception was the direct cause of the following exception:

Traceback (most recent call last):
  File "C:\Users\LOQ\Desktop\Projects\Memora\.venv\Lib\site-packages\openai\_base_client.py", line 1037, in request
    response = self._send_request(
        request,
        stream=stream or self._should_stream_response_body(request=request),
        **kwargs,
    )
  File "C:\Users\LOQ\Desktop\Projects\Memora\.venv\Lib\site-packages\openai\_client.py", line 440, in _send_request
    return self._send_with_auth_retry(request, stream=stream, **kwargs)
           ~~~~~~~~~~~~~~~~~~~~~~~~~~^^^^^^^^^^^^^^^^^^^^^^^^^^^^^^^^^^
  File "C:\Users\LOQ\Desktop\Projects\Memora\.venv\Lib\site-packages\openai\_client.py", line 418, in _send_with_auth_retry
    response = super()._send_request(request, stream=stream, **kwargs)
  File "C:\Users\LOQ\Desktop\Projects\Memora\.venv\Lib\site-packages\openai\_base_client.py", line 964, in _send_request
    return self._client.send(request, stream=stream, **kwargs)
           ~~~~~~~~~~~~~~~~~^^^^^^^^^^^^^^^^^^^^^^^^^^^^^^^^^^
  File "C:\Users\LOQ\Desktop\Projects\Memora\.venv\Lib\site-packages\httpx\_client.py", line 914, in send
    response = self._send_handling_auth(
        request,
    ...<2 lines>...
        history=[],
    )
  File "C:\Users\LOQ\Desktop\Projects\Memora\.venv\Lib\site-packages\httpx\_client.py", line 942, in _send_handling_auth
    response = self._send_handling_redirects(
        request,
        follow_redirects=follow_redirects,
        history=history,
    )
  File "C:\Users\LOQ\Desktop\Projects\Memora\.venv\Lib\site-packages\httpx\_client.py", line 979, in _send_handling_redirects
    response = self._send_single_request(request)
  File "C:\Users\LOQ\Desktop\Projects\Memora\.venv\Lib\site-packages\httpx\_client.py", line 1014, in _send_single_request
    response = transport.handle_request(request)
  File "C:\Users\LOQ\Desktop\Projects\Memora\.venv\Lib\site-packages\httpx\_transports\default.py", line 249, in handle_request
    with map_httpcore_exceptions():
         ~~~~~~~~~~~~~~~~~~~~~~~^^
  File "C:\Program Files\Python314\Lib\contextlib.py", line 162, in __exit__
    self.gen.throw(value)
    ~~~~~~~~~~~~~~^^^^^^^
  File "C:\Users\LOQ\Desktop\Projects\Memora\.venv\Lib\site-packages\httpx\_transports\default.py", line 118, in map_httpcore_exceptions
    raise mapped_exc(message) from exc
httpx.ConnectTimeout: [WinError 10060] A connection attempt failed because the connected party did not properly respond after a period of time, or established connection failed because connected host has failed to respond
2026-07-10 11:59:03 | DEBUG    | openai._base_client | [-] | Raising timeout error
2026-07-10 11:59:03 | DEBUG    | openinference.instrumentation.langchain._tracer | [-] | Extracted message role from id field: system
2026-07-10 11:59:03 | DEBUG    | openinference.instrumentation.langchain._tracer | [-] | Extracted message role from id field: user
2026-07-10 11:59:03 | ERROR    | llm_caller | [52820541-a502-4b63-b81e-7b58534bcf09] | [AGENT-RETRIEVE] openai.APITimeoutError: Request timed out.
2026-07-10 11:59:03 | DEBUG    | llm_caller | [52820541-a502-4b63-b81e-7b58534bcf09] |   [AGENT-RETRIEVE] LLM call attempt 1 took 21.461s
2026-07-10 11:59:03 | DEBUG    | llm_caller | [52820541-a502-4b63-b81e-7b58534bcf09] | [LLM] could not extract rate-limit headers — cooldown base will be 0
2026-07-10 11:59:03 | WARNING  | agent_query | [52820541-a502-4b63-b81e-7b58534bcf09] |   [AGENT] transient error (TIMEOUT) — retrying
2026-07-10 11:59:03 | DEBUG    | agent_query | [52820541-a502-4b63-b81e-7b58534bcf09] | 
══════════════════════════════════════════════════════════════════════
2026-07-10 11:59:03 | INFO     | agent_query | [52820541-a502-4b63-b81e-7b58534bcf09] |   [PHASE: RETRIEVE]  Iteration 2/5
2026-07-10 11:59:03 | DEBUG    | agent_query | [52820541-a502-4b63-b81e-7b58534bcf09] | ══════════════════════════════════════════════════════════════════════
2026-07-10 11:59:03 | DEBUG    | agent_query | [52820541-a502-4b63-b81e-7b58534bcf09] |   [0] role=system
      content: You are a research assistant. Answer ONLY from retrieved chunks — never from memory.

HARD LIMITS (enforced by the system — do not test them):
- retrieve_documents: max 5 calls total. Stop at 3 if results are poor.
- Never repeat a query already tried. Never generate two queries with identical words.
- If the knowledge base has no answer after 3 tries, say: "The knowledge base does not contain information about [topic]."
- Never fabricate facts.

TOOLS (these are the ONLY tools available to you):
- retrieve_documents(query): searches documents and learned QA separately.
- compress_context(): i...

  [1] role=user
      content: What can u tell me about ASD?

2026-07-10 11:59:03 | DEBUG    | agent_query | [52820541-a502-4b63-b81e-7b58534bcf09] |   Tool schemas: ['retrieve_documents', 'compress_context']
2026-07-10 11:59:03 | DEBUG    | agent_query | [52820541-a502-4b63-b81e-7b58534bcf09] | ══════════════════════════════════════════════════════════════════════
2026-07-10 11:59:03 | DEBUG    | llm_caller | [52820541-a502-4b63-b81e-7b58534bcf09] |   [AGENT-RETRIEVE] entering FIFO gate…
2026-07-10 11:59:03 | DEBUG    | llm_caller | [52820541-a502-4b63-b81e-7b58534bcf09] |   [AGENT-RETRIEVE] invoking LLM (attempt 1/3)…
2026-07-10 11:59:03 | DEBUG    | openai._base_client | [-] | Request options: {'method': 'post', 'url': '/chat/completions', 'headers': {'X-Stainless-Raw-Response': 'true'}, 'files': None, 'idempotency_key': 'stainless-python-retry-439c7377-7228-464f-97b7-79ab2847a707', 'security': {'bearer_auth': True}, 'content': None, 'json_data': {'messages': [{'content': 'You are a research assistant. Answer ONLY from retrieved chunks — never from memory.\n\nHARD LIMITS (enforced by the system — do not test them):\n- retrieve_documents: max 5 calls total. Stop at 3 if results are poor.\n- Never repeat a query already tried. Never generate two queries with identical words.\n- If the knowledge base has no answer after 3 tries, say: "The knowledge base does not contain information about [topic]."\n- Never fabricate facts.\n\nTOOLS (these are the ONLY tools available to you):\n- retrieve_documents(query): searches documents and learned QA separately.\n- compress_context(): independently consolidates the document and learned-QA\n  tracks (NAC → DC → LBC). Takes no arguments. The system remembers both.\n\nCONFLICT RULE:\n- Use both context tracks. If learned QA conflicts with document context,\n  prefer learned QA.\n\nNOTE: Drafting, quality-checking, and final-answer generation are handled by\nthe system AFTER compress_context returns. Do NOT try to write the final answer\nin the same turn as your tool calls — your job is to drive retrieval and\ntrigger compression. The system will handle the remaining answer stages.\n\n\nBLOCKED QUERY VARIANTS — These exact phrasings retrieved 0 useful chunks the last time this question was asked. Do NOT reuse them under any circumstances. Generate different, semantically distinct reformulations:\n  - "What can u tell me about ASD?"\n  - "ASD information that was vague or imprecise"\n  - "ASD information"\n  - "Autism Spectrum Disorder facts"\n  - "ASD symptoms and causes"\n\nUSER-FLAGGED PRIOR FAILURE — This same question (or a near-identical one) was asked before and the user explicitly marked the answer as bad. Below is what went wrong last time, including the exact query reformulations that were tried and the chunks they retrieved.\n  1. AVOID re-using the same query reformulations — they led to a bad answer.\n  2. AVOID grounding your answer in the same chunks unless you can clearly interpret them differently.\n  3. Try genuinely different angles, vocabulary, and sub-topics.\n\n--- Prior failure #1 ---\nOriginal query : What can u tell me about ASD?\nUser feedback  : The answer missed some information I believe.\nBad answer was : Autism Spectrum Disorder (ASD) is a complex neurodevelopmental disorder characterized by deficits in social communication and the presence of restricted interests and repetitive behaviors [Source: learned_qa]. The Diagnostic and Statistical Manual of Mental Disorders—5th edition (DSM-5) updated the ...\nReformulations that were tried (DO NOT REUSE):\n  - "ASD information"\n      retrieved learned_qa [learned_qa]: Q: How does the Diagnostic and Statistical Manual of Mental Disorders—5th edition (DSM-5) define ASD? A: Autism spectrum disorder (ASD) is a neurodevelopmental disorder characterized by deficits in so...\n      retrieved learned_qa [learned_qa]: Q: What are the key characteristics of ASD in the context of engineering and technology? A: ASD is characterized by challenges in social communication, restricted interests, repetitive behaviors, and ...\n      retrieved documents [C:\\Users\\LOQ\\Desktop\\Projects\\RAG-work\\data\\json\\asd_information.json]: Autism Spectrum Disorder (ASD) is a neurodevelopmental condition characterized by differences in communication, social interaction, behavior patterns, and sensory processing.\n      retrieved documents [..\\data\\pdfs\\Autism spectrum disorder definition, epidemiology, causes, and clinical evaluation.pdf]: Autism spectrum disorder (ASD) is a neurodevelopmental disorder characterized by deficits in social communication and the presence of restricted interests and repetitive behaviors (1). In 2013, the Di...\n  - "Autism Spectrum Disorder facts"\n      retrieved learned_qa [learned_qa]: Q: What are some common characteristics and co-occurring conditions associated with Autism Spectrum Disorder (ASD)? A: Individuals with ASD may experience difficulties with verbal and nonverbal commun...\n      retrieved learned_qa [learned_qa]: Q: What are some common characteristics and challenges experienced by individuals with Autism Spectrum Disorder (ASD)? A: Individuals with ASD may experience difficulties with verbal and nonverbal com...\n      retrieved documents [..\\data\\pdfs\\Autism spectrum disorder definition, epidemiology, causes, and clinical evaluation.pdf]: 11. de Giambattista C, Ventura P, Trerotoli P, et al. Subtyping the autism spectrum disorder: comparison of children with high functioning autism and asperger syndrome. J Autism Dev Disord 2019;49:138...\n      retrieved documents [..\\data\\pdfs\\Autism spectrum disorder definition, epidemiology, causes, and clinical evaluation.pdf]: 53. Saxena A, Chahrour M. Autism spectrum disorder. In: Ginsburg GS, Willard HF, David SP. editors. Genomic and precision medicine: primary care. Cambridge: Academic Press, 2017:301-16.\n  - "ASD symptoms and causes"\n      retrieved learned_qa [learned_qa]: Q: What are some common co-occurring conditions with ASD? A: ASD can co-occur with other conditions, such as anxiety, ADHD, epilepsy, sleep disorders, or gastrointestinal issues. GI disorders or GI sy...\n      retrieved learned_qa [learned_qa]: Q: What are some common co-occurring conditions experienced by individuals with ASD? A: Many ASD patients experience co-occurring conditions such as anxiety, ADHD, epilepsy, sleep disorders, or gastro...\n      retrieved documents [..\\data\\word\\ASD_Patient_Management_Handbook.docx]: Patients with ASD may experience difficulties with verbal and nonverbal communication, changes in routine, social interactions, emotional regulation, and sensory processing. Some individuals may avoid...\n      retrieved documents [..\\data\\word\\ASD_Patient_Management_Handbook.docx]: Many ASD patients experience co-occurring conditions such as anxiety, ADHD, epilepsy, sleep disorders, or gastrointestinal issues. Healthcare providers should use patient-centered approaches and consi...\n\n--- Prior failure #2 ---\nOriginal query : what can u tell me about ASD?\nUser feedback  : there was no precise information and it was very vague\nBad answer was : Autism Spectrum Disorder (ASD) is a complex neurodevelopmental condition characterized by challenges in social communication, restricted interests, repetitive behaviors, and sensory sensitivities [Source: learned_qa]. Individuals with ASD may experience difficulties with verbal and nonverbal communi...\n\n\nPROCESS (follow in this exact order — do NOT batch tool calls):\n1. FIRST, call retrieve_documents 2-3 times with SHORT, semantically different queries.\n   Wait for results before doing anything else. Do NOT call compress_context yet.\n   GOOD: short noun-phrase queries from different angles of the topic.\n   BAD:  rephrasings of the same angle ("what causes X", "X causes", "causes of X") — forbidden.\n2. If results are insufficient → one more rephrased query, then stop retrieving.\n3. AFTER retrieval is finished, call compress_context() ONCE with no arguments.\n   This consolidates and deduplicates the learned-QA and document tracks\n   separately. The raw retrieve_documents results will be removed from the chat\n   after this — the compress_context tool result is your sole context from that\n   point on. If the tracks conflict, prefer learned QA.\n4. After compress_context returns, STOP emitting tool calls. In separate turns\n   with no tools available, the system will handle any configured draft and\n   quality-check stages, then generate the final answer from the compressed\n   context. If the system reports a draft is insufficient, it will give you\n   another retrieval round — use it to try genuinely different query angles.\n\nOUTPUT FORMAT (final-answer turn only):\n- Plain prose paragraphs. No headings, no bullet lists, no markdown.\n- Citations appear ONLY inline within sentences as [Source: filename]. Never as a trailing list.\n- Max 400 words. Stop when the question is answered — do not pad or restate.\n- Do not repeat the same sentence or citation twice.\n\n\nPRIORITY — USER FEEDBACK MUST BE ADDRESSED\nThe user previously flagged an answer to this exact question as bad and told you specifically what was missing or wrong:\n  - "The answer missed some information I believe."\n  - "there was no precise information and it was very vague"\n\nYou MUST generate at least one retrieve_documents query that directly targets the topics or facts described in this feedback. Do not treat this as a passive hint — it is your primary retrieval objective.', 'role': 'system'}, {'content': 'What can u tell me about ASD?', 'role': 'user'}], 'model': 'llama-3.1-8b-instruct', 'max_completion_tokens': 2048, 'stream': False, 'temperature': 0.1, 'tools': [{'type': 'function', 'function': {'name': 'retrieve_documents', 'description': 'Search documents and learned QA separately for chunks relevant to a query. Learned QA is high priority if it conflicts with documents. Call this 2–3 times first with semantically different queries. Stop retrieving once you have enough material, then call compress_context to consolidate what you have.', 'parameters': {'type': 'object', 'properties': {'query': {'type': 'string', 'description': 'The search query.'}}, 'required': ['query']}}}, {'type': 'function', 'function': {'name': 'compress_context', 'description': 'Consolidate the document and learned-QA tracks independently (NAC → DC → LBC), then return both with learned-QA precedence. Call this EXACTLY ONCE, AFTER your retrieve_documents calls are done. Takes no arguments. The system uses the chunks it has accumulated for you. Returns the compressed context as the tool result; raw retrieve_documents results are scrubbed from the chat once this runs. After this returns, the system will handle the remaining answer stages for you — do NOT emit a final answer yourself in the same turn.', 'parameters': {'type': 'object', 'properties': {}, 'required': []}}}]}}
2026-07-10 11:59:03 | DEBUG    | openai._base_client | [-] | Sending HTTP Request: POST http://192.168.1.14:3001/v1/chat/completions
2026-07-10 11:59:03 | DEBUG    | httpcore.connection | [-] | connect_tcp.started host='192.168.1.14' port=3001 local_address=None timeout=None socket_options=[(65535, 8, 1)]
2026-07-10 11:59:04 | DEBUG    | langsmith.client | [-] | Sending compressed multipart request with context: trace=019f4ad2-44c1-7f53-b01c-1777e830614f,id=019f4ad2-44c1-7f53-b01c-1777e830614f; trace=019f4ad2-9892-73d0-b7f7-cb5d9f239857,id=019f4ad2-9892-73d0-b7f7-cb5d9f239857
2026-07-10 11:59:04 | DEBUG    | urllib3.connectionpool | [-] | https://api.smith.langchain.com:443 "POST /runs/multipart HTTP/1.1" 202 34
2026-07-10 11:59:10 | DEBUG    | pymongo.topology | [-] | {"message": "Server heartbeat succeeded", "topologyId": {"$oid": "6a5098207ed0335a726f9a3b"}, "driverConnectionId": 1, "serverConnectionId": 681, "serverHost": "127.0.0.1", "serverPort": 27017, "awaited": true, "durationMS": 10000.766299897805, "reply": "{\"topologyVersion\": {\"processId\": {\"$oid\": \"6a3fd41052acd7f2883b377a\"}, \"counter\": 6}, \"hosts\": [\"127.0.0.1:27017\"], \"setName\": \"rs0\", \"setVersion\": 1, \"isWritablePrimary\": true, \"primary\": \"127.0.0.1:27017\", \"me\": \"127.0.0.1:27017\", \"electionId\": {\"$oid\": \"7fffffff0000000000000001\"}, \"lastWrite\": {\"opTime\": {\"ts\": {\"$timestamp\": {\"t\": 1783666743, \"i\": 1}}, \"t\": 1}, \"lastWriteDate\": {\"$date\": \"2026-07-10T06:59:03Z\"}, \"majorityOpTime\": {\"ts\": {\"$timestamp\": {\"t\": 1783666743, \"i\": 1}}, \"t\": 1}, \"majorityWriteDate\": {\"$date\": \"2026-07-10T06:59:03Z\"}}, \"maxBsonObjectSize\": 16777216, \"maxMessageSizeBytes\": 48000000, \"maxWriteBatchSize\": 100000, \"localTime\": {\"$date\": \"2026-07-10T06:59:10.205Z\"}, \"logicalSessionTimeoutMinutes\": 30, \"connectionId\": 681, \"maxWireVersion\": 28, \"ok\": 1.0, \"$clusterTime\": {\"clusterTime\": {\"$timestamp\": {\"t\": 1783666743, \"i\": 1}}, \"signature\": {\"hash\": {\"$binary\": {\"base64\": \"AAAAAAAAAAAAAAAAAAAAAAAAAAA=\", \"subType\": \"00\"}}}}, \"operationTime\": {\"$timestamp\": {\"t\":..."}
2026-07-10 11:59:10 | DEBUG    | pymongo.topology | [-] | {"message": "Server heartbeat started", "topologyId": {"$oid": "6a5098207ed0335a726f9a3b"}, "driverConnectionId": 1, "serverConnectionId": 681, "serverHost": "127.0.0.1", "serverPort": 27017, "awaited": true}
2026-07-10 11:59:20 | DEBUG    | pymongo.topology | [-] | {"message": "Server heartbeat succeeded", "topologyId": {"$oid": "6a5098207ed0335a726f9a3b"}, "driverConnectionId": 1, "serverConnectionId": 681, "serverHost": "127.0.0.1", "serverPort": 27017, "awaited": true, "durationMS": 9999.543599784374, "reply": "{\"topologyVersion\": {\"processId\": {\"$oid\": \"6a3fd41052acd7f2883b377a\"}, \"counter\": 6}, \"hosts\": [\"127.0.0.1:27017\"], \"setName\": \"rs0\", \"setVersion\": 1, \"isWritablePrimary\": true, \"primary\": \"127.0.0.1:27017\", \"me\": \"127.0.0.1:27017\", \"electionId\": {\"$oid\": \"7fffffff0000000000000001\"}, \"lastWrite\": {\"opTime\": {\"ts\": {\"$timestamp\": {\"t\": 1783666753, \"i\": 1}}, \"t\": 1}, \"lastWriteDate\": {\"$date\": \"2026-07-10T06:59:13Z\"}, \"majorityOpTime\": {\"ts\": {\"$timestamp\": {\"t\": 1783666753, \"i\": 1}}, \"t\": 1}, \"majorityWriteDate\": {\"$date\": \"2026-07-10T06:59:13Z\"}}, \"maxBsonObjectSize\": 16777216, \"maxMessageSizeBytes\": 48000000, \"maxWriteBatchSize\": 100000, \"localTime\": {\"$date\": \"2026-07-10T06:59:20.205Z\"}, \"logicalSessionTimeoutMinutes\": 30, \"connectionId\": 681, \"maxWireVersion\": 28, \"ok\": 1.0, \"$clusterTime\": {\"clusterTime\": {\"$timestamp\": {\"t\": 1783666753, \"i\": 1}}, \"signature\": {\"hash\": {\"$binary\": {\"base64\": \"AAAAAAAAAAAAAAAAAAAAAAAAAAA=\", \"subType\": \"00\"}}}}, \"operationTime\": {\"$timestamp\": {\"t\":..."}
2026-07-10 11:59:20 | DEBUG    | pymongo.topology | [-] | {"message": "Server heartbeat started", "topologyId": {"$oid": "6a5098207ed0335a726f9a3b"}, "driverConnectionId": 1, "serverConnectionId": 681, "serverHost": "127.0.0.1", "serverPort": 27017, "awaited": true}
2026-07-10 11:59:24 | DEBUG    | httpcore.connection | [-] | connect_tcp.failed exception=ConnectTimeout(TimeoutError(10060, 'A connection attempt failed because the connected party did not properly respond after a period of time, or established connection failed because connected host has failed to respond', None, 10060, None))
2026-07-10 11:59:24 | DEBUG    | openai._base_client | [-] | Encountered httpx.TimeoutException
Traceback (most recent call last):
  File "C:\Users\LOQ\Desktop\Projects\Memora\.venv\Lib\site-packages\httpx\_transports\default.py", line 101, in map_httpcore_exceptions
    yield
  File "C:\Users\LOQ\Desktop\Projects\Memora\.venv\Lib\site-packages\httpx\_transports\default.py", line 250, in handle_request
    resp = self._pool.handle_request(req)
  File "C:\Users\LOQ\Desktop\Projects\Memora\.venv\Lib\site-packages\httpcore\_sync\connection_pool.py", line 256, in handle_request
    raise exc from None
  File "C:\Users\LOQ\Desktop\Projects\Memora\.venv\Lib\site-packages\httpcore\_sync\connection_pool.py", line 236, in handle_request
    response = connection.handle_request(
        pool_request.request
    )
  File "C:\Users\LOQ\Desktop\Projects\Memora\.venv\Lib\site-packages\httpcore\_sync\connection.py", line 101, in handle_request
    raise exc
  File "C:\Users\LOQ\Desktop\Projects\Memora\.venv\Lib\site-packages\httpcore\_sync\connection.py", line 78, in handle_request
    stream = self._connect(request)
  File "C:\Users\LOQ\Desktop\Projects\Memora\.venv\Lib\site-packages\httpcore\_sync\connection.py", line 124, in _connect
    stream = self._network_backend.connect_tcp(**kwargs)
  File "C:\Users\LOQ\Desktop\Projects\Memora\.venv\Lib\site-packages\httpcore\_backends\sync.py", line 207, in connect_tcp
    with map_exceptions(exc_map):
         ~~~~~~~~~~~~~~^^^^^^^^^
  File "C:\Program Files\Python314\Lib\contextlib.py", line 162, in __exit__
    self.gen.throw(value)
    ~~~~~~~~~~~~~~^^^^^^^
  File "C:\Users\LOQ\Desktop\Projects\Memora\.venv\Lib\site-packages\httpcore\_exceptions.py", line 14, in map_exceptions
    raise to_exc(exc) from exc
httpcore.ConnectTimeout: [WinError 10060] A connection attempt failed because the connected party did not properly respond after a period of time, or established connection failed because connected host has failed to respond

The above exception was the direct cause of the following exception:

Traceback (most recent call last):
  File "C:\Users\LOQ\Desktop\Projects\Memora\.venv\Lib\site-packages\openai\_base_client.py", line 1037, in request
    response = self._send_request(
        request,
        stream=stream or self._should_stream_response_body(request=request),
        **kwargs,
    )
  File "C:\Users\LOQ\Desktop\Projects\Memora\.venv\Lib\site-packages\openai\_client.py", line 440, in _send_request
    return self._send_with_auth_retry(request, stream=stream, **kwargs)
           ~~~~~~~~~~~~~~~~~~~~~~~~~~^^^^^^^^^^^^^^^^^^^^^^^^^^^^^^^^^^
  File "C:\Users\LOQ\Desktop\Projects\Memora\.venv\Lib\site-packages\openai\_client.py", line 418, in _send_with_auth_retry
    response = super()._send_request(request, stream=stream, **kwargs)
  File "C:\Users\LOQ\Desktop\Projects\Memora\.venv\Lib\site-packages\openai\_base_client.py", line 964, in _send_request
    return self._client.send(request, stream=stream, **kwargs)
           ~~~~~~~~~~~~~~~~~^^^^^^^^^^^^^^^^^^^^^^^^^^^^^^^^^^
  File "C:\Users\LOQ\Desktop\Projects\Memora\.venv\Lib\site-packages\httpx\_client.py", line 914, in send
    response = self._send_handling_auth(
        request,
    ...<2 lines>...
        history=[],
    )
  File "C:\Users\LOQ\Desktop\Projects\Memora\.venv\Lib\site-packages\httpx\_client.py", line 942, in _send_handling_auth
    response = self._send_handling_redirects(
        request,
        follow_redirects=follow_redirects,
        history=history,
    )
  File "C:\Users\LOQ\Desktop\Projects\Memora\.venv\Lib\site-packages\httpx\_client.py", line 979, in _send_handling_redirects
    response = self._send_single_request(request)
  File "C:\Users\LOQ\Desktop\Projects\Memora\.venv\Lib\site-packages\httpx\_client.py", line 1014, in _send_single_request
    response = transport.handle_request(request)
  File "C:\Users\LOQ\Desktop\Projects\Memora\.venv\Lib\site-packages\httpx\_transports\default.py", line 249, in handle_request
    with map_httpcore_exceptions():
         ~~~~~~~~~~~~~~~~~~~~~~~^^
  File "C:\Program Files\Python314\Lib\contextlib.py", line 162, in __exit__
    self.gen.throw(value)
    ~~~~~~~~~~~~~~^^^^^^^
  File "C:\Users\LOQ\Desktop\Projects\Memora\.venv\Lib\site-packages\httpx\_transports\default.py", line 118, in map_httpcore_exceptions
    raise mapped_exc(message) from exc
httpx.ConnectTimeout: [WinError 10060] A connection attempt failed because the connected party did not properly respond after a period of time, or established connection failed because connected host has failed to respond
2026-07-10 11:59:24 | DEBUG    | openai._base_client | [-] | Raising timeout error
2026-07-10 11:59:24 | DEBUG    | openinference.instrumentation.langchain._tracer | [-] | Extracted message role from id field: system
2026-07-10 11:59:24 | DEBUG    | openinference.instrumentation.langchain._tracer | [-] | Extracted message role from id field: user
2026-07-10 11:59:24 | ERROR    | llm_caller | [52820541-a502-4b63-b81e-7b58534bcf09] | [AGENT-RETRIEVE] openai.APITimeoutError: Request timed out.
2026-07-10 11:59:24 | DEBUG    | llm_caller | [52820541-a502-4b63-b81e-7b58534bcf09] |   [AGENT-RETRIEVE] LLM call attempt 1 took 21.067s
2026-07-10 11:59:24 | DEBUG    | llm_caller | [52820541-a502-4b63-b81e-7b58534bcf09] | [LLM] could not extract rate-limit headers — cooldown base will be 0
2026-07-10 11:59:24 | WARNING  | agent_query | [52820541-a502-4b63-b81e-7b58534bcf09] |   [AGENT] transient error (TIMEOUT) — retrying
2026-07-10 11:59:24 | DEBUG    | agent_query | [52820541-a502-4b63-b81e-7b58534bcf09] | 
══════════════════════════════════════════════════════════════════════
2026-07-10 11:59:24 | INFO     | agent_query | [52820541-a502-4b63-b81e-7b58534bcf09] |   [PHASE: RETRIEVE]  Iteration 3/5
2026-07-10 11:59:24 | DEBUG    | agent_query | [52820541-a502-4b63-b81e-7b58534bcf09] | ══════════════════════════════════════════════════════════════════════
2026-07-10 11:59:24 | DEBUG    | agent_query | [52820541-a502-4b63-b81e-7b58534bcf09] |   [0] role=system
      content: You are a research assistant. Answer ONLY from retrieved chunks — never from memory.

HARD LIMITS (enforced by the system — do not test them):
- retrieve_documents: max 5 calls total. Stop at 3 if results are poor.
- Never repeat a query already tried. Never generate two queries with identical words.
- If the knowledge base has no answer after 3 tries, say: "The knowledge base does not contain information about [topic]."
- Never fabricate facts.

TOOLS (these are the ONLY tools available to you):
- retrieve_documents(query): searches documents and learned QA separately.
- compress_context(): i...

  [1] role=user
      content: What can u tell me about ASD?

2026-07-10 11:59:24 | DEBUG    | agent_query | [52820541-a502-4b63-b81e-7b58534bcf09] |   Tool schemas: ['retrieve_documents', 'compress_context']
2026-07-10 11:59:24 | DEBUG    | agent_query | [52820541-a502-4b63-b81e-7b58534bcf09] | ══════════════════════════════════════════════════════════════════════
2026-07-10 11:59:24 | DEBUG    | llm_caller | [52820541-a502-4b63-b81e-7b58534bcf09] |   [AGENT-RETRIEVE] entering FIFO gate…
2026-07-10 11:59:24 | DEBUG    | llm_caller | [52820541-a502-4b63-b81e-7b58534bcf09] |   [AGENT-RETRIEVE] invoking LLM (attempt 1/3)…
2026-07-10 11:59:24 | DEBUG    | openai._base_client | [-] | Request options: {'method': 'post', 'url': '/chat/completions', 'headers': {'X-Stainless-Raw-Response': 'true'}, 'files': None, 'idempotency_key': 'stainless-python-retry-b6de733d-8db0-4445-b2ed-039d30619fe9', 'security': {'bearer_auth': True}, 'content': None, 'json_data': {'messages': [{'content': 'You are a research assistant. Answer ONLY from retrieved chunks — never from memory.\n\nHARD LIMITS (enforced by the system — do not test them):\n- retrieve_documents: max 5 calls total. Stop at 3 if results are poor.\n- Never repeat a query already tried. Never generate two queries with identical words.\n- If the knowledge base has no answer after 3 tries, say: "The knowledge base does not contain information about [topic]."\n- Never fabricate facts.\n\nTOOLS (these are the ONLY tools available to you):\n- retrieve_documents(query): searches documents and learned QA separately.\n- compress_context(): independently consolidates the document and learned-QA\n  tracks (NAC → DC → LBC). Takes no arguments. The system remembers both.\n\nCONFLICT RULE:\n- Use both context tracks. If learned QA conflicts with document context,\n  prefer learned QA.\n\nNOTE: Drafting, quality-checking, and final-answer generation are handled by\nthe system AFTER compress_context returns. Do NOT try to write the final answer\nin the same turn as your tool calls — your job is to drive retrieval and\ntrigger compression. The system will handle the remaining answer stages.\n\n\nBLOCKED QUERY VARIANTS — These exact phrasings retrieved 0 useful chunks the last time this question was asked. Do NOT reuse them under any circumstances. Generate different, semantically distinct reformulations:\n  - "What can u tell me about ASD?"\n  - "ASD information that was vague or imprecise"\n  - "ASD information"\n  - "Autism Spectrum Disorder facts"\n  - "ASD symptoms and causes"\n\nUSER-FLAGGED PRIOR FAILURE — This same question (or a near-identical one) was asked before and the user explicitly marked the answer as bad. Below is what went wrong last time, including the exact query reformulations that were tried and the chunks they retrieved.\n  1. AVOID re-using the same query reformulations — they led to a bad answer.\n  2. AVOID grounding your answer in the same chunks unless you can clearly interpret them differently.\n  3. Try genuinely different angles, vocabulary, and sub-topics.\n\n--- Prior failure #1 ---\nOriginal query : What can u tell me about ASD?\nUser feedback  : The answer missed some information I believe.\nBad answer was : Autism Spectrum Disorder (ASD) is a complex neurodevelopmental disorder characterized by deficits in social communication and the presence of restricted interests and repetitive behaviors [Source: learned_qa]. The Diagnostic and Statistical Manual of Mental Disorders—5th edition (DSM-5) updated the ...\nReformulations that were tried (DO NOT REUSE):\n  - "ASD information"\n      retrieved learned_qa [learned_qa]: Q: How does the Diagnostic and Statistical Manual of Mental Disorders—5th edition (DSM-5) define ASD? A: Autism spectrum disorder (ASD) is a neurodevelopmental disorder characterized by deficits in so...\n      retrieved learned_qa [learned_qa]: Q: What are the key characteristics of ASD in the context of engineering and technology? A: ASD is characterized by challenges in social communication, restricted interests, repetitive behaviors, and ...\n      retrieved documents [C:\\Users\\LOQ\\Desktop\\Projects\\RAG-work\\data\\json\\asd_information.json]: Autism Spectrum Disorder (ASD) is a neurodevelopmental condition characterized by differences in communication, social interaction, behavior patterns, and sensory processing.\n      retrieved documents [..\\data\\pdfs\\Autism spectrum disorder definition, epidemiology, causes, and clinical evaluation.pdf]: Autism spectrum disorder (ASD) is a neurodevelopmental disorder characterized by deficits in social communication and the presence of restricted interests and repetitive behaviors (1). In 2013, the Di...\n  - "Autism Spectrum Disorder facts"\n      retrieved learned_qa [learned_qa]: Q: What are some common characteristics and co-occurring conditions associated with Autism Spectrum Disorder (ASD)? A: Individuals with ASD may experience difficulties with verbal and nonverbal commun...\n      retrieved learned_qa [learned_qa]: Q: What are some common characteristics and challenges experienced by individuals with Autism Spectrum Disorder (ASD)? A: Individuals with ASD may experience difficulties with verbal and nonverbal com...\n      retrieved documents [..\\data\\pdfs\\Autism spectrum disorder definition, epidemiology, causes, and clinical evaluation.pdf]: 11. de Giambattista C, Ventura P, Trerotoli P, et al. Subtyping the autism spectrum disorder: comparison of children with high functioning autism and asperger syndrome. J Autism Dev Disord 2019;49:138...\n      retrieved documents [..\\data\\pdfs\\Autism spectrum disorder definition, epidemiology, causes, and clinical evaluation.pdf]: 53. Saxena A, Chahrour M. Autism spectrum disorder. In: Ginsburg GS, Willard HF, David SP. editors. Genomic and precision medicine: primary care. Cambridge: Academic Press, 2017:301-16.\n  - "ASD symptoms and causes"\n      retrieved learned_qa [learned_qa]: Q: What are some common co-occurring conditions with ASD? A: ASD can co-occur with other conditions, such as anxiety, ADHD, epilepsy, sleep disorders, or gastrointestinal issues. GI disorders or GI sy...\n      retrieved learned_qa [learned_qa]: Q: What are some common co-occurring conditions experienced by individuals with ASD? A: Many ASD patients experience co-occurring conditions such as anxiety, ADHD, epilepsy, sleep disorders, or gastro...\n      retrieved documents [..\\data\\word\\ASD_Patient_Management_Handbook.docx]: Patients with ASD may experience difficulties with verbal and nonverbal communication, changes in routine, social interactions, emotional regulation, and sensory processing. Some individuals may avoid...\n      retrieved documents [..\\data\\word\\ASD_Patient_Management_Handbook.docx]: Many ASD patients experience co-occurring conditions such as anxiety, ADHD, epilepsy, sleep disorders, or gastrointestinal issues. Healthcare providers should use patient-centered approaches and consi...\n\n--- Prior failure #2 ---\nOriginal query : what can u tell me about ASD?\nUser feedback  : there was no precise information and it was very vague\nBad answer was : Autism Spectrum Disorder (ASD) is a complex neurodevelopmental condition characterized by challenges in social communication, restricted interests, repetitive behaviors, and sensory sensitivities [Source: learned_qa]. Individuals with ASD may experience difficulties with verbal and nonverbal communi...\n\n\nPROCESS (follow in this exact order — do NOT batch tool calls):\n1. FIRST, call retrieve_documents 2-3 times with SHORT, semantically different queries.\n   Wait for results before doing anything else. Do NOT call compress_context yet.\n   GOOD: short noun-phrase queries from different angles of the topic.\n   BAD:  rephrasings of the same angle ("what causes X", "X causes", "causes of X") — forbidden.\n2. If results are insufficient → one more rephrased query, then stop retrieving.\n3. AFTER retrieval is finished, call compress_context() ONCE with no arguments.\n   This consolidates and deduplicates the learned-QA and document tracks\n   separately. The raw retrieve_documents results will be removed from the chat\n   after this — the compress_context tool result is your sole context from that\n   point on. If the tracks conflict, prefer learned QA.\n4. After compress_context returns, STOP emitting tool calls. In separate turns\n   with no tools available, the system will handle any configured draft and\n   quality-check stages, then generate the final answer from the compressed\n   context. If the system reports a draft is insufficient, it will give you\n   another retrieval round — use it to try genuinely different query angles.\n\nOUTPUT FORMAT (final-answer turn only):\n- Plain prose paragraphs. No headings, no bullet lists, no markdown.\n- Citations appear ONLY inline within sentences as [Source: filename]. Never as a trailing list.\n- Max 400 words. Stop when the question is answered — do not pad or restate.\n- Do not repeat the same sentence or citation twice.\n\n\nPRIORITY — USER FEEDBACK MUST BE ADDRESSED\nThe user previously flagged an answer to this exact question as bad and told you specifically what was missing or wrong:\n  - "The answer missed some information I believe."\n  - "there was no precise information and it was very vague"\n\nYou MUST generate at least one retrieve_documents query that directly targets the topics or facts described in this feedback. Do not treat this as a passive hint — it is your primary retrieval objective.', 'role': 'system'}, {'content': 'What can u tell me about ASD?', 'role': 'user'}], 'model': 'llama-3.1-8b-instruct', 'max_completion_tokens': 2048, 'stream': False, 'temperature': 0.1, 'tools': [{'type': 'function', 'function': {'name': 'retrieve_documents', 'description': 'Search documents and learned QA separately for chunks relevant to a query. Learned QA is high priority if it conflicts with documents. Call this 2–3 times first with semantically different queries. Stop retrieving once you have enough material, then call compress_context to consolidate what you have.', 'parameters': {'type': 'object', 'properties': {'query': {'type': 'string', 'description': 'The search query.'}}, 'required': ['query']}}}, {'type': 'function', 'function': {'name': 'compress_context', 'description': 'Consolidate the document and learned-QA tracks independently (NAC → DC → LBC), then return both with learned-QA precedence. Call this EXACTLY ONCE, AFTER your retrieve_documents calls are done. Takes no arguments. The system uses the chunks it has accumulated for you. Returns the compressed context as the tool result; raw retrieve_documents results are scrubbed from the chat once this runs. After this returns, the system will handle the remaining answer stages for you — do NOT emit a final answer yourself in the same turn.', 'parameters': {'type': 'object', 'properties': {}, 'required': []}}}]}}
2026-07-10 11:59:24 | DEBUG    | openai._base_client | [-] | Sending HTTP Request: POST http://192.168.1.14:3001/v1/chat/completions
2026-07-10 11:59:24 | DEBUG    | httpcore.connection | [-] | connect_tcp.started host='192.168.1.14' port=3001 local_address=None timeout=None socket_options=[(65535, 8, 1)]
2026-07-10 11:59:25 | DEBUG    | langsmith.client | [-] | Sending compressed multipart request with context: trace=019f4ad2-9892-73d0-b7f7-cb5d9f239857,id=019f4ad2-9892-73d0-b7f7-cb5d9f239857; trace=019f4ad2-eadd-74e0-86d8-52e937afe168,id=019f4ad2-eadd-74e0-86d8-52e937afe168
2026-07-10 11:59:25 | DEBUG    | urllib3.connectionpool | [-] | https://api.smith.langchain.com:443 "POST /runs/multipart HTTP/1.1" 202 34
2026-07-10 11:59:30 | DEBUG    | pymongo.topology | [-] | {"message": "Server heartbeat succeeded", "topologyId": {"$oid": "6a5098207ed0335a726f9a3b"}, "driverConnectionId": 1, "serverConnectionId": 681, "serverHost": "127.0.0.1", "serverPort": 27017, "awaited": true, "durationMS": 9999.37679991126, "reply": "{\"topologyVersion\": {\"processId\": {\"$oid\": \"6a3fd41052acd7f2883b377a\"}, \"counter\": 6}, \"hosts\": [\"127.0.0.1:27017\"], \"setName\": \"rs0\", \"setVersion\": 1, \"isWritablePrimary\": true, \"primary\": \"127.0.0.1:27017\", \"me\": \"127.0.0.1:27017\", \"electionId\": {\"$oid\": \"7fffffff0000000000000001\"}, \"lastWrite\": {\"opTime\": {\"ts\": {\"$timestamp\": {\"t\": 1783666763, \"i\": 1}}, \"t\": 1}, \"lastWriteDate\": {\"$date\": \"2026-07-10T06:59:23Z\"}, \"majorityOpTime\": {\"ts\": {\"$timestamp\": {\"t\": 1783666763, \"i\": 1}}, \"t\": 1}, \"majorityWriteDate\": {\"$date\": \"2026-07-10T06:59:23Z\"}}, \"maxBsonObjectSize\": 16777216, \"maxMessageSizeBytes\": 48000000, \"maxWriteBatchSize\": 100000, \"localTime\": {\"$date\": \"2026-07-10T06:59:30.205Z\"}, \"logicalSessionTimeoutMinutes\": 30, \"connectionId\": 681, \"maxWireVersion\": 28, \"ok\": 1.0, \"$clusterTime\": {\"clusterTime\": {\"$timestamp\": {\"t\": 1783666763, \"i\": 1}}, \"signature\": {\"hash\": {\"$binary\": {\"base64\": \"AAAAAAAAAAAAAAAAAAAAAAAAAAA=\", \"subType\": \"00\"}}}}, \"operationTime\": {\"$timestamp\": {\"t\":..."}
2026-07-10 11:59:30 | DEBUG    | pymongo.topology | [-] | {"message": "Server heartbeat started", "topologyId": {"$oid": "6a5098207ed0335a726f9a3b"}, "driverConnectionId": 1, "serverConnectionId": 681, "serverHost": "127.0.0.1", "serverPort": 27017, "awaited": true}
2026-07-10 11:59:40 | DEBUG    | pymongo.topology | [-] | {"message": "Server heartbeat succeeded", "topologyId": {"$oid": "6a5098207ed0335a726f9a3b"}, "driverConnectionId": 1, "serverConnectionId": 681, "serverHost": "127.0.0.1", "serverPort": 27017, "awaited": true, "durationMS": 10001.027500024065, "reply": "{\"topologyVersion\": {\"processId\": {\"$oid\": \"6a3fd41052acd7f2883b377a\"}, \"counter\": 6}, \"hosts\": [\"127.0.0.1:27017\"], \"setName\": \"rs0\", \"setVersion\": 1, \"isWritablePrimary\": true, \"primary\": \"127.0.0.1:27017\", \"me\": \"127.0.0.1:27017\", \"electionId\": {\"$oid\": \"7fffffff0000000000000001\"}, \"lastWrite\": {\"opTime\": {\"ts\": {\"$timestamp\": {\"t\": 1783666773, \"i\": 1}}, \"t\": 1}, \"lastWriteDate\": {\"$date\": \"2026-07-10T06:59:33Z\"}, \"majorityOpTime\": {\"ts\": {\"$timestamp\": {\"t\": 1783666773, \"i\": 1}}, \"t\": 1}, \"majorityWriteDate\": {\"$date\": \"2026-07-10T06:59:33Z\"}}, \"maxBsonObjectSize\": 16777216, \"maxMessageSizeBytes\": 48000000, \"maxWriteBatchSize\": 100000, \"localTime\": {\"$date\": \"2026-07-10T06:59:40.207Z\"}, \"logicalSessionTimeoutMinutes\": 30, \"connectionId\": 681, \"maxWireVersion\": 28, \"ok\": 1.0, \"$clusterTime\": {\"clusterTime\": {\"$timestamp\": {\"t\": 1783666773, \"i\": 1}}, \"signature\": {\"hash\": {\"$binary\": {\"base64\": \"AAAAAAAAAAAAAAAAAAAAAAAAAAA=\", \"subType\": \"00\"}}}}, \"operationTime\": {\"$timestamp\": {\"t\":..."}
2026-07-10 11:59:40 | DEBUG    | pymongo.topology | [-] | {"message": "Server heartbeat started", "topologyId": {"$oid": "6a5098207ed0335a726f9a3b"}, "driverConnectionId": 1, "serverConnectionId": 681, "serverHost": "127.0.0.1", "serverPort": 27017, "awaited": true}
2026-07-10 11:59:45 | DEBUG    | httpcore.connection | [-] | connect_tcp.failed exception=ConnectTimeout(TimeoutError(10060, 'A connection attempt failed because the connected party did not properly respond after a period of time, or established connection failed because connected host has failed to respond', None, 10060, None))
2026-07-10 11:59:45 | DEBUG    | openai._base_client | [-] | Encountered httpx.TimeoutException
Traceback (most recent call last):
  File "C:\Users\LOQ\Desktop\Projects\Memora\.venv\Lib\site-packages\httpx\_transports\default.py", line 101, in map_httpcore_exceptions
    yield
  File "C:\Users\LOQ\Desktop\Projects\Memora\.venv\Lib\site-packages\httpx\_transports\default.py", line 250, in handle_request
    resp = self._pool.handle_request(req)
  File "C:\Users\LOQ\Desktop\Projects\Memora\.venv\Lib\site-packages\httpcore\_sync\connection_pool.py", line 256, in handle_request
    raise exc from None
  File "C:\Users\LOQ\Desktop\Projects\Memora\.venv\Lib\site-packages\httpcore\_sync\connection_pool.py", line 236, in handle_request
    response = connection.handle_request(
        pool_request.request
    )
  File "C:\Users\LOQ\Desktop\Projects\Memora\.venv\Lib\site-packages\httpcore\_sync\connection.py", line 101, in handle_request
    raise exc
  File "C:\Users\LOQ\Desktop\Projects\Memora\.venv\Lib\site-packages\httpcore\_sync\connection.py", line 78, in handle_request
    stream = self._connect(request)
  File "C:\Users\LOQ\Desktop\Projects\Memora\.venv\Lib\site-packages\httpcore\_sync\connection.py", line 124, in _connect
    stream = self._network_backend.connect_tcp(**kwargs)
  File "C:\Users\LOQ\Desktop\Projects\Memora\.venv\Lib\site-packages\httpcore\_backends\sync.py", line 207, in connect_tcp
    with map_exceptions(exc_map):
         ~~~~~~~~~~~~~~^^^^^^^^^
  File "C:\Program Files\Python314\Lib\contextlib.py", line 162, in __exit__
    self.gen.throw(value)
    ~~~~~~~~~~~~~~^^^^^^^
  File "C:\Users\LOQ\Desktop\Projects\Memora\.venv\Lib\site-packages\httpcore\_exceptions.py", line 14, in map_exceptions
    raise to_exc(exc) from exc
httpcore.ConnectTimeout: [WinError 10060] A connection attempt failed because the connected party did not properly respond after a period of time, or established connection failed because connected host has failed to respond

The above exception was the direct cause of the following exception:

Traceback (most recent call last):
  File "C:\Users\LOQ\Desktop\Projects\Memora\.venv\Lib\site-packages\openai\_base_client.py", line 1037, in request
    response = self._send_request(
        request,
        stream=stream or self._should_stream_response_body(request=request),
        **kwargs,
    )
  File "C:\Users\LOQ\Desktop\Projects\Memora\.venv\Lib\site-packages\openai\_client.py", line 440, in _send_request
    return self._send_with_auth_retry(request, stream=stream, **kwargs)
           ~~~~~~~~~~~~~~~~~~~~~~~~~~^^^^^^^^^^^^^^^^^^^^^^^^^^^^^^^^^^
  File "C:\Users\LOQ\Desktop\Projects\Memora\.venv\Lib\site-packages\openai\_client.py", line 418, in _send_with_auth_retry
    response = super()._send_request(request, stream=stream, **kwargs)
  File "C:\Users\LOQ\Desktop\Projects\Memora\.venv\Lib\site-packages\openai\_base_client.py", line 964, in _send_request
    return self._client.send(request, stream=stream, **kwargs)
           ~~~~~~~~~~~~~~~~~^^^^^^^^^^^^^^^^^^^^^^^^^^^^^^^^^^
  File "C:\Users\LOQ\Desktop\Projects\Memora\.venv\Lib\site-packages\httpx\_client.py", line 914, in send
    response = self._send_handling_auth(
        request,
    ...<2 lines>...
        history=[],
    )
  File "C:\Users\LOQ\Desktop\Projects\Memora\.venv\Lib\site-packages\httpx\_client.py", line 942, in _send_handling_auth
    response = self._send_handling_redirects(
        request,
        follow_redirects=follow_redirects,
        history=history,
    )
  File "C:\Users\LOQ\Desktop\Projects\Memora\.venv\Lib\site-packages\httpx\_client.py", line 979, in _send_handling_redirects
    response = self._send_single_request(request)
  File "C:\Users\LOQ\Desktop\Projects\Memora\.venv\Lib\site-packages\httpx\_client.py", line 1014, in _send_single_request
    response = transport.handle_request(request)
  File "C:\Users\LOQ\Desktop\Projects\Memora\.venv\Lib\site-packages\httpx\_transports\default.py", line 249, in handle_request
    with map_httpcore_exceptions():
         ~~~~~~~~~~~~~~~~~~~~~~~^^
  File "C:\Program Files\Python314\Lib\contextlib.py", line 162, in __exit__
    self.gen.throw(value)
    ~~~~~~~~~~~~~~^^^^^^^
  File "C:\Users\LOQ\Desktop\Projects\Memora\.venv\Lib\site-packages\httpx\_transports\default.py", line 118, in map_httpcore_exceptions
    raise mapped_exc(message) from exc
httpx.ConnectTimeout: [WinError 10060] A connection attempt failed because the connected party did not properly respond after a period of time, or established connection failed because connected host has failed to respond
2026-07-10 11:59:45 | DEBUG    | openai._base_client | [-] | Raising timeout error
2026-07-10 11:59:45 | DEBUG    | openinference.instrumentation.langchain._tracer | [-] | Extracted message role from id field: system
2026-07-10 11:59:45 | DEBUG    | openinference.instrumentation.langchain._tracer | [-] | Extracted message role from id field: user
2026-07-10 11:59:45 | ERROR    | llm_caller | [52820541-a502-4b63-b81e-7b58534bcf09] | [AGENT-RETRIEVE] openai.APITimeoutError: Request timed out.
2026-07-10 11:59:45 | DEBUG    | llm_caller | [52820541-a502-4b63-b81e-7b58534bcf09] |   [AGENT-RETRIEVE] LLM call attempt 1 took 21.083s
2026-07-10 11:59:45 | DEBUG    | llm_caller | [52820541-a502-4b63-b81e-7b58534bcf09] | [LLM] could not extract rate-limit headers — cooldown base will be 0
2026-07-10 11:59:45 | WARNING  | agent_query | [52820541-a502-4b63-b81e-7b58534bcf09] |   [AGENT] transient error (TIMEOUT) — retrying
2026-07-10 11:59:45 | DEBUG    | agent_query | [52820541-a502-4b63-b81e-7b58534bcf09] | 
══════════════════════════════════════════════════════════════════════
2026-07-10 11:59:45 | INFO     | agent_query | [52820541-a502-4b63-b81e-7b58534bcf09] |   [PHASE: RETRIEVE]  Iteration 4/5
2026-07-10 11:59:45 | DEBUG    | agent_query | [52820541-a502-4b63-b81e-7b58534bcf09] | ══════════════════════════════════════════════════════════════════════
2026-07-10 11:59:45 | DEBUG    | agent_query | [52820541-a502-4b63-b81e-7b58534bcf09] |   [0] role=system
      content: You are a research assistant. Answer ONLY from retrieved chunks — never from memory.

HARD LIMITS (enforced by the system — do not test them):
- retrieve_documents: max 5 calls total. Stop at 3 if results are poor.
- Never repeat a query already tried. Never generate two queries with identical words.
- If the knowledge base has no answer after 3 tries, say: "The knowledge base does not contain information about [topic]."
- Never fabricate facts.

TOOLS (these are the ONLY tools available to you):
- retrieve_documents(query): searches documents and learned QA separately.
- compress_context(): i...

  [1] role=user
      content: What can u tell me about ASD?

2026-07-10 11:59:45 | DEBUG    | agent_query | [52820541-a502-4b63-b81e-7b58534bcf09] |   Tool schemas: ['retrieve_documents', 'compress_context']
2026-07-10 11:59:45 | DEBUG    | agent_query | [52820541-a502-4b63-b81e-7b58534bcf09] | ══════════════════════════════════════════════════════════════════════
2026-07-10 11:59:45 | DEBUG    | llm_caller | [52820541-a502-4b63-b81e-7b58534bcf09] |   [AGENT-RETRIEVE] entering FIFO gate…
2026-07-10 11:59:45 | DEBUG    | llm_caller | [52820541-a502-4b63-b81e-7b58534bcf09] |   [AGENT-RETRIEVE] invoking LLM (attempt 1/3)…
2026-07-10 11:59:45 | DEBUG    | openai._base_client | [-] | Request options: {'method': 'post', 'url': '/chat/completions', 'headers': {'X-Stainless-Raw-Response': 'true'}, 'files': None, 'idempotency_key': 'stainless-python-retry-f397c2a0-1c3a-44c6-8be9-cb3c6532725f', 'security': {'bearer_auth': True}, 'content': None, 'json_data': {'messages': [{'content': 'You are a research assistant. Answer ONLY from retrieved chunks — never from memory.\n\nHARD LIMITS (enforced by the system — do not test them):\n- retrieve_documents: max 5 calls total. Stop at 3 if results are poor.\n- Never repeat a query already tried. Never generate two queries with identical words.\n- If the knowledge base has no answer after 3 tries, say: "The knowledge base does not contain information about [topic]."\n- Never fabricate facts.\n\nTOOLS (these are the ONLY tools available to you):\n- retrieve_documents(query): searches documents and learned QA separately.\n- compress_context(): independently consolidates the document and learned-QA\n  tracks (NAC → DC → LBC). Takes no arguments. The system remembers both.\n\nCONFLICT RULE:\n- Use both context tracks. If learned QA conflicts with document context,\n  prefer learned QA.\n\nNOTE: Drafting, quality-checking, and final-answer generation are handled by\nthe system AFTER compress_context returns. Do NOT try to write the final answer\nin the same turn as your tool calls — your job is to drive retrieval and\ntrigger compression. The system will handle the remaining answer stages.\n\n\nBLOCKED QUERY VARIANTS — These exact phrasings retrieved 0 useful chunks the last time this question was asked. Do NOT reuse them under any circumstances. Generate different, semantically distinct reformulations:\n  - "What can u tell me about ASD?"\n  - "ASD information that was vague or imprecise"\n  - "ASD information"\n  - "Autism Spectrum Disorder facts"\n  - "ASD symptoms and causes"\n\nUSER-FLAGGED PRIOR FAILURE — This same question (or a near-identical one) was asked before and the user explicitly marked the answer as bad. Below is what went wrong last time, including the exact query reformulations that were tried and the chunks they retrieved.\n  1. AVOID re-using the same query reformulations — they led to a bad answer.\n  2. AVOID grounding your answer in the same chunks unless you can clearly interpret them differently.\n  3. Try genuinely different angles, vocabulary, and sub-topics.\n\n--- Prior failure #1 ---\nOriginal query : What can u tell me about ASD?\nUser feedback  : The answer missed some information I believe.\nBad answer was : Autism Spectrum Disorder (ASD) is a complex neurodevelopmental disorder characterized by deficits in social communication and the presence of restricted interests and repetitive behaviors [Source: learned_qa]. The Diagnostic and Statistical Manual of Mental Disorders—5th edition (DSM-5) updated the ...\nReformulations that were tried (DO NOT REUSE):\n  - "ASD information"\n      retrieved learned_qa [learned_qa]: Q: How does the Diagnostic and Statistical Manual of Mental Disorders—5th edition (DSM-5) define ASD? A: Autism spectrum disorder (ASD) is a neurodevelopmental disorder characterized by deficits in so...\n      retrieved learned_qa [learned_qa]: Q: What are the key characteristics of ASD in the context of engineering and technology? A: ASD is characterized by challenges in social communication, restricted interests, repetitive behaviors, and ...\n      retrieved documents [C:\\Users\\LOQ\\Desktop\\Projects\\RAG-work\\data\\json\\asd_information.json]: Autism Spectrum Disorder (ASD) is a neurodevelopmental condition characterized by differences in communication, social interaction, behavior patterns, and sensory processing.\n      retrieved documents [..\\data\\pdfs\\Autism spectrum disorder definition, epidemiology, causes, and clinical evaluation.pdf]: Autism spectrum disorder (ASD) is a neurodevelopmental disorder characterized by deficits in social communication and the presence of restricted interests and repetitive behaviors (1). In 2013, the Di...\n  - "Autism Spectrum Disorder facts"\n      retrieved learned_qa [learned_qa]: Q: What are some common characteristics and co-occurring conditions associated with Autism Spectrum Disorder (ASD)? A: Individuals with ASD may experience difficulties with verbal and nonverbal commun...\n      retrieved learned_qa [learned_qa]: Q: What are some common characteristics and challenges experienced by individuals with Autism Spectrum Disorder (ASD)? A: Individuals with ASD may experience difficulties with verbal and nonverbal com...\n      retrieved documents [..\\data\\pdfs\\Autism spectrum disorder definition, epidemiology, causes, and clinical evaluation.pdf]: 11. de Giambattista C, Ventura P, Trerotoli P, et al. Subtyping the autism spectrum disorder: comparison of children with high functioning autism and asperger syndrome. J Autism Dev Disord 2019;49:138...\n      retrieved documents [..\\data\\pdfs\\Autism spectrum disorder definition, epidemiology, causes, and clinical evaluation.pdf]: 53. Saxena A, Chahrour M. Autism spectrum disorder. In: Ginsburg GS, Willard HF, David SP. editors. Genomic and precision medicine: primary care. Cambridge: Academic Press, 2017:301-16.\n  - "ASD symptoms and causes"\n      retrieved learned_qa [learned_qa]: Q: What are some common co-occurring conditions with ASD? A: ASD can co-occur with other conditions, such as anxiety, ADHD, epilepsy, sleep disorders, or gastrointestinal issues. GI disorders or GI sy...\n      retrieved learned_qa [learned_qa]: Q: What are some common co-occurring conditions experienced by individuals with ASD? A: Many ASD patients experience co-occurring conditions such as anxiety, ADHD, epilepsy, sleep disorders, or gastro...\n      retrieved documents [..\\data\\word\\ASD_Patient_Management_Handbook.docx]: Patients with ASD may experience difficulties with verbal and nonverbal communication, changes in routine, social interactions, emotional regulation, and sensory processing. Some individuals may avoid...\n      retrieved documents [..\\data\\word\\ASD_Patient_Management_Handbook.docx]: Many ASD patients experience co-occurring conditions such as anxiety, ADHD, epilepsy, sleep disorders, or gastrointestinal issues. Healthcare providers should use patient-centered approaches and consi...\n\n--- Prior failure #2 ---\nOriginal query : what can u tell me about ASD?\nUser feedback  : there was no precise information and it was very vague\nBad answer was : Autism Spectrum Disorder (ASD) is a complex neurodevelopmental condition characterized by challenges in social communication, restricted interests, repetitive behaviors, and sensory sensitivities [Source: learned_qa]. Individuals with ASD may experience difficulties with verbal and nonverbal communi...\n\n\nPROCESS (follow in this exact order — do NOT batch tool calls):\n1. FIRST, call retrieve_documents 2-3 times with SHORT, semantically different queries.\n   Wait for results before doing anything else. Do NOT call compress_context yet.\n   GOOD: short noun-phrase queries from different angles of the topic.\n   BAD:  rephrasings of the same angle ("what causes X", "X causes", "causes of X") — forbidden.\n2. If results are insufficient → one more rephrased query, then stop retrieving.\n3. AFTER retrieval is finished, call compress_context() ONCE with no arguments.\n   This consolidates and deduplicates the learned-QA and document tracks\n   separately. The raw retrieve_documents results will be removed from the chat\n   after this — the compress_context tool result is your sole context from that\n   point on. If the tracks conflict, prefer learned QA.\n4. After compress_context returns, STOP emitting tool calls. In separate turns\n   with no tools available, the system will handle any configured draft and\n   quality-check stages, then generate the final answer from the compressed\n   context. If the system reports a draft is insufficient, it will give you\n   another retrieval round — use it to try genuinely different query angles.\n\nOUTPUT FORMAT (final-answer turn only):\n- Plain prose paragraphs. No headings, no bullet lists, no markdown.\n- Citations appear ONLY inline within sentences as [Source: filename]. Never as a trailing list.\n- Max 400 words. Stop when the question is answered — do not pad or restate.\n- Do not repeat the same sentence or citation twice.\n\n\nPRIORITY — USER FEEDBACK MUST BE ADDRESSED\nThe user previously flagged an answer to this exact question as bad and told you specifically what was missing or wrong:\n  - "The answer missed some information I believe."\n  - "there was no precise information and it was very vague"\n\nYou MUST generate at least one retrieve_documents query that directly targets the topics or facts described in this feedback. Do not treat this as a passive hint — it is your primary retrieval objective.', 'role': 'system'}, {'content': 'What can u tell me about ASD?', 'role': 'user'}], 'model': 'llama-3.1-8b-instruct', 'max_completion_tokens': 2048, 'stream': False, 'temperature': 0.1, 'tools': [{'type': 'function', 'function': {'name': 'retrieve_documents', 'description': 'Search documents and learned QA separately for chunks relevant to a query. Learned QA is high priority if it conflicts with documents. Call this 2–3 times first with semantically different queries. Stop retrieving once you have enough material, then call compress_context to consolidate what you have.', 'parameters': {'type': 'object', 'properties': {'query': {'type': 'string', 'description': 'The search query.'}}, 'required': ['query']}}}, {'type': 'function', 'function': {'name': 'compress_context', 'description': 'Consolidate the document and learned-QA tracks independently (NAC → DC → LBC), then return both with learned-QA precedence. Call this EXACTLY ONCE, AFTER your retrieve_documents calls are done. Takes no arguments. The system uses the chunks it has accumulated for you. Returns the compressed context as the tool result; raw retrieve_documents results are scrubbed from the chat once this runs. After this returns, the system will handle the remaining answer stages for you — do NOT emit a final answer yourself in the same turn.', 'parameters': {'type': 'object', 'properties': {}, 'required': []}}}]}}
2026-07-10 11:59:45 | DEBUG    | openai._base_client | [-] | Sending HTTP Request: POST http://192.168.1.14:3001/v1/chat/completions
2026-07-10 11:59:45 | DEBUG    | httpcore.connection | [-] | connect_tcp.started host='192.168.1.14' port=3001 local_address=None timeout=None socket_options=[(65535, 8, 1)]
2026-07-10 11:59:46 | DEBUG    | langsmith.client | [-] | Sending compressed multipart request with context: trace=019f4ad2-eadd-74e0-86d8-52e937afe168,id=019f4ad2-eadd-74e0-86d8-52e937afe168; trace=019f4ad3-3d3a-7542-8418-38579a901dbf,id=019f4ad3-3d3a-7542-8418-38579a901dbf
2026-07-10 11:59:46 | DEBUG    | urllib3.connectionpool | [-] | https://api.smith.langchain.com:443 "POST /runs/multipart HTTP/1.1" 202 34
2026-07-10 11:59:50 | DEBUG    | pymongo.topology | [-] | {"message": "Server heartbeat succeeded", "topologyId": {"$oid": "6a5098207ed0335a726f9a3b"}, "driverConnectionId": 1, "serverConnectionId": 681, "serverHost": "127.0.0.1", "serverPort": 27017, "awaited": true, "durationMS": 9999.589500017464, "reply": "{\"topologyVersion\": {\"processId\": {\"$oid\": \"6a3fd41052acd7f2883b377a\"}, \"counter\": 6}, \"hosts\": [\"127.0.0.1:27017\"], \"setName\": \"rs0\", \"setVersion\": 1, \"isWritablePrimary\": true, \"primary\": \"127.0.0.1:27017\", \"me\": \"127.0.0.1:27017\", \"electionId\": {\"$oid\": \"7fffffff0000000000000001\"}, \"lastWrite\": {\"opTime\": {\"ts\": {\"$timestamp\": {\"t\": 1783666790, \"i\": 1}}, \"t\": 1}, \"lastWriteDate\": {\"$date\": \"2026-07-10T06:59:50Z\"}, \"majorityOpTime\": {\"ts\": {\"$timestamp\": {\"t\": 1783666790, \"i\": 1}}, \"t\": 1}, \"majorityWriteDate\": {\"$date\": \"2026-07-10T06:59:50Z\"}}, \"maxBsonObjectSize\": 16777216, \"maxMessageSizeBytes\": 48000000, \"maxWriteBatchSize\": 100000, \"localTime\": {\"$date\": \"2026-07-10T06:59:50.208Z\"}, \"logicalSessionTimeoutMinutes\": 30, \"connectionId\": 681, \"maxWireVersion\": 28, \"ok\": 1.0, \"$clusterTime\": {\"clusterTime\": {\"$timestamp\": {\"t\": 1783666790, \"i\": 1}}, \"signature\": {\"hash\": {\"$binary\": {\"base64\": \"AAAAAAAAAAAAAAAAAAAAAAAAAAA=\", \"subType\": \"00\"}}}}, \"operationTime\": {\"$timestamp\": {\"t\":..."}
2026-07-10 11:59:50 | DEBUG    | pymongo.topology | [-] | {"message": "Server heartbeat started", "topologyId": {"$oid": "6a5098207ed0335a726f9a3b"}, "driverConnectionId": 1, "serverConnectionId": 681, "serverHost": "127.0.0.1", "serverPort": 27017, "awaited": true}
2026-07-10 12:00:00 | DEBUG    | pymongo.topology | [-] | {"message": "Server heartbeat succeeded", "topologyId": {"$oid": "6a5098207ed0335a726f9a3b"}, "driverConnectionId": 1, "serverConnectionId": 681, "serverHost": "127.0.0.1", "serverPort": 27017, "awaited": true, "durationMS": 9999.265399994329, "reply": "{\"topologyVersion\": {\"processId\": {\"$oid\": \"6a3fd41052acd7f2883b377a\"}, \"counter\": 6}, \"hosts\": [\"127.0.0.1:27017\"], \"setName\": \"rs0\", \"setVersion\": 1, \"isWritablePrimary\": true, \"primary\": \"127.0.0.1:27017\", \"me\": \"127.0.0.1:27017\", \"electionId\": {\"$oid\": \"7fffffff0000000000000001\"}, \"lastWrite\": {\"opTime\": {\"ts\": {\"$timestamp\": {\"t\": 1783666790, \"i\": 1}}, \"t\": 1}, \"lastWriteDate\": {\"$date\": \"2026-07-10T06:59:50Z\"}, \"majorityOpTime\": {\"ts\": {\"$timestamp\": {\"t\": 1783666790, \"i\": 1}}, \"t\": 1}, \"majorityWriteDate\": {\"$date\": \"2026-07-10T06:59:50Z\"}}, \"maxBsonObjectSize\": 16777216, \"maxMessageSizeBytes\": 48000000, \"maxWriteBatchSize\": 100000, \"localTime\": {\"$date\": \"2026-07-10T07:00:00.208Z\"}, \"logicalSessionTimeoutMinutes\": 30, \"connectionId\": 681, \"maxWireVersion\": 28, \"ok\": 1.0, \"$clusterTime\": {\"clusterTime\": {\"$timestamp\": {\"t\": 1783666790, \"i\": 1}}, \"signature\": {\"hash\": {\"$binary\": {\"base64\": \"AAAAAAAAAAAAAAAAAAAAAAAAAAA=\", \"subType\": \"00\"}}}}, \"operationTime\": {\"$timestamp\": {\"t\":..."}
2026-07-10 12:00:00 | DEBUG    | pymongo.topology | [-] | {"message": "Server heartbeat started", "topologyId": {"$oid": "6a5098207ed0335a726f9a3b"}, "driverConnectionId": 1, "serverConnectionId": 681, "serverHost": "127.0.0.1", "serverPort": 27017, "awaited": true}
2026-07-10 12:00:06 | DEBUG    | httpcore.connection | [-] | connect_tcp.failed exception=ConnectTimeout(TimeoutError(10060, 'A connection attempt failed because the connected party did not properly respond after a period of time, or established connection failed because connected host has failed to respond', None, 10060, None))
2026-07-10 12:00:06 | DEBUG    | openai._base_client | [-] | Encountered httpx.TimeoutException
Traceback (most recent call last):
  File "C:\Users\LOQ\Desktop\Projects\Memora\.venv\Lib\site-packages\httpx\_transports\default.py", line 101, in map_httpcore_exceptions
    yield
  File "C:\Users\LOQ\Desktop\Projects\Memora\.venv\Lib\site-packages\httpx\_transports\default.py", line 250, in handle_request
    resp = self._pool.handle_request(req)
  File "C:\Users\LOQ\Desktop\Projects\Memora\.venv\Lib\site-packages\httpcore\_sync\connection_pool.py", line 256, in handle_request
    raise exc from None
  File "C:\Users\LOQ\Desktop\Projects\Memora\.venv\Lib\site-packages\httpcore\_sync\connection_pool.py", line 236, in handle_request
    response = connection.handle_request(
        pool_request.request
    )
  File "C:\Users\LOQ\Desktop\Projects\Memora\.venv\Lib\site-packages\httpcore\_sync\connection.py", line 101, in handle_request
    raise exc
  File "C:\Users\LOQ\Desktop\Projects\Memora\.venv\Lib\site-packages\httpcore\_sync\connection.py", line 78, in handle_request
    stream = self._connect(request)
  File "C:\Users\LOQ\Desktop\Projects\Memora\.venv\Lib\site-packages\httpcore\_sync\connection.py", line 124, in _connect
    stream = self._network_backend.connect_tcp(**kwargs)
  File "C:\Users\LOQ\Desktop\Projects\Memora\.venv\Lib\site-packages\httpcore\_backends\sync.py", line 207, in connect_tcp
    with map_exceptions(exc_map):
         ~~~~~~~~~~~~~~^^^^^^^^^
  File "C:\Program Files\Python314\Lib\contextlib.py", line 162, in __exit__
    self.gen.throw(value)
    ~~~~~~~~~~~~~~^^^^^^^
  File "C:\Users\LOQ\Desktop\Projects\Memora\.venv\Lib\site-packages\httpcore\_exceptions.py", line 14, in map_exceptions
    raise to_exc(exc) from exc
httpcore.ConnectTimeout: [WinError 10060] A connection attempt failed because the connected party did not properly respond after a period of time, or established connection failed because connected host has failed to respond

The above exception was the direct cause of the following exception:

Traceback (most recent call last):
  File "C:\Users\LOQ\Desktop\Projects\Memora\.venv\Lib\site-packages\openai\_base_client.py", line 1037, in request
    response = self._send_request(
        request,
        stream=stream or self._should_stream_response_body(request=request),
        **kwargs,
    )
  File "C:\Users\LOQ\Desktop\Projects\Memora\.venv\Lib\site-packages\openai\_client.py", line 440, in _send_request
    return self._send_with_auth_retry(request, stream=stream, **kwargs)
           ~~~~~~~~~~~~~~~~~~~~~~~~~~^^^^^^^^^^^^^^^^^^^^^^^^^^^^^^^^^^
  File "C:\Users\LOQ\Desktop\Projects\Memora\.venv\Lib\site-packages\openai\_client.py", line 418, in _send_with_auth_retry
    response = super()._send_request(request, stream=stream, **kwargs)
  File "C:\Users\LOQ\Desktop\Projects\Memora\.venv\Lib\site-packages\openai\_base_client.py", line 964, in _send_request
    return self._client.send(request, stream=stream, **kwargs)
           ~~~~~~~~~~~~~~~~~^^^^^^^^^^^^^^^^^^^^^^^^^^^^^^^^^^
  File "C:\Users\LOQ\Desktop\Projects\Memora\.venv\Lib\site-packages\httpx\_client.py", line 914, in send
    response = self._send_handling_auth(
        request,
    ...<2 lines>...
        history=[],
    )
  File "C:\Users\LOQ\Desktop\Projects\Memora\.venv\Lib\site-packages\httpx\_client.py", line 942, in _send_handling_auth
    response = self._send_handling_redirects(
        request,
        follow_redirects=follow_redirects,
        history=history,
    )
  File "C:\Users\LOQ\Desktop\Projects\Memora\.venv\Lib\site-packages\httpx\_client.py", line 979, in _send_handling_redirects
    response = self._send_single_request(request)
  File "C:\Users\LOQ\Desktop\Projects\Memora\.venv\Lib\site-packages\httpx\_client.py", line 1014, in _send_single_request
    response = transport.handle_request(request)
  File "C:\Users\LOQ\Desktop\Projects\Memora\.venv\Lib\site-packages\httpx\_transports\default.py", line 249, in handle_request
    with map_httpcore_exceptions():
         ~~~~~~~~~~~~~~~~~~~~~~~^^
  File "C:\Program Files\Python314\Lib\contextlib.py", line 162, in __exit__
    self.gen.throw(value)
    ~~~~~~~~~~~~~~^^^^^^^
  File "C:\Users\LOQ\Desktop\Projects\Memora\.venv\Lib\site-packages\httpx\_transports\default.py", line 118, in map_httpcore_exceptions
    raise mapped_exc(message) from exc
httpx.ConnectTimeout: [WinError 10060] A connection attempt failed because the connected party did not properly respond after a period of time, or established connection failed because connected host has failed to respond
2026-07-10 12:00:06 | DEBUG    | openai._base_client | [-] | Raising timeout error
2026-07-10 12:00:06 | DEBUG    | openinference.instrumentation.langchain._tracer | [-] | Extracted message role from id field: system
2026-07-10 12:00:06 | DEBUG    | openinference.instrumentation.langchain._tracer | [-] | Extracted message role from id field: user
2026-07-10 12:00:06 | ERROR    | llm_caller | [52820541-a502-4b63-b81e-7b58534bcf09] | [AGENT-RETRIEVE] openai.APITimeoutError: Request timed out.
2026-07-10 12:00:06 | DEBUG    | llm_caller | [52820541-a502-4b63-b81e-7b58534bcf09] |   [AGENT-RETRIEVE] LLM call attempt 1 took 21.067s
2026-07-10 12:00:06 | DEBUG    | llm_caller | [52820541-a502-4b63-b81e-7b58534bcf09] | [LLM] could not extract rate-limit headers — cooldown base will be 0
2026-07-10 12:00:06 | WARNING  | agent_query | [52820541-a502-4b63-b81e-7b58534bcf09] |   [AGENT] transient error (TIMEOUT) — retrying
2026-07-10 12:00:06 | DEBUG    | agent_query | [52820541-a502-4b63-b81e-7b58534bcf09] | 
══════════════════════════════════════════════════════════════════════
2026-07-10 12:00:06 | INFO     | agent_query | [52820541-a502-4b63-b81e-7b58534bcf09] |   [PHASE: RETRIEVE]  Iteration 5/5
2026-07-10 12:00:06 | DEBUG    | agent_query | [52820541-a502-4b63-b81e-7b58534bcf09] | ══════════════════════════════════════════════════════════════════════
2026-07-10 12:00:06 | DEBUG    | agent_query | [52820541-a502-4b63-b81e-7b58534bcf09] |   [0] role=system
      content: You are a research assistant. Answer ONLY from retrieved chunks — never from memory.

HARD LIMITS (enforced by the system — do not test them):
- retrieve_documents: max 5 calls total. Stop at 3 if results are poor.
- Never repeat a query already tried. Never generate two queries with identical words.
- If the knowledge base has no answer after 3 tries, say: "The knowledge base does not contain information about [topic]."
- Never fabricate facts.

TOOLS (these are the ONLY tools available to you):
- retrieve_documents(query): searches documents and learned QA separately.
- compress_context(): i...

  [1] role=user
      content: What can u tell me about ASD?

2026-07-10 12:00:06 | DEBUG    | agent_query | [52820541-a502-4b63-b81e-7b58534bcf09] |   Tool schemas: ['retrieve_documents', 'compress_context']
2026-07-10 12:00:06 | DEBUG    | agent_query | [52820541-a502-4b63-b81e-7b58534bcf09] | ══════════════════════════════════════════════════════════════════════
2026-07-10 12:00:06 | DEBUG    | llm_caller | [52820541-a502-4b63-b81e-7b58534bcf09] |   [AGENT-RETRIEVE] entering FIFO gate…
2026-07-10 12:00:06 | DEBUG    | llm_caller | [52820541-a502-4b63-b81e-7b58534bcf09] |   [AGENT-RETRIEVE] invoking LLM (attempt 1/3)…
2026-07-10 12:00:06 | DEBUG    | openai._base_client | [-] | Request options: {'method': 'post', 'url': '/chat/completions', 'headers': {'X-Stainless-Raw-Response': 'true'}, 'files': None, 'idempotency_key': 'stainless-python-retry-22f29fcf-4362-4e70-8c37-ed953d038df3', 'security': {'bearer_auth': True}, 'content': None, 'json_data': {'messages': [{'content': 'You are a research assistant. Answer ONLY from retrieved chunks — never from memory.\n\nHARD LIMITS (enforced by the system — do not test them):\n- retrieve_documents: max 5 calls total. Stop at 3 if results are poor.\n- Never repeat a query already tried. Never generate two queries with identical words.\n- If the knowledge base has no answer after 3 tries, say: "The knowledge base does not contain information about [topic]."\n- Never fabricate facts.\n\nTOOLS (these are the ONLY tools available to you):\n- retrieve_documents(query): searches documents and learned QA separately.\n- compress_context(): independently consolidates the document and learned-QA\n  tracks (NAC → DC → LBC). Takes no arguments. The system remembers both.\n\nCONFLICT RULE:\n- Use both context tracks. If learned QA conflicts with document context,\n  prefer learned QA.\n\nNOTE: Drafting, quality-checking, and final-answer generation are handled by\nthe system AFTER compress_context returns. Do NOT try to write the final answer\nin the same turn as your tool calls — your job is to drive retrieval and\ntrigger compression. The system will handle the remaining answer stages.\n\n\nBLOCKED QUERY VARIANTS — These exact phrasings retrieved 0 useful chunks the last time this question was asked. Do NOT reuse them under any circumstances. Generate different, semantically distinct reformulations:\n  - "What can u tell me about ASD?"\n  - "ASD information that was vague or imprecise"\n  - "ASD information"\n  - "Autism Spectrum Disorder facts"\n  - "ASD symptoms and causes"\n\nUSER-FLAGGED PRIOR FAILURE — This same question (or a near-identical one) was asked before and the user explicitly marked the answer as bad. Below is what went wrong last time, including the exact query reformulations that were tried and the chunks they retrieved.\n  1. AVOID re-using the same query reformulations — they led to a bad answer.\n  2. AVOID grounding your answer in the same chunks unless you can clearly interpret them differently.\n  3. Try genuinely different angles, vocabulary, and sub-topics.\n\n--- Prior failure #1 ---\nOriginal query : What can u tell me about ASD?\nUser feedback  : The answer missed some information I believe.\nBad answer was : Autism Spectrum Disorder (ASD) is a complex neurodevelopmental disorder characterized by deficits in social communication and the presence of restricted interests and repetitive behaviors [Source: learned_qa]. The Diagnostic and Statistical Manual of Mental Disorders—5th edition (DSM-5) updated the ...\nReformulations that were tried (DO NOT REUSE):\n  - "ASD information"\n      retrieved learned_qa [learned_qa]: Q: How does the Diagnostic and Statistical Manual of Mental Disorders—5th edition (DSM-5) define ASD? A: Autism spectrum disorder (ASD) is a neurodevelopmental disorder characterized by deficits in so...\n      retrieved learned_qa [learned_qa]: Q: What are the key characteristics of ASD in the context of engineering and technology? A: ASD is characterized by challenges in social communication, restricted interests, repetitive behaviors, and ...\n      retrieved documents [C:\\Users\\LOQ\\Desktop\\Projects\\RAG-work\\data\\json\\asd_information.json]: Autism Spectrum Disorder (ASD) is a neurodevelopmental condition characterized by differences in communication, social interaction, behavior patterns, and sensory processing.\n      retrieved documents [..\\data\\pdfs\\Autism spectrum disorder definition, epidemiology, causes, and clinical evaluation.pdf]: Autism spectrum disorder (ASD) is a neurodevelopmental disorder characterized by deficits in social communication and the presence of restricted interests and repetitive behaviors (1). In 2013, the Di...\n  - "Autism Spectrum Disorder facts"\n      retrieved learned_qa [learned_qa]: Q: What are some common characteristics and co-occurring conditions associated with Autism Spectrum Disorder (ASD)? A: Individuals with ASD may experience difficulties with verbal and nonverbal commun...\n      retrieved learned_qa [learned_qa]: Q: What are some common characteristics and challenges experienced by individuals with Autism Spectrum Disorder (ASD)? A: Individuals with ASD may experience difficulties with verbal and nonverbal com...\n      retrieved documents [..\\data\\pdfs\\Autism spectrum disorder definition, epidemiology, causes, and clinical evaluation.pdf]: 11. de Giambattista C, Ventura P, Trerotoli P, et al. Subtyping the autism spectrum disorder: comparison of children with high functioning autism and asperger syndrome. J Autism Dev Disord 2019;49:138...\n      retrieved documents [..\\data\\pdfs\\Autism spectrum disorder definition, epidemiology, causes, and clinical evaluation.pdf]: 53. Saxena A, Chahrour M. Autism spectrum disorder. In: Ginsburg GS, Willard HF, David SP. editors. Genomic and precision medicine: primary care. Cambridge: Academic Press, 2017:301-16.\n  - "ASD symptoms and causes"\n      retrieved learned_qa [learned_qa]: Q: What are some common co-occurring conditions with ASD? A: ASD can co-occur with other conditions, such as anxiety, ADHD, epilepsy, sleep disorders, or gastrointestinal issues. GI disorders or GI sy...\n      retrieved learned_qa [learned_qa]: Q: What are some common co-occurring conditions experienced by individuals with ASD? A: Many ASD patients experience co-occurring conditions such as anxiety, ADHD, epilepsy, sleep disorders, or gastro...\n      retrieved documents [..\\data\\word\\ASD_Patient_Management_Handbook.docx]: Patients with ASD may experience difficulties with verbal and nonverbal communication, changes in routine, social interactions, emotional regulation, and sensory processing. Some individuals may avoid...\n      retrieved documents [..\\data\\word\\ASD_Patient_Management_Handbook.docx]: Many ASD patients experience co-occurring conditions such as anxiety, ADHD, epilepsy, sleep disorders, or gastrointestinal issues. Healthcare providers should use patient-centered approaches and consi...\n\n--- Prior failure #2 ---\nOriginal query : what can u tell me about ASD?\nUser feedback  : there was no precise information and it was very vague\nBad answer was : Autism Spectrum Disorder (ASD) is a complex neurodevelopmental condition characterized by challenges in social communication, restricted interests, repetitive behaviors, and sensory sensitivities [Source: learned_qa]. Individuals with ASD may experience difficulties with verbal and nonverbal communi...\n\n\nPROCESS (follow in this exact order — do NOT batch tool calls):\n1. FIRST, call retrieve_documents 2-3 times with SHORT, semantically different queries.\n   Wait for results before doing anything else. Do NOT call compress_context yet.\n   GOOD: short noun-phrase queries from different angles of the topic.\n   BAD:  rephrasings of the same angle ("what causes X", "X causes", "causes of X") — forbidden.\n2. If results are insufficient → one more rephrased query, then stop retrieving.\n3. AFTER retrieval is finished, call compress_context() ONCE with no arguments.\n   This consolidates and deduplicates the learned-QA and document tracks\n   separately. The raw retrieve_documents results will be removed from the chat\n   after this — the compress_context tool result is your sole context from that\n   point on. If the tracks conflict, prefer learned QA.\n4. After compress_context returns, STOP emitting tool calls. In separate turns\n   with no tools available, the system will handle any configured draft and\n   quality-check stages, then generate the final answer from the compressed\n   context. If the system reports a draft is insufficient, it will give you\n   another retrieval round — use it to try genuinely different query angles.\n\nOUTPUT FORMAT (final-answer turn only):\n- Plain prose paragraphs. No headings, no bullet lists, no markdown.\n- Citations appear ONLY inline within sentences as [Source: filename]. Never as a trailing list.\n- Max 400 words. Stop when the question is answered — do not pad or restate.\n- Do not repeat the same sentence or citation twice.\n\n\nPRIORITY — USER FEEDBACK MUST BE ADDRESSED\nThe user previously flagged an answer to this exact question as bad and told you specifically what was missing or wrong:\n  - "The answer missed some information I believe."\n  - "there was no precise information and it was very vague"\n\nYou MUST generate at least one retrieve_documents query that directly targets the topics or facts described in this feedback. Do not treat this as a passive hint — it is your primary retrieval objective.', 'role': 'system'}, {'content': 'What can u tell me about ASD?', 'role': 'user'}], 'model': 'llama-3.1-8b-instruct', 'max_completion_tokens': 2048, 'stream': False, 'temperature': 0.1, 'tools': [{'type': 'function', 'function': {'name': 'retrieve_documents', 'description': 'Search documents and learned QA separately for chunks relevant to a query. Learned QA is high priority if it conflicts with documents. Call this 2–3 times first with semantically different queries. Stop retrieving once you have enough material, then call compress_context to consolidate what you have.', 'parameters': {'type': 'object', 'properties': {'query': {'type': 'string', 'description': 'The search query.'}}, 'required': ['query']}}}, {'type': 'function', 'function': {'name': 'compress_context', 'description': 'Consolidate the document and learned-QA tracks independently (NAC → DC → LBC), then return both with learned-QA precedence. Call this EXACTLY ONCE, AFTER your retrieve_documents calls are done. Takes no arguments. The system uses the chunks it has accumulated for you. Returns the compressed context as the tool result; raw retrieve_documents results are scrubbed from the chat once this runs. After this returns, the system will handle the remaining answer stages for you — do NOT emit a final answer yourself in the same turn.', 'parameters': {'type': 'object', 'properties': {}, 'required': []}}}]}}
2026-07-10 12:00:06 | DEBUG    | openai._base_client | [-] | Sending HTTP Request: POST http://192.168.1.14:3001/v1/chat/completions
2026-07-10 12:00:06 | DEBUG    | httpcore.connection | [-] | connect_tcp.started host='192.168.1.14' port=3001 local_address=None timeout=None socket_options=[(65535, 8, 1)]
2026-07-10 12:00:07 | DEBUG    | langsmith.client | [-] | Sending compressed multipart request with context: trace=019f4ad3-3d3a-7542-8418-38579a901dbf,id=019f4ad3-3d3a-7542-8418-38579a901dbf; trace=019f4ad3-8f85-7412-83a0-509fa0bd16ab,id=019f4ad3-8f85-7412-83a0-509fa0bd16ab
2026-07-10 12:00:07 | DEBUG    | urllib3.connectionpool | [-] | https://api.smith.langchain.com:443 "POST /runs/multipart HTTP/1.1" 202 34
2026-07-10 12:00:10 | DEBUG    | pymongo.topology | [-] | {"message": "Server heartbeat succeeded", "topologyId": {"$oid": "6a5098207ed0335a726f9a3b"}, "driverConnectionId": 1, "serverConnectionId": 681, "serverHost": "127.0.0.1", "serverPort": 27017, "awaited": true, "durationMS": 10000.407800078392, "reply": "{\"topologyVersion\": {\"processId\": {\"$oid\": \"6a3fd41052acd7f2883b377a\"}, \"counter\": 6}, \"hosts\": [\"127.0.0.1:27017\"], \"setName\": \"rs0\", \"setVersion\": 1, \"isWritablePrimary\": true, \"primary\": \"127.0.0.1:27017\", \"me\": \"127.0.0.1:27017\", \"electionId\": {\"$oid\": \"7fffffff0000000000000001\"}, \"lastWrite\": {\"opTime\": {\"ts\": {\"$timestamp\": {\"t\": 1783666803, \"i\": 1}}, \"t\": 1}, \"lastWriteDate\": {\"$date\": \"2026-07-10T07:00:03Z\"}, \"majorityOpTime\": {\"ts\": {\"$timestamp\": {\"t\": 1783666803, \"i\": 1}}, \"t\": 1}, \"majorityWriteDate\": {\"$date\": \"2026-07-10T07:00:03Z\"}}, \"maxBsonObjectSize\": 16777216, \"maxMessageSizeBytes\": 48000000, \"maxWriteBatchSize\": 100000, \"localTime\": {\"$date\": \"2026-07-10T07:00:10.209Z\"}, \"logicalSessionTimeoutMinutes\": 30, \"connectionId\": 681, \"maxWireVersion\": 28, \"ok\": 1.0, \"$clusterTime\": {\"clusterTime\": {\"$timestamp\": {\"t\": 1783666803, \"i\": 1}}, \"signature\": {\"hash\": {\"$binary\": {\"base64\": \"AAAAAAAAAAAAAAAAAAAAAAAAAAA=\", \"subType\": \"00\"}}}}, \"operationTime\": {\"$timestamp\": {\"t\":..."}
2026-07-10 12:00:10 | DEBUG    | pymongo.topology | [-] | {"message": "Server heartbeat started", "topologyId": {"$oid": "6a5098207ed0335a726f9a3b"}, "driverConnectionId": 1, "serverConnectionId": 681, "serverHost": "127.0.0.1", "serverPort": 27017, "awaited": true}
2026-07-10 12:00:20 | DEBUG    | pymongo.topology | [-] | {"message": "Server heartbeat succeeded", "topologyId": {"$oid": "6a5098207ed0335a726f9a3b"}, "driverConnectionId": 1, "serverConnectionId": 681, "serverHost": "127.0.0.1", "serverPort": 27017, "awaited": true, "durationMS": 9999.814399983734, "reply": "{\"topologyVersion\": {\"processId\": {\"$oid\": \"6a3fd41052acd7f2883b377a\"}, \"counter\": 6}, \"hosts\": [\"127.0.0.1:27017\"], \"setName\": \"rs0\", \"setVersion\": 1, \"isWritablePrimary\": true, \"primary\": \"127.0.0.1:27017\", \"me\": \"127.0.0.1:27017\", \"electionId\": {\"$oid\": \"7fffffff0000000000000001\"}, \"lastWrite\": {\"opTime\": {\"ts\": {\"$timestamp\": {\"t\": 1783666813, \"i\": 1}}, \"t\": 1}, \"lastWriteDate\": {\"$date\": \"2026-07-10T07:00:13Z\"}, \"majorityOpTime\": {\"ts\": {\"$timestamp\": {\"t\": 1783666813, \"i\": 1}}, \"t\": 1}, \"majorityWriteDate\": {\"$date\": \"2026-07-10T07:00:13Z\"}}, \"maxBsonObjectSize\": 16777216, \"maxMessageSizeBytes\": 48000000, \"maxWriteBatchSize\": 100000, \"localTime\": {\"$date\": \"2026-07-10T07:00:20.209Z\"}, \"logicalSessionTimeoutMinutes\": 30, \"connectionId\": 681, \"maxWireVersion\": 28, \"ok\": 1.0, \"$clusterTime\": {\"clusterTime\": {\"$timestamp\": {\"t\": 1783666813, \"i\": 1}}, \"signature\": {\"hash\": {\"$binary\": {\"base64\": \"AAAAAAAAAAAAAAAAAAAAAAAAAAA=\", \"subType\": \"00\"}}}}, \"operationTime\": {\"$timestamp\": {\"t\":..."}
2026-07-10 12:00:20 | DEBUG    | pymongo.topology | [-] | {"message": "Server heartbeat started", "topologyId": {"$oid": "6a5098207ed0335a726f9a3b"}, "driverConnectionId": 1, "serverConnectionId": 681, "serverHost": "127.0.0.1", "serverPort": 27017, "awaited": true}
2026-07-10 12:00:27 | DEBUG    | httpcore.connection | [-] | connect_tcp.failed exception=ConnectTimeout(TimeoutError(10060, 'A connection attempt failed because the connected party did not properly respond after a period of time, or established connection failed because connected host has failed to respond', None, 10060, None))
2026-07-10 12:00:27 | DEBUG    | openai._base_client | [-] | Encountered httpx.TimeoutException
Traceback (most recent call last):
  File "C:\Users\LOQ\Desktop\Projects\Memora\.venv\Lib\site-packages\httpx\_transports\default.py", line 101, in map_httpcore_exceptions
    yield
  File "C:\Users\LOQ\Desktop\Projects\Memora\.venv\Lib\site-packages\httpx\_transports\default.py", line 250, in handle_request
    resp = self._pool.handle_request(req)
  File "C:\Users\LOQ\Desktop\Projects\Memora\.venv\Lib\site-packages\httpcore\_sync\connection_pool.py", line 256, in handle_request
    raise exc from None
  File "C:\Users\LOQ\Desktop\Projects\Memora\.venv\Lib\site-packages\httpcore\_sync\connection_pool.py", line 236, in handle_request
    response = connection.handle_request(
        pool_request.request
    )
  File "C:\Users\LOQ\Desktop\Projects\Memora\.venv\Lib\site-packages\httpcore\_sync\connection.py", line 101, in handle_request
    raise exc
  File "C:\Users\LOQ\Desktop\Projects\Memora\.venv\Lib\site-packages\httpcore\_sync\connection.py", line 78, in handle_request
    stream = self._connect(request)
  File "C:\Users\LOQ\Desktop\Projects\Memora\.venv\Lib\site-packages\httpcore\_sync\connection.py", line 124, in _connect
    stream = self._network_backend.connect_tcp(**kwargs)
  File "C:\Users\LOQ\Desktop\Projects\Memora\.venv\Lib\site-packages\httpcore\_backends\sync.py", line 207, in connect_tcp
    with map_exceptions(exc_map):
         ~~~~~~~~~~~~~~^^^^^^^^^
  File "C:\Program Files\Python314\Lib\contextlib.py", line 162, in __exit__
    self.gen.throw(value)
    ~~~~~~~~~~~~~~^^^^^^^
  File "C:\Users\LOQ\Desktop\Projects\Memora\.venv\Lib\site-packages\httpcore\_exceptions.py", line 14, in map_exceptions
    raise to_exc(exc) from exc
httpcore.ConnectTimeout: [WinError 10060] A connection attempt failed because the connected party did not properly respond after a period of time, or established connection failed because connected host has failed to respond

The above exception was the direct cause of the following exception:

Traceback (most recent call last):
  File "C:\Users\LOQ\Desktop\Projects\Memora\.venv\Lib\site-packages\openai\_base_client.py", line 1037, in request
    response = self._send_request(
        request,
        stream=stream or self._should_stream_response_body(request=request),
        **kwargs,
    )
  File "C:\Users\LOQ\Desktop\Projects\Memora\.venv\Lib\site-packages\openai\_client.py", line 440, in _send_request
    return self._send_with_auth_retry(request, stream=stream, **kwargs)
           ~~~~~~~~~~~~~~~~~~~~~~~~~~^^^^^^^^^^^^^^^^^^^^^^^^^^^^^^^^^^
  File "C:\Users\LOQ\Desktop\Projects\Memora\.venv\Lib\site-packages\openai\_client.py", line 418, in _send_with_auth_retry
    response = super()._send_request(request, stream=stream, **kwargs)
  File "C:\Users\LOQ\Desktop\Projects\Memora\.venv\Lib\site-packages\openai\_base_client.py", line 964, in _send_request
    return self._client.send(request, stream=stream, **kwargs)
           ~~~~~~~~~~~~~~~~~^^^^^^^^^^^^^^^^^^^^^^^^^^^^^^^^^^
  File "C:\Users\LOQ\Desktop\Projects\Memora\.venv\Lib\site-packages\httpx\_client.py", line 914, in send
    response = self._send_handling_auth(
        request,
    ...<2 lines>...
        history=[],
    )
  File "C:\Users\LOQ\Desktop\Projects\Memora\.venv\Lib\site-packages\httpx\_client.py", line 942, in _send_handling_auth
    response = self._send_handling_redirects(
        request,
        follow_redirects=follow_redirects,
        history=history,
    )
  File "C:\Users\LOQ\Desktop\Projects\Memora\.venv\Lib\site-packages\httpx\_client.py", line 979, in _send_handling_redirects
    response = self._send_single_request(request)
  File "C:\Users\LOQ\Desktop\Projects\Memora\.venv\Lib\site-packages\httpx\_client.py", line 1014, in _send_single_request
    response = transport.handle_request(request)
  File "C:\Users\LOQ\Desktop\Projects\Memora\.venv\Lib\site-packages\httpx\_transports\default.py", line 249, in handle_request
    with map_httpcore_exceptions():
         ~~~~~~~~~~~~~~~~~~~~~~~^^
  File "C:\Program Files\Python314\Lib\contextlib.py", line 162, in __exit__
    self.gen.throw(value)
    ~~~~~~~~~~~~~~^^^^^^^
  File "C:\Users\LOQ\Desktop\Projects\Memora\.venv\Lib\site-packages\httpx\_transports\default.py", line 118, in map_httpcore_exceptions
    raise mapped_exc(message) from exc
httpx.ConnectTimeout: [WinError 10060] A connection attempt failed because the connected party did not properly respond after a period of time, or established connection failed because connected host has failed to respond
2026-07-10 12:00:27 | DEBUG    | openai._base_client | [-] | Raising timeout error
2026-07-10 12:00:27 | DEBUG    | openinference.instrumentation.langchain._tracer | [-] | Extracted message role from id field: system
2026-07-10 12:00:27 | DEBUG    | openinference.instrumentation.langchain._tracer | [-] | Extracted message role from id field: user
2026-07-10 12:00:27 | ERROR    | llm_caller | [52820541-a502-4b63-b81e-7b58534bcf09] | [AGENT-RETRIEVE] openai.APITimeoutError: Request timed out.
2026-07-10 12:00:27 | DEBUG    | llm_caller | [52820541-a502-4b63-b81e-7b58534bcf09] |   [AGENT-RETRIEVE] LLM call attempt 1 took 21.064s
2026-07-10 12:00:27 | DEBUG    | llm_caller | [52820541-a502-4b63-b81e-7b58534bcf09] | [LLM] could not extract rate-limit headers — cooldown base will be 0
2026-07-10 12:00:27 | WARNING  | agent_query | [52820541-a502-4b63-b81e-7b58534bcf09] |   [AGENT] transient error (TIMEOUT) — retrying
2026-07-10 12:00:27 | DEBUG    | pymongo.serverSelection | [52820541-a502-4b63-b81e-7b58534bcf09] | {"message": "Server selection started", "selector": "<function writable_server_selector at 0x00000166D1092560>", "operation": "insert", "topologyDescription": "<TopologyDescription id: 6a5098207ed0335a726f9a3b, topology_type: ReplicaSetWithPrimary, servers: [<ServerDescription ('127.0.0.1', 27017) server_type: RSPrimary, rtt: 0.0005586051302832605>]>", "clientId": {"$oid": "6a5098207ed0335a726f9a3b"}}
2026-07-10 12:00:27 | DEBUG    | pymongo.serverSelection | [52820541-a502-4b63-b81e-7b58534bcf09] | {"message": "Server selection succeeded", "selector": "<function writable_server_selector at 0x00000166D1092560>", "operation": "insert", "topologyDescription": "<TopologyDescription id: 6a5098207ed0335a726f9a3b, topology_type: ReplicaSetWithPrimary, servers: [<ServerDescription ('127.0.0.1', 27017) server_type: RSPrimary, rtt: 0.0005586051302832605>]>", "clientId": {"$oid": "6a5098207ed0335a726f9a3b"}, "serverHost": "127.0.0.1", "serverPort": 27017}
2026-07-10 12:00:27 | DEBUG    | pymongo.connection | [52820541-a502-4b63-b81e-7b58534bcf09] | {"message": "Connection checkout started", "clientId": {"$oid": "6a5098207ed0335a726f9a3b"}, "serverHost": "127.0.0.1", "serverPort": 27017}
2026-07-10 12:00:27 | DEBUG    | pymongo.connection | [52820541-a502-4b63-b81e-7b58534bcf09] | {"message": "Connection checked out", "clientId": {"$oid": "6a5098207ed0335a726f9a3b"}, "serverHost": "127.0.0.1", "serverPort": 27017, "driverConnectionId": 1, "durationMS": 8.430005982518196e-05}
2026-07-10 12:00:27 | DEBUG    | pymongo.command | [52820541-a502-4b63-b81e-7b58534bcf09] | {"message": "Command started", "clientId": {"$oid": "6a5098207ed0335a726f9a3b"}, "command": "{\"insert\": \"feedback_interactions\", \"ordered\": true, \"lsid\": {\"id\": {\"$binary\": {\"base64\": \"qtvv0M/XSfq2GT5fIlnfSA==\", \"subType\": \"04\"}}}, \"txnNumber\": 1, \"$clusterTime\": {\"clusterTime\": {\"$timestamp\": {\"t\": 1783666733, \"i\": 1}}, \"signature\": {\"hash\": {\"$binary\": {\"base64\": \"AAAAAAAAAAAAAAAAAAAAAAAAAAA=\", \"subType\": \"00\"}}}}, \"$db\": \"rag_db\", \"documents\": [{\"ts\": \"2026-07-10T07:00:27.725627+00:00\", \"request_id\": \"52820541-a502-4b63-b81e-7b58534bcf09\", \"query\": \"What can u tell me about ASD?\", \"answer\": \"Max iterations reached without a confident answer.\", \"quality\": \"INSUFFICIENT\", \"_id\": {\"$oid\": \"6a50988b7ed0335a726f9a3c\"}}]}", "commandName": "insert", "databaseName": "rag_db", "requestId": 24464, "operationId": 24464, "driverConnectionId": 1, "serverConnectionId": 683, "serverHost": "127.0.0.1", "serverPort": 27017}
2026-07-10 12:00:27 | DEBUG    | pymongo.command | [52820541-a502-4b63-b81e-7b58534bcf09] | {"message": "Command succeeded", "clientId": {"$oid": "6a5098207ed0335a726f9a3b"}, "durationMS": 8.889, "reply": "{\"n\": 1, \"electionId\": {\"$oid\": \"7fffffff0000000000000001\"}, \"opTime\": {\"ts\": {\"$timestamp\": {\"t\": 1783666827, \"i\": 1}}, \"t\": 1}, \"ok\": 1.0, \"$clusterTime\": {\"clusterTime\": {\"$timestamp\": {\"t\": 1783666827, \"i\": 1}}, \"signature\": {\"hash\": {\"$binary\": {\"base64\": \"AAAAAAAAAAAAAAAAAAAAAAAAAAA=\", \"subType\": \"00\"}}}}, \"operationTime\": {\"$timestamp\": {\"t\": 1783666827, \"i\": 1}}}", "commandName": "insert", "databaseName": "rag_db", "requestId": 24464, "operationId": 24464, "driverConnectionId": 1, "serverConnectionId": 683, "serverHost": "127.0.0.1", "serverPort": 27017}
2026-07-10 12:00:27 | DEBUG    | pymongo.connection | [52820541-a502-4b63-b81e-7b58534bcf09] | {"message": "Connection checked in", "clientId": {"$oid": "6a5098207ed0335a726f9a3b"}, "serverHost": "127.0.0.1", "serverPort": 27017, "driverConnectionId": 1}
2026-07-10 12:00:27 | DEBUG    | feedback_store | [52820541-a502-4b63-b81e-7b58534bcf09] | Interaction logged to MongoDB: request_id=52820541-a502-4b63-b81e-7b58534bcf09 quality=INSUFFICIENT
2026-07-10 12:00:27 | DEBUG    | pymongo.serverSelection | [-] | {"message": "Server selection started", "selector": "Primary()", "operation": "count", "topologyDescription": "<TopologyDescription id: 6a5098207ed0335a726f9a3b, topology_type: ReplicaSetWithPrimary, servers: [<ServerDescription ('127.0.0.1', 27017) server_type: RSPrimary, rtt: 0.0005586051302832605>]>", "clientId": {"$oid": "6a5098207ed0335a726f9a3b"}}
2026-07-10 12:00:27 | DEBUG    | pymongo.serverSelection | [-] | {"message": "Server selection succeeded", "selector": "Primary()", "operation": "count", "topologyDescription": "<TopologyDescription id: 6a5098207ed0335a726f9a3b, topology_type: ReplicaSetWithPrimary, servers: [<ServerDescription ('127.0.0.1', 27017) server_type: RSPrimary, rtt: 0.0005586051302832605>]>", "clientId": {"$oid": "6a5098207ed0335a726f9a3b"}, "serverHost": "127.0.0.1", "serverPort": 27017}
2026-07-10 12:00:27 | DEBUG    | pymongo.connection | [-] | {"message": "Connection checkout started", "clientId": {"$oid": "6a5098207ed0335a726f9a3b"}, "serverHost": "127.0.0.1", "serverPort": 27017}
2026-07-10 12:00:27 | DEBUG    | pymongo.connection | [-] | {"message": "Connection checked out", "clientId": {"$oid": "6a5098207ed0335a726f9a3b"}, "serverHost": "127.0.0.1", "serverPort": 27017, "driverConnectionId": 1, "durationMS": 6.659980863332748e-05}
2026-07-10 12:00:27 | DEBUG    | pymongo.command | [-] | {"message": "Command started", "clientId": {"$oid": "6a5098207ed0335a726f9a3b"}, "command": "{\"aggregate\": \"feedback_interactions\", \"pipeline\": [{\"$group\": {\"_id\": 1, \"n\": {\"$sum\": 1}}}], \"lsid\": {\"id\": {\"$binary\": {\"base64\": \"qtvv0M/XSfq2GT5fIlnfSA==\", \"subType\": \"04\"}}}, \"$clusterTime\": {\"clusterTime\": {\"$timestamp\": {\"t\": 1783666827, \"i\": 1}}, \"signature\": {\"hash\": {\"$binary\": {\"base64\": \"AAAAAAAAAAAAAAAAAAAAAAAAAAA=\", \"subType\": \"00\"}}}}, \"$db\": \"rag_db\"}", "commandName": "aggregate", "databaseName": "rag_db", "requestId": 5705, "operationId": 5705, "driverConnectionId": 1, "serverConnectionId": 683, "serverHost": "127.0.0.1", "serverPort": 27017}
2026-07-10 12:00:27 | DEBUG    | pymongo.command | [-] | {"message": "Command succeeded", "clientId": {"$oid": "6a5098207ed0335a726f9a3b"}, "durationMS": 1.463, "reply": "{\"cursor\": {\"firstBatch\": [{\"_id\": 1, \"n\": 341}], \"ns\": \"rag_db.feedback_interactions\"}, \"ok\": 1.0, \"$clusterTime\": {\"clusterTime\": {\"$timestamp\": {\"t\": 1783666827, \"i\": 1}}, \"signature\": {\"hash\": {\"$binary\": {\"base64\": \"AAAAAAAAAAAAAAAAAAAAAAAAAAA=\", \"subType\": \"00\"}}}}, \"operationTime\": {\"$timestamp\": {\"t\": 1783666827, \"i\": 1}}}", "commandName": "aggregate", "databaseName": "rag_db", "requestId": 5705, "operationId": 5705, "driverConnectionId": 1, "serverConnectionId": 683, "serverHost": "127.0.0.1", "serverPort": 27017}
2026-07-10 12:00:27 | DEBUG    | pymongo.connection | [-] | {"message": "Connection checked in", "clientId": {"$oid": "6a5098207ed0335a726f9a3b"}, "serverHost": "127.0.0.1", "serverPort": 27017, "driverConnectionId": 1}
2026-07-10 12:00:27 | DEBUG    | pymongo.serverSelection | [-] | {"message": "Server selection started", "selector": "Primary()", "operation": "count", "topologyDescription": "<TopologyDescription id: 6a5098207ed0335a726f9a3b, topology_type: ReplicaSetWithPrimary, servers: [<ServerDescription ('127.0.0.1', 27017) server_type: RSPrimary, rtt: 0.0005586051302832605>]>", "clientId": {"$oid": "6a5098207ed0335a726f9a3b"}}
2026-07-10 12:00:27 | DEBUG    | pymongo.serverSelection | [-] | {"message": "Server selection succeeded", "selector": "Primary()", "operation": "count", "topologyDescription": "<TopologyDescription id: 6a5098207ed0335a726f9a3b, topology_type: ReplicaSetWithPrimary, servers: [<ServerDescription ('127.0.0.1', 27017) server_type: RSPrimary, rtt: 0.0005586051302832605>]>", "clientId": {"$oid": "6a5098207ed0335a726f9a3b"}, "serverHost": "127.0.0.1", "serverPort": 27017}
2026-07-10 12:00:27 | DEBUG    | pymongo.connection | [-] | {"message": "Connection checkout started", "clientId": {"$oid": "6a5098207ed0335a726f9a3b"}, "serverHost": "127.0.0.1", "serverPort": 27017}
2026-07-10 12:00:27 | DEBUG    | pymongo.connection | [-] | {"message": "Connection checked out", "clientId": {"$oid": "6a5098207ed0335a726f9a3b"}, "serverHost": "127.0.0.1", "serverPort": 27017, "driverConnectionId": 1, "durationMS": 5.170004442334175e-05}
2026-07-10 12:00:27 | DEBUG    | pymongo.command | [-] | {"message": "Command started", "clientId": {"$oid": "6a5098207ed0335a726f9a3b"}, "command": "{\"aggregate\": \"feedback_interactions\", \"pipeline\": [{\"$match\": {\"quality\": \"OK\"}}, {\"$group\": {\"_id\": 1, \"n\": {\"$sum\": 1}}}], \"lsid\": {\"id\": {\"$binary\": {\"base64\": \"qtvv0M/XSfq2GT5fIlnfSA==\", \"subType\": \"04\"}}}, \"$clusterTime\": {\"clusterTime\": {\"$timestamp\": {\"t\": 1783666827, \"i\": 1}}, \"signature\": {\"hash\": {\"$binary\": {\"base64\": \"AAAAAAAAAAAAAAAAAAAAAAAAAAA=\", \"subType\": \"00\"}}}}, \"$db\": \"rag_db\"}", "commandName": "aggregate", "databaseName": "rag_db", "requestId": 28145, "operationId": 28145, "driverConnectionId": 1, "serverConnectionId": 683, "serverHost": "127.0.0.1", "serverPort": 27017}
2026-07-10 12:00:27 | DEBUG    | pymongo.command | [-] | {"message": "Command succeeded", "clientId": {"$oid": "6a5098207ed0335a726f9a3b"}, "durationMS": 1.3639999999999999, "reply": "{\"cursor\": {\"firstBatch\": [{\"_id\": 1, \"n\": 215}], \"ns\": \"rag_db.feedback_interactions\"}, \"ok\": 1.0, \"$clusterTime\": {\"clusterTime\": {\"$timestamp\": {\"t\": 1783666827, \"i\": 1}}, \"signature\": {\"hash\": {\"$binary\": {\"base64\": \"AAAAAAAAAAAAAAAAAAAAAAAAAAA=\", \"subType\": \"00\"}}}}, \"operationTime\": {\"$timestamp\": {\"t\": 1783666827, \"i\": 1}}}", "commandName": "aggregate", "databaseName": "rag_db", "requestId": 28145, "operationId": 28145, "driverConnectionId": 1, "serverConnectionId": 683, "serverHost": "127.0.0.1", "serverPort": 27017}
2026-07-10 12:00:27 | DEBUG    | pymongo.connection | [-] | {"message": "Connection checked in", "clientId": {"$oid": "6a5098207ed0335a726f9a3b"}, "serverHost": "127.0.0.1", "serverPort": 27017, "driverConnectionId": 1}
2026-07-10 12:00:28 | DEBUG    | langsmith.client | [-] | Sending compressed multipart request with context: trace=019f4ad3-8f85-7412-83a0-509fa0bd16ab,id=019f4ad3-8f85-7412-83a0-509fa0bd16ab
2026-07-10 12:00:28 | DEBUG    | urllib3.connectionpool | [-] | https://api.smith.langchain.com:443 "POST /runs/multipart HTTP/1.1" 202 34
2026-07-10 12:00:30 | DEBUG    | pymongo.topology | [-] | {"message": "Server heartbeat succeeded", "topologyId": {"$oid": "6a5098207ed0335a726f9a3b"}, "driverConnectionId": 1, "serverConnectionId": 681, "serverHost": "127.0.0.1", "serverPort": 27017, "awaited": true, "durationMS": 10000.738200033084, "reply": "{\"topologyVersion\": {\"processId\": {\"$oid\": \"6a3fd41052acd7f2883b377a\"}, \"counter\": 6}, \"hosts\": [\"127.0.0.1:27017\"], \"setName\": \"rs0\", \"setVersion\": 1, \"isWritablePrimary\": true, \"primary\": \"127.0.0.1:27017\", \"me\": \"127.0.0.1:27017\", \"electionId\": {\"$oid\": \"7fffffff0000000000000001\"}, \"lastWrite\": {\"opTime\": {\"ts\": {\"$timestamp\": {\"t\": 1783666827, \"i\": 1}}, \"t\": 1}, \"lastWriteDate\": {\"$date\": \"2026-07-10T07:00:27Z\"}, \"majorityOpTime\": {\"ts\": {\"$timestamp\": {\"t\": 1783666827, \"i\": 1}}, \"t\": 1}, \"majorityWriteDate\": {\"$date\": \"2026-07-10T07:00:27Z\"}}, \"maxBsonObjectSize\": 16777216, \"maxMessageSizeBytes\": 48000000, \"maxWriteBatchSize\": 100000, \"localTime\": {\"$date\": \"2026-07-10T07:00:30.210Z\"}, \"logicalSessionTimeoutMinutes\": 30, \"connectionId\": 681, \"maxWireVersion\": 28, \"ok\": 1.0, \"$clusterTime\": {\"clusterTime\": {\"$timestamp\": {\"t\": 1783666827, \"i\": 1}}, \"signature\": {\"hash\": {\"$binary\": {\"base64\": \"AAAAAAAAAAAAAAAAAAAAAAAAAAA=\", \"subType\": \"00\"}}}}, \"operationTime\": {\"$timestamp\": {\"t\":..."}
2026-07-10 12:00:30 | DEBUG    | pymongo.topology | [-] | {"message": "Server heartbeat started", "topologyId": {"$oid": "6a5098207ed0335a726f9a3b"}, "driverConnectionId": 1, "serverConnectionId": 681, "serverHost": "127.0.0.1", "serverPort": 27017, "awaited": true}
2026-07-10 12:00:40 | DEBUG    | pymongo.topology | [-] | {"message": "Server heartbeat succeeded", "topologyId": {"$oid": "6a5098207ed0335a726f9a3b"}, "driverConnectionId": 1, "serverConnectionId": 681, "serverHost": "127.0.0.1", "serverPort": 27017, "awaited": true, "durationMS": 9999.613200081512, "reply": "{\"topologyVersion\": {\"processId\": {\"$oid\": \"6a3fd41052acd7f2883b377a\"}, \"counter\": 6}, \"hosts\": [\"127.0.0.1:27017\"], \"setName\": \"rs0\", \"setVersion\": 1, \"isWritablePrimary\": true, \"primary\": \"127.0.0.1:27017\", \"me\": \"127.0.0.1:27017\", \"electionId\": {\"$oid\": \"7fffffff0000000000000001\"}, \"lastWrite\": {\"opTime\": {\"ts\": {\"$timestamp\": {\"t\": 1783666827, \"i\": 1}}, \"t\": 1}, \"lastWriteDate\": {\"$date\": \"2026-07-10T07:00:27Z\"}, \"majorityOpTime\": {\"ts\": {\"$timestamp\": {\"t\": 1783666827, \"i\": 1}}, \"t\": 1}, \"majorityWriteDate\": {\"$date\": \"2026-07-10T07:00:27Z\"}}, \"maxBsonObjectSize\": 16777216, \"maxMessageSizeBytes\": 48000000, \"maxWriteBatchSize\": 100000, \"localTime\": {\"$date\": \"2026-07-10T07:00:40.211Z\"}, \"logicalSessionTimeoutMinutes\": 30, \"connectionId\": 681, \"maxWireVersion\": 28, \"ok\": 1.0, \"$clusterTime\": {\"clusterTime\": {\"$timestamp\": {\"t\": 1783666827, \"i\": 1}}, \"signature\": {\"hash\": {\"$binary\": {\"base64\": \"AAAAAAAAAAAAAAAAAAAAAAAAAAA=\", \"subType\": \"00\"}}}}, \"operationTime\": {\"$timestamp\": {\"t\":..."}
2026-07-10 12:00:40 | DEBUG    | pymongo.topology | [-] | {"message": "Server heartbeat started", "topologyId": {"$oid": "6a5098207ed0335a726f9a3b"}, "driverConnectionId": 1, "serverConnectionId": 681, "serverHost": "127.0.0.1", "serverPort": 27017, "awaited": true}
2026-07-10 12:00:50 | DEBUG    | pymongo.topology | [-] | {"message": "Server heartbeat succeeded", "topologyId": {"$oid": "6a5098207ed0335a726f9a3b"}, "driverConnectionId": 1, "serverConnectionId": 681, "serverHost": "127.0.0.1", "serverPort": 27017, "awaited": true, "durationMS": 9999.925600131974, "reply": "{\"topologyVersion\": {\"processId\": {\"$oid\": \"6a3fd41052acd7f2883b377a\"}, \"counter\": 6}, \"hosts\": [\"127.0.0.1:27017\"], \"setName\": \"rs0\", \"setVersion\": 1, \"isWritablePrimary\": true, \"primary\": \"127.0.0.1:27017\", \"me\": \"127.0.0.1:27017\", \"electionId\": {\"$oid\": \"7fffffff0000000000000001\"}, \"lastWrite\": {\"opTime\": {\"ts\": {\"$timestamp\": {\"t\": 1783666843, \"i\": 1}}, \"t\": 1}, \"lastWriteDate\": {\"$date\": \"2026-07-10T07:00:43Z\"}, \"majorityOpTime\": {\"ts\": {\"$timestamp\": {\"t\": 1783666843, \"i\": 1}}, \"t\": 1}, \"majorityWriteDate\": {\"$date\": \"2026-07-10T07:00:43Z\"}}, \"maxBsonObjectSize\": 16777216, \"maxMessageSizeBytes\": 48000000, \"maxWriteBatchSize\": 100000, \"localTime\": {\"$date\": \"2026-07-10T07:00:50.211Z\"}, \"logicalSessionTimeoutMinutes\": 30, \"connectionId\": 681, \"maxWireVersion\": 28, \"ok\": 1.0, \"$clusterTime\": {\"clusterTime\": {\"$timestamp\": {\"t\": 1783666843, \"i\": 1}}, \"signature\": {\"hash\": {\"$binary\": {\"base64\": \"AAAAAAAAAAAAAAAAAAAAAAAAAAA=\", \"subType\": \"00\"}}}}, \"operationTime\": {\"$timestamp\": {\"t\":..."}
2026-07-10 12:00:50 | DEBUG    | pymongo.topology | [-] | {"message": "Server heartbeat started", "topologyId": {"$oid": "6a5098207ed0335a726f9a3b"}, "driverConnectionId": 1, "serverConnectionId": 681, "serverHost": "127.0.0.1", "serverPort": 27017, "awaited": true}
2026-07-10 12:00:55 | DEBUG    | langsmith.client | [-] | Main thread is dead, stopping compression thread
2026-07-10 12:00:55 | DEBUG    | langsmith.client | [-] | Compression thread final flush: trace_count=0
2026-07-10 12:00:55 | DEBUG    | langsmith.client | [-] | Compression thread final flush: no data to send
2026-07-10 12:00:55 | DEBUG    | langsmith.client | [-] | Compressed traces control thread is shutting down
2026-07-10 12:00:55 | DEBUG    | langsmith.client | [-] | Main thread is dead, stopping tracing thread
2026-07-10 12:00:55 | DEBUG    | langsmith.client | [-] | Tracing thread draining queue on exit: qsize=0
2026-07-10 12:00:55 | DEBUG    | langsmith.client | [-] | Tracing control thread is shutting down
2026-07-10 12:00:55 | DEBUG    | langsmith.client | [-] | Closing Client.session
2026-07-10 12:00:56 | DEBUG    | pymongo.topology | [-] | {"message": "Server heartbeat failed", "topologyId": {"$oid": "6a5098207ed0335a726f9a3b"}, "serverHost": "127.0.0.1", "serverPort": 27017, "awaited": true, "durationMS": 6125.8515999652445, "failure": "\"_OperationCancelled('operation cancelled')\"", "driverConnectionId": 1}
2026-07-10 12:00:56 | DEBUG    | httpcore.connection | [-] | close.started
2026-07-10 12:00:56 | DEBUG    | httpcore.connection | [-] | close.complete
2026-07-10 12:00:56 | DEBUG    | langsmith.client | [-] | Closing Client.session
